corpus,subtype,filename,raw_chars,cleaned_chars,chars_removed,pct_removed,raw_lines,cleaned_lines,step_fix_encoding_artifacts_chars,step_remove_speech_header_chars,step_remove_speech_footnotes_chars,step_remove_figure_references_chars,step_remove_orphaned_footnote_numbers_chars,step_normalize_whitespace_chars,step_remove_fomc_statement_header_chars,step_remove_fomc_voting_records_chars,step_remove_fomc_attendee_list_chars,step_remove_fomc_duplicate_statement_in_minutes_chars,step_remove_fomc_policy_directive_chars
fed_speeches,speech,2012-01-06_076e74ff1687.txt,30625,27404,3221,10.518,93,69,0,141.0,3080.0,0.0,0.0,0,,,,,
fed_speeches,speech,2012-01-06_dd272ca4a26f.txt,28446,27068,1378,4.844,83,69,0,156.0,1222.0,0.0,0.0,0,,,,,
fed_speeches,speech,2012-01-07_c1a101c2e7a0.txt,16888,16272,616,3.648,57,47,0,124.0,492.0,0.0,0.0,0,,,,,
fed_speeches,speech,2012-01-13_fcd51179dc5a.txt,28076,26429,1647,5.866,95,73,0,142.0,1505.0,0.0,0.0,0,,,,,
fed_speeches,speech,2012-01-16_d2a7631095b4.txt,26480,24016,2464,9.305,85,67,0,157.0,2307.0,0.0,0.0,0,,,,,
fed_speeches,speech,2012-02-16_61443d474055.txt,25278,21440,3838,15.183,83,57,0,19.0,3819.0,0.0,0.0,0,,,,,
fed_speeches,speech,2012-03-01_94c41117f3fe.txt,16965,16466,499,2.941,41,35,0,94.0,405.0,0.0,0.0,0,,,,,
fed_speeches,speech,2012-03-14_04ad6e534460.txt,9432,8804,628,6.658,51,45,0,0.0,628.0,0.0,0.0,0,,,,,
fed_speeches,speech,2012-03-23_15620f36f806.txt,4722,3536,1186,25.116,19,11,0,0.0,1186.0,0.0,0.0,0,,,,,
fed_speeches,speech,2012-03-26_72f02b8bc529.txt,30710,26170,4540,14.783,77,59,0,0.0,4367.0,173.0,0.0,0,,,,,
fed_speeches,speech,2012-03-27_e262b55d6430.txt,19693,17215,2478,12.583,67,47,0,139.0,2339.0,0.0,0.0,0,,,,,
fed_speeches,speech,2012-04-09_7cf1e7015dce.txt,24886,23446,1440,5.786,69,61,0,0.0,1440.0,0.0,0.0,0,,,,,
fed_speeches,speech,2012-04-10_b82de3de7cc1.txt,22958,22465,493,2.147,63,55,0,132.0,361.0,0.0,0.0,0,,,,,
fed_speeches,speech,2012-04-11_5b3fded1d34d.txt,40596,40500,96,0.236,121,117,0,96.0,0.0,0.0,0.0,0,,,,,
fed_speeches,speech,2012-04-11_fc467842a8fd.txt,22468,21102,1366,6.08,65,55,0,140.0,1226.0,0.0,0.0,0,,,,,
fed_speeches,speech,2012-04-13_4dab08ba6394.txt,33005,28469,4536,13.743,81,61,0,0.0,4536.0,0.0,0.0,0,,,,,
fed_speeches,speech,2012-05-02_242b7da441bc.txt,22063,21925,138,0.625,57,53,0,138.0,0.0,0.0,0.0,0,,,,,
fed_speeches,speech,2012-05-10_2fbdfe85a763.txt,20932,19644,1288,6.153,61,55,0,0.0,1288.0,0.0,0.0,0,,,,,
fed_speeches,speech,2012-05-15_edc27dcd2016.txt,27220,26451,769,2.825,77,69,0,131.0,638.0,0.0,0.0,0,,,,,
fed_speeches,speech,2012-06-06_bf41a95e61e4.txt,44528,32360,12168,27.327,117,65,0,87.0,12081.0,0.0,0.0,0,,,,,
fed_speeches,speech,2012-06-12_b015b0e94d90.txt,26543,25007,1536,5.787,81,69,0,162.0,1374.0,0.0,0.0,0,,,,,
fed_speeches,speech,2012-07-20_a50fb268a871.txt,17815,17204,611,3.43,55,45,0,128.0,483.0,0.0,0.0,0,,,,,
fed_speeches,speech,2012-07-23_aab25d1ac06a.txt,22385,21928,457,2.042,89,81,0,95.0,362.0,0.0,0.0,0,,,,,
fed_speeches,speech,2012-07-24_caae9d80805d.txt,7244,5071,2173,29.997,49,35,0,0.0,2173.0,0.0,0.0,0,,,,,
fed_speeches,speech,2012-08-06_ba30e6600632.txt,11554,9416,2138,18.504,49,33,0,17.0,2121.0,0.0,0.0,0,,,,,
fed_speeches,speech,2012-08-07_61143edf0e9a.txt,8061,7600,461,5.719,45,39,0,17.0,444.0,0.0,0.0,0,,,,,
fed_speeches,speech,2012-08-31_e39a51aa2700.txt,47219,38223,8996,19.052,243,179,0,17.0,8979.0,0.0,0.0,0,,,,,
fed_speeches,speech,2012-10-01_3cf4b816cfc4.txt,27076,26885,191,0.705,79,75,0,18.0,173.0,0.0,0.0,0,,,,,
fed_speeches,speech,2012-10-05_d9ef99f917be.txt,34646,33598,1048,3.025,293,281,0,107.0,941.0,0.0,0.0,0,,,,,
fed_speeches,speech,2012-10-10_b138ed7ab4f0.txt,69778,55298,14480,20.752,205,113,0,150.0,14330.0,0.0,0.0,0,,,,,
fed_speeches,speech,2012-10-11_c7ea28b70831.txt,9240,8590,650,7.035,33,23,0,129.0,521.0,0.0,0.0,0,,,,,
fed_speeches,speech,2012-10-11_e81fd525e9d5.txt,37212,31972,5240,14.081,173,125,0,92.0,5148.0,0.0,0.0,0,,,,,
fed_speeches,speech,2012-10-14_67dceb418702.txt,11757,11203,554,4.712,37,33,0,18.0,536.0,0.0,0.0,0,,,,,
fed_speeches,speech,2012-11-09_5e4a81a399e7.txt,30400,26191,4209,13.845,117,79,0,102.0,4107.0,0.0,0.0,0,,,,,
fed_speeches,speech,2012-11-13_6f4269664f02.txt,49203,37415,11788,23.958,145,89,0,137.0,11651.0,0.0,0.0,0,,,,,
fed_speeches,speech,2012-11-15_ab3a291bc468.txt,25576,22878,2698,10.549,85,59,0,19.0,2679.0,0.0,0.0,0,,,,,
fed_speeches,speech,2012-11-20_4c91c3afcaec.txt,31644,24244,7400,23.385,91,63,0,19.0,7381.0,0.0,0.0,0,,,,,
fed_speeches,speech,2012-11-28_9f53e5d6bb95.txt,34624,28596,6028,17.41,133,73,0,119.0,5909.0,0.0,0.0,0,,,,,
fed_speeches,speech,2012-11-30_38fca81f5e4f.txt,11539,10751,788,6.829,43,31,0,148.0,640.0,0.0,0.0,0,,,,,
fed_speeches,speech,2012-12-04_69ac337a55b3.txt,28402,23380,5022,17.682,89,63,0,185.0,4837.0,0.0,0.0,0,,,,,
fed_speeches,speech,2012-12-17_e0842eae945e.txt,11448,9403,2045,17.863,51,29,0,185.0,1860.0,0.0,0.0,0,,,,,
fed_speeches,speech,2013-01-04_99a4d9ad7a31.txt,49211,43423,5788,11.762,169,117,0,151.0,5637.0,0.0,0.0,0,,,,,
fed_speeches,speech,2013-02-05_2e01c8009d2c.txt,35489,28833,6656,18.755,119,79,0,176.0,6480.0,0.0,0.0,0,,,,,
fed_speeches,speech,2013-02-07_409633f34deb.txt,42621,37002,5619,13.184,187,135,0,249.0,5370.0,0.0,0.0,0,,,,,
fed_speeches,speech,2013-02-11_25dd2c77bbe2.txt,33552,28403,5149,15.346,135,93,0,227.0,4922.0,0.0,0.0,0,,,,,
fed_speeches,speech,2013-02-21_8657fcc0f994.txt,15627,12173,3454,22.103,73,47,0,178.0,3276.0,0.0,0.0,0,,,,,
fed_speeches,speech,2013-02-22_7d595b74b0b4.txt,32318,31794,524,1.621,89,81,0,159.0,365.0,0.0,0.0,0,,,,,
fed_speeches,speech,2013-02-28_a5e6ec591faf.txt,29146,24865,4281,14.688,117,83,0,145.0,4136.0,0.0,0.0,0,,,,,
fed_speeches,speech,2013-03-01_69d39f5b1d01.txt,34541,29738,4803,13.905,121,89,0,0.0,4803.0,0.0,0.0,0,,,,,
fed_speeches,speech,2013-03-02_e347cd4c4e1c.txt,42039,36134,5905,14.046,205,141,0,121.0,5784.0,0.0,0.0,0,,,,,
fed_speeches,speech,2013-03-04_5be7c372a816.txt,28801,24678,4123,14.315,127,97,0,115.0,4008.0,0.0,0.0,0,,,,,
fed_speeches,speech,2013-03-08_d5ff9a6ea68d.txt,38594,35642,2952,7.649,135,103,0,119.0,2833.0,0.0,0.0,0,,,,,
fed_speeches,speech,2013-03-22_a3abf70cf42a.txt,29996,23006,6990,23.303,125,79,-2,115.0,6877.0,0.0,0.0,0,,,,,
fed_speeches,speech,2013-03-25_41300b70ebf4.txt,17049,13706,3343,19.608,53,33,0,0.0,3343.0,0.0,0.0,0,,,,,
fed_speeches,speech,2013-04-04_dc1735f65a52.txt,30172,27622,2550,8.452,119,87,0,131.0,2419.0,0.0,0.0,0,,,,,
fed_speeches,speech,2013-04-08_4ae01b872677.txt,27703,24657,3046,10.995,77,55,0,0.0,3046.0,0.0,0.0,0,,,,,
fed_speeches,speech,2013-04-12_500256a76e0c.txt,24630,21492,3138,12.741,89,63,0,0.0,3138.0,0.0,0.0,0,,,,,
fed_speeches,speech,2013-04-16_043d88ae7568.txt,9237,8790,447,4.839,33,25,0,142.0,305.0,0.0,0.0,0,,,,,
fed_speeches,speech,2013-04-17_04f303714fd2.txt,19917,16389,3528,17.714,89,63,0,140.0,3388.0,0.0,0.0,0,,,,,
fed_speeches,speech,2013-04-18_3b35d9fe81de.txt,36042,27612,8430,23.389,109,73,0,214.0,8216.0,0.0,0.0,0,,,,,
fed_speeches,speech,2013-04-19_ca37de67e07d.txt,33581,26955,6626,19.731,111,71,0,169.0,6457.0,0.0,0.0,0,,,,,
fed_speeches,speech,2013-05-03_6ed866f700ce.txt,40689,36124,4565,11.219,117,95,0,101.0,4464.0,0.0,0.0,0,,,,,
fed_speeches,speech,2013-05-09_7527a512f01d.txt,23568,16499,7069,29.994,89,45,0,87.0,6796.0,186.0,0.0,0,,,,,
fed_speeches,speech,2013-05-10_e1549f79f90f.txt,29493,25404,4089,13.864,83,61,0,0.0,4089.0,0.0,0.0,0,,,,,
fed_speeches,speech,2013-05-16_5f442eed28b3.txt,21879,20706,1173,5.361,77,63,0,121.0,1052.0,0.0,0.0,0,,,,,
fed_speeches,speech,2013-05-18_b7ee61732447.txt,17549,15395,2154,12.274,45,33,0,0.0,2154.0,0.0,0.0,0,,,,,
fed_speeches,speech,2013-06-02_46f95577cd93.txt,12105,11829,276,2.28,39,33,0,87.0,189.0,0.0,0.0,0,,,,,
fed_speeches,speech,2013-06-02_a5fa8d769c0c.txt,10579,10482,97,0.917,35,33,0,0.0,97.0,0.0,0.0,0,,,,,
fed_speeches,speech,2013-06-06_45f29d1dffea.txt,24296,21724,2572,10.586,85,65,0,70.0,2502.0,0.0,0.0,0,,,,,
fed_speeches,speech,2013-06-27_9fe3670f40f4.txt,24298,20544,3754,15.45,97,75,0,78.0,3676.0,0.0,0.0,0,,,,,
fed_speeches,speech,2013-06-28_bae53fdff6d6.txt,11630,11493,137,1.178,33,29,0,137.0,0.0,0.0,0.0,0,,,,,
fed_speeches,speech,2013-07-02_ac487824fccd.txt,11763,11333,430,3.656,41,33,0,85.0,345.0,0.0,0.0,0,,,,,
fed_speeches,speech,2013-07-10_43cbfe05d2c5.txt,46111,38212,7899,17.13,279,191,0,0.0,7899.0,0.0,0.0,0,,,,,
fed_speeches,speech,2013-07-17_167b2105a7b5.txt,28228,27703,525,1.86,111,103,0,83.0,442.0,0.0,0.0,0,,,,,
fed_speeches,speech,2013-09-20_28cabd0786a2.txt,53525,42551,10974,20.503,159,103,0,150.0,10824.0,0.0,0.0,0,,,,,
fed_speeches,speech,2013-09-26_b33d2197eebd.txt,18628,15486,3142,16.867,69,43,0,174.0,2968.0,0.0,0.0,0,,,,,
fed_speeches,speech,2013-10-02_a0b6d08833ba.txt,7549,7531,18,0.238,29,27,0,18.0,0.0,0.0,0.0,0,,,,,
fed_speeches,speech,2013-10-03_9e86ae24568d.txt,21187,20788,399,1.883,67,57,0,166.0,233.0,0.0,0.0,0,,,,,
fed_speeches,speech,2013-10-04_984a1f9b6b55.txt,31220,25525,5695,18.242,101,65,0,208.0,5487.0,0.0,0.0,0,,,,,
fed_speeches,speech,2013-10-11_7de5049846ef.txt,8229,6575,1654,20.1,45,25,0,137.0,1517.0,0.0,0.0,0,,,,,
fed_speeches,speech,2013-10-14_94cb46af5ff2.txt,8894,8876,18,0.202,25,23,0,18.0,0.0,0.0,0.0,0,,,,,
fed_speeches,speech,2013-10-18_a524d4f02eef.txt,15515,10864,4651,29.977,57,35,0,178.0,4473.0,0.0,0.0,0,,,,,
fed_speeches,speech,2013-10-18_e36d4b001cac.txt,35950,31091,4859,13.516,107,77,0,221.0,4638.0,0.0,0.0,0,,,,,
fed_speeches,speech,2013-11-04_cf311903bb33.txt,30155,27853,2302,7.634,135,99,0,156.0,2146.0,0.0,0.0,0,,,,,
fed_speeches,speech,2013-11-07_d2e78adcbd97.txt,31569,25722,5847,18.521,101,65,0,147.0,5700.0,0.0,0.0,0,,,,,
fed_speeches,speech,2013-11-08_3ab43f56bc56.txt,16330,13018,3312,20.282,51,29,0,19.0,3293.0,0.0,0.0,0,,,,,
fed_speeches,speech,2013-11-13_964b3292dfd2.txt,7613,7594,19,0.25,37,35,0,19.0,0.0,0.0,0.0,0,,,,,
fed_speeches,speech,2013-11-14_0aa77da453a4.txt,3680,3661,19,0.516,21,19,0,19.0,0.0,0.0,0.0,0,,,,,
fed_speeches,speech,2013-11-19_145483e3cada.txt,40627,34149,6478,15.945,153,113,0,19.0,6459.0,0.0,0.0,0,,,,,
fed_speeches,speech,2013-11-21_e529b006405b.txt,24819,20461,4358,17.559,85,51,0,109.0,4249.0,0.0,0.0,0,,,,,
fed_speeches,speech,2013-11-22_ce705f36dc31.txt,34547,32818,1729,5.005,91,75,0,145.0,1584.0,0.0,0.0,0,,,,,
fed_speeches,speech,2013-12-16_5e3ba28cc747.txt,5018,4999,19,0.379,19,17,0,19.0,0.0,0.0,0.0,0,,,,,
fed_speeches,speech,2013-12-16_bdfe32cd2fe3.txt,8315,8156,159,1.912,25,21,0,19.0,140.0,0.0,0.0,0,,,,,
fed_speeches,speech,2014-01-03_06cf1f12f8ec.txt,48674,41246,7428,15.261,165,125,0,18.0,7410.0,0.0,0.0,0,,,,,
fed_speeches,speech,2014-01-03_4d9317992aa7.txt,34321,31072,3249,9.467,141,107,0,154.0,3095.0,0.0,0.0,0,,,,,
fed_speeches,speech,2014-02-25_d42faf40658e.txt,35453,28829,6624,18.684,105,69,0,159.0,6465.0,0.0,0.0,0,,,,,
fed_speeches,speech,2014-02-28_08fd513266e0.txt,18226,16325,1901,10.43,79,55,0,105.0,1796.0,0.0,0.0,0,,,,,
fed_speeches,speech,2014-03-05_8edbda658c25.txt,4962,4891,71,1.431,27,23,0,71.0,0.0,0.0,0.0,0,,,,,
fed_speeches,speech,2014-03-21_2672d7ba80ba.txt,34669,28243,6426,18.535,139,89,0,283.0,6143.0,0.0,0.0,0,,,,,
fed_speeches,speech,2014-03-24_718892d49fb4.txt,5549,5275,274,4.938,23,13,0,110.0,164.0,0.0,0.0,0,,,,,
fed_speeches,speech,2014-03-25_a7fce42c6629.txt,3319,3224,95,2.862,19,15,0,95.0,0.0,0.0,0.0,0,,,,,
fed_speeches,speech,2014-03-27_0e60d57e6bb0.txt,41362,37328,4034,9.753,121,85,0,188.0,3846.0,0.0,0.0,0,,,,,
fed_speeches,speech,2014-03-31_fd13bda30cd7.txt,24659,22676,1983,8.042,95,81,0,110.0,1873.0,0.0,0.0,0,,,,,
fed_speeches,speech,2014-04-09_24e69acb4e1c.txt,32492,24856,7636,23.501,111,67,0,155.0,7481.0,0.0,0.0,0,,,,,
fed_speeches,speech,2014-04-15_ea13c2debf62.txt,6738,6597,141,2.093,41,37,0,141.0,0.0,0.0,0.0,0,,,,,
fed_speeches,speech,2014-04-16_9f99f9e15f23.txt,33067,23884,9183,27.771,135,79,0,77.0,9106.0,0.0,0.0,0,,,,,
fed_speeches,speech,2014-05-01_c8168e9ba499.txt,21115,16428,4687,22.197,87,49,0,120.0,4567.0,0.0,0.0,0,,,,,
fed_speeches,speech,2014-05-06_190282c419cb.txt,20957,18034,2923,13.948,79,55,0,94.0,2829.0,0.0,0.0,0,,,,,
fed_speeches,speech,2014-05-08_4c0befd6045d.txt,32715,30461,2254,6.89,93,71,0,113.0,2141.0,0.0,0.0,0,,,,,
fed_speeches,speech,2014-05-15_a1691531daad.txt,3330,3083,247,7.417,17,11,0,110.0,137.0,0.0,0.0,0,,,,,
fed_speeches,speech,2014-05-21_7fa5429f509d.txt,5515,5428,87,1.578,25,21,0,87.0,0.0,0.0,0.0,0,,,,,
fed_speeches,speech,2014-06-06_6d04efbc0bde.txt,6442,5266,1176,18.255,35,19,0,127.0,1049.0,0.0,0.0,0,,,,,
fed_speeches,speech,2014-06-09_e3666f3a6aef.txt,38405,31861,6544,17.039,113,73,0,111.0,6433.0,0.0,0.0,0,,,,,
fed_speeches,speech,2014-06-25_8eaaad264959.txt,29592,25684,3908,13.206,105,71,0,119.0,3789.0,0.0,0.0,0,,,,,
fed_speeches,speech,2014-07-02_c2f2e76c4fc5.txt,33283,26077,7206,21.651,97,63,0,124.0,7082.0,0.0,0.0,0,,,,,
fed_speeches,speech,2014-07-10_ec601093feca.txt,39164,28742,10422,26.611,171,101,0,0.0,10422.0,0.0,0.0,0,,,,,
fed_speeches,speech,2014-08-11_bd79d7f2c58c.txt,35479,30171,5308,14.961,117,89,-1,17.0,5292.0,0.0,0.0,0,,,,,
fed_speeches,speech,2014-08-22_0286f969976c.txt,36140,23393,12747,35.271,103,53,0,126.0,12621.0,0.0,0.0,0,,,,,
fed_speeches,speech,2014-09-04_b4f05f81d17a.txt,21652,18335,3317,15.32,73,43,0,115.0,3202.0,0.0,0.0,0,,,,,
fed_speeches,speech,2014-09-18_8aa303bc59a1.txt,4120,3949,171,4.15,23,17,0,171.0,0.0,0.0,0.0,0,,,,,
fed_speeches,speech,2014-09-23_00ff6f147d80.txt,8496,7608,888,10.452,35,21,0,167.0,721.0,0.0,0.0,0,,,,,
fed_speeches,speech,2014-09-30_5652d0c7637d.txt,5333,4819,514,9.638,29,19,0,186.0,328.0,0.0,0.0,0,,,,,
fed_speeches,speech,2014-10-11_9778e887ad05.txt,42704,36242,6462,15.132,217,169,-12,18.0,6456.0,0.0,0.0,0,,,,,
fed_speeches,speech,2014-10-17_41ddff60799b.txt,42656,26568,16088,37.716,171,79,0,154.0,15934.0,0.0,0.0,0,,,,,
fed_speeches,speech,2014-10-20_00f5efd55657.txt,3011,2911,100,3.321,15,9,0,100.0,0.0,0.0,0.0,0,,,,,
fed_speeches,speech,2014-10-20_33faf12db030.txt,24076,23135,941,3.908,79,65,0,187.0,754.0,0.0,0.0,0,,,,,
fed_speeches,speech,2014-10-30_0be6415b5bd1.txt,6043,5919,124,2.052,27,21,0,124.0,0.0,0.0,0.0,0,,,,,
fed_speeches,speech,2014-11-06_7e1aff8025e7.txt,23415,20289,3126,13.35,75,47,0,214.0,2912.0,0.0,0.0,0,,,,,
fed_speeches,speech,2014-11-07_17e09b3e3ab7.txt,33144,24725,8419,25.401,109,59,0,102.0,8317.0,0.0,0.0,0,,,,,
fed_speeches,speech,2014-11-07_d4ddd1b64eee.txt,9764,8969,795,8.142,39,29,0,150.0,645.0,0.0,0.0,0,,,,,
fed_speeches,speech,2014-11-14_0325ea9ad91d.txt,11386,8432,2954,25.944,43,23,0,138.0,2756.0,60.0,0.0,0,,,,,
fed_speeches,speech,2014-11-20_c223f6d3d707.txt,42508,34458,8050,18.938,127,83,0,113.0,7937.0,0.0,0.0,0,,,,,
fed_speeches,speech,2014-12-02_fbee32ac82cc.txt,4783,4635,148,3.094,25,19,0,148.0,0.0,0.0,0.0,0,,,,,
fed_speeches,speech,2014-12-03_cbb74575fc48.txt,29370,23168,6202,21.117,93,63,0,295.0,5907.0,0.0,0.0,0,,,,,
fed_speeches,speech,2015-01-20_03683bb37587.txt,10626,10229,397,3.736,35,25,0,151.0,246.0,0.0,0.0,0,,,,,
fed_speeches,speech,2015-01-30_01105d0ed648.txt,30458,27961,2497,8.198,89,65,0,239.0,2258.0,0.0,0.0,0,,,,,
fed_speeches,speech,2015-02-04_072621fe009e.txt,5839,5440,399,6.833,27,19,0,141.0,258.0,0.0,0.0,0,,,,,
fed_speeches,speech,2015-02-09_e6451165dbea.txt,26889,21439,5450,20.269,121,79,-1,127.0,5324.0,0.0,0.0,0,,,,,
fed_speeches,speech,2015-02-18_3f18293cdd9e.txt,33473,27765,5708,17.053,109,67,0,120.0,5457.0,131.0,0.0,0,,,,,
fed_speeches,speech,2015-02-27_5b7ad03243b1.txt,12369,9451,2918,23.591,53,39,0,19.0,2899.0,0.0,0.0,0,,,,,
fed_speeches,speech,2015-03-03_70907cdb702e.txt,28036,23274,4762,16.985,103,73,0,79.0,4683.0,0.0,0.0,0,,,,,
fed_speeches,speech,2015-03-23_bbcf6844f1d9.txt,33798,26827,6971,20.625,189,147,0,0.0,6971.0,0.0,0.0,0,,,,,
fed_speeches,speech,2015-03-27_4a49878dfcfd.txt,40802,27273,13529,33.158,103,61,0,169.0,13360.0,0.0,0.0,0,,,,,
fed_speeches,speech,2015-03-27_c6cda46c9c20.txt,24816,20170,4646,18.722,79,63,0,0.0,4646.0,0.0,0.0,0,,,,,
fed_speeches,speech,2015-03-30_e56e5930c0cb.txt,21497,18505,2992,13.918,79,59,0,0.0,2992.0,0.0,0.0,0,,,,,
fed_speeches,speech,2015-04-02_470f537e907e.txt,8551,7671,880,10.291,31,21,0,230.0,650.0,0.0,0.0,0,,,,,
fed_speeches,speech,2015-04-02_564ec8fabf3b.txt,30214,19124,11090,36.705,129,61,0,226.0,10864.0,0.0,0.0,0,,,,,
fed_speeches,speech,2015-04-08_77d8ef3b3f1d.txt,18282,11522,6760,36.976,61,29,0,137.0,6623.0,0.0,0.0,0,,,,,
fed_speeches,speech,2015-04-30_b298bd0c9248.txt,26905,24313,2592,9.634,83,61,0,126.0,2466.0,0.0,0.0,0,,,,,
fed_speeches,speech,2015-05-04_478ffd394c8a.txt,2320,2189,131,5.647,11,7,0,131.0,0.0,0.0,0.0,0,,,,,
fed_speeches,speech,2015-05-06_fc5642ac7c5d.txt,21087,16962,4125,19.562,103,77,0,134.0,3991.0,0.0,0.0,0,,,,,
fed_speeches,speech,2015-05-14_526cb7449266.txt,19352,17504,1848,9.549,65,45,0,141.0,1707.0,0.0,0.0,0,,,,,
fed_speeches,speech,2015-05-21_4a44745e2ece.txt,18856,15617,3239,17.178,83,59,0,0.0,3239.0,0.0,0.0,0,,,,,
fed_speeches,speech,2015-05-22_ef9fe9c4e262.txt,22893,19521,3372,14.729,77,57,0,88.0,3284.0,0.0,0.0,0,,,,,
fed_speeches,speech,2015-05-26_0bf578a20bc8.txt,33360,27785,5575,16.712,183,143,0,0.0,5575.0,0.0,0.0,0,,,,,
fed_speeches,speech,2015-06-01_df63e027c2d7.txt,21729,20276,1453,6.687,101,79,0,0.0,1453.0,0.0,0.0,0,,,,,
fed_speeches,speech,2015-06-02_a472527f7500.txt,21630,19696,1934,8.941,85,71,0,97.0,1837.0,0.0,0.0,0,,,,,
fed_speeches,speech,2015-06-24_ab90e936f3ae.txt,9938,8922,1016,10.223,35,29,0,0.0,1016.0,0.0,0.0,0,,,,,
fed_speeches,speech,2015-06-25_a3bec29c6337.txt,19821,18444,1377,6.947,85,63,0,207.0,1170.0,0.0,0.0,0,,,,,
fed_speeches,speech,2015-06-30_1c0bcf49fe17.txt,23069,21863,1206,5.228,101,87,0,0.0,1206.0,0.0,0.0,0,,,,,
fed_speeches,speech,2015-07-01_47d7dd6accbd.txt,11607,10355,1252,10.787,37,25,0,270.0,982.0,0.0,0.0,0,,,,,
fed_speeches,speech,2015-07-09_cb742a4975d2.txt,27863,22396,5467,19.621,109,75,0,160.0,5307.0,0.0,0.0,0,,,,,
fed_speeches,speech,2015-07-10_db29997d363a.txt,26354,23315,3039,11.531,71,55,0,71.0,2968.0,0.0,0.0,0,,,,,
fed_speeches,speech,2015-08-03_dbf79faffd56.txt,16694,13025,3669,21.978,59,31,0,96.0,3573.0,0.0,0.0,0,,,,,
fed_speeches,speech,2015-08-29_e2da53b0e1f8.txt,16715,13432,3283,19.641,63,49,0,17.0,3266.0,0.0,0.0,0,,,,,
fed_speeches,speech,2015-09-24_b06fb3fe2561.txt,69320,47673,21647,31.228,251,169,0,144.0,21503.0,0.0,0.0,0,,,,,
fed_speeches,speech,2015-09-28_e4d54e6a6539.txt,33593,29412,4181,12.446,91,69,0,178.0,4003.0,0.0,0.0,0,,,,,
fed_speeches,speech,2015-09-30_87fb31d64942.txt,30672,21798,8874,28.932,145,93,0,297.0,8577.0,0.0,0.0,0,,,,,
fed_speeches,speech,2015-09-30_9d457c7b3f9a.txt,7645,7124,521,6.815,41,31,0,296.0,225.0,0.0,0.0,0,,,,,
fed_speeches,speech,2015-10-02_a841da4571a7.txt,31833,21576,10257,32.221,137,97,0,18.0,10239.0,0.0,0.0,0,,,,,
fed_speeches,speech,2015-10-11_9035a79c3fb9.txt,7689,7671,18,0.234,27,25,0,18.0,0.0,0.0,0.0,0,,,,,
fed_speeches,speech,2015-10-12_887e64a5b849.txt,26385,22548,3837,14.542,115,87,0,185.0,3652.0,0.0,0.0,0,,,,,
fed_speeches,speech,2015-10-19_c8ceff08e009.txt,14137,12275,1862,13.171,61,41,0,174.0,1688.0,0.0,0.0,0,,,,,
fed_speeches,speech,2015-10-20_0a7691a690ba.txt,10821,9987,834,7.707,41,27,0,130.0,704.0,0.0,0.0,0,,,,,
fed_speeches,speech,2015-10-20_6ad49508f9c7.txt,5147,4957,190,3.691,27,21,0,190.0,0.0,0.0,0.0,0,,,,,
fed_speeches,speech,2015-11-04_3555b4676e28.txt,40511,34450,6061,14.961,213,155,0,19.0,6042.0,0.0,0.0,0,,,,,
fed_speeches,speech,2015-11-05_ea0a29415c12.txt,38953,34119,4834,12.41,121,87,0,239.0,4595.0,0.0,0.0,0,,,,,
fed_speeches,speech,2015-11-06_25ff9e75a689.txt,20165,17257,2908,14.421,63,45,0,190.0,2718.0,0.0,0.0,0,,,,,
fed_speeches,speech,2015-11-12_172e3c4fab80.txt,4101,3868,233,5.682,33,27,0,233.0,0.0,0.0,0.0,0,,,,,
fed_speeches,speech,2015-11-12_9c5ac76a3949.txt,17562,15138,2424,13.803,89,65,0,19.0,2405.0,0.0,0.0,0,,,,,
fed_speeches,speech,2015-11-17_a19dc03d7d86.txt,28600,26462,2138,7.476,95,67,0,95.0,2043.0,0.0,0.0,0,,,,,
fed_speeches,speech,2015-11-17_e7ccadb48bc3.txt,33606,30887,2719,8.091,87,57,0,107.0,2612.0,0.0,0.0,0,,,,,
fed_speeches,speech,2015-11-19_18a90eb641b7.txt,25018,21953,3065,12.251,107,85,0,19.0,3046.0,0.0,0.0,0,,,,,
fed_speeches,speech,2015-11-20_99870110df73.txt,6523,6250,273,4.185,27,19,0,181.0,92.0,0.0,0.0,0,,,,,
fed_speeches,speech,2015-12-01_8a2c01a13e5f.txt,27813,24323,3490,12.548,123,83,0,121.0,3369.0,0.0,0.0,0,,,,,
fed_speeches,speech,2015-12-02_7486549eaa68.txt,4906,4758,148,3.017,21,15,0,148.0,0.0,0.0,0.0,0,,,,,
fed_speeches,speech,2015-12-02_a615f37199ff.txt,33120,26962,6158,18.593,135,101,0,96.0,6062.0,0.0,0.0,0,,,,,
fed_speeches,speech,2015-12-03_b4dfff3807d8.txt,26728,22290,4438,16.604,137,99,0,19.0,4419.0,0.0,0.0,0,,,,,
fed_speeches,speech,2016-01-03_327896d2a48e.txt,28149,23889,4260,15.134,175,133,0,18.0,4242.0,0.0,0.0,0,,,,,
fed_speeches,speech,2016-02-01_dc242e98bfa7.txt,10094,8742,1352,13.394,39,25,0,19.0,1333.0,0.0,0.0,0,,,,,
fed_speeches,speech,2016-02-10_cea9a53a664e.txt,21027,16251,4776,22.714,77,49,0,19.0,4757.0,0.0,0.0,0,,,,,
fed_speeches,speech,2016-02-23_bc5ecf002dbc.txt,11851,10914,937,7.907,43,33,0,19.0,918.0,0.0,0.0,0,,,,,
fed_speeches,speech,2016-02-26_ceba318d3853.txt,20661,13667,6994,33.851,89,43,0,106.0,6888.0,0.0,0.0,0,,,,,
fed_speeches,speech,2016-02-26_efd500c5e211.txt,24629,20727,3902,15.843,111,73,0,103.0,3799.0,0.0,0.0,0,,,,,
fed_speeches,speech,2016-03-07_3e46d0378b68.txt,28854,25751,3103,10.754,137,105,0,114.0,2989.0,0.0,0.0,0,,,,,
fed_speeches,speech,2016-03-07_7b4c3d005247.txt,33818,26766,7052,20.853,213,155,0,0.0,7052.0,0.0,0.0,0,,,,,
fed_speeches,speech,2016-03-29_c596bad8e99a.txt,32552,26280,6272,19.268,113,85,0,77.0,6195.0,0.0,0.0,0,,,,,
fed_speeches,speech,2016-04-14_4cefaf66b238.txt,20085,19978,107,0.533,67,63,0,107.0,0.0,0.0,0.0,0,,,,,
fed_speeches,speech,2016-05-19_b724d08e0d1c.txt,24893,19544,5349,21.488,141,93,0,0.0,5349.0,0.0,0.0,0,,,,,
fed_speeches,speech,2016-05-20_855f3c08d8ea.txt,31627,30001,1626,5.141,91,67,0,133.0,1493.0,0.0,0.0,0,,,,,
fed_speeches,speech,2016-05-26_634b8b20c549.txt,25178,17703,7475,29.689,89,53,0,100.0,7291.0,84.0,0.0,0,,,,,
fed_speeches,speech,2016-06-03_964b762e3c18.txt,21448,18742,2706,12.617,95,71,0,79.0,2627.0,0.0,0.0,0,,,,,
fed_speeches,speech,2016-06-06_d5b0589b5f7a.txt,40494,34009,6485,16.015,125,89,0,97.0,6388.0,0.0,0.0,0,,,,,
fed_speeches,speech,2016-06-21_165705285b9c.txt,5239,4674,565,10.785,17,9,0,213.0,352.0,0.0,0.0,0,,,,,
fed_speeches,speech,2016-06-22_a51521b873d3.txt,13772,10597,3175,23.054,47,31,0,0.0,3175.0,0.0,0.0,0,,,,,
fed_speeches,speech,2016-06-28_5e90177561a5.txt,26403,22073,4330,16.4,97,63,0,88.0,4242.0,0.0,0.0,0,,,,,
fed_speeches,speech,2016-07-12_30705d0e5d15.txt,16850,12031,4819,28.599,49,33,0,129.0,4690.0,0.0,0.0,0,,,,,
fed_speeches,speech,2016-08-21_801c72312b9d.txt,14551,9970,4581,31.482,61,31,0,17.0,4564.0,0.0,0.0,0,,,,,
fed_speeches,speech,2016-08-26_9a2e4160a216.txt,41749,25279,16470,39.45,113,55,0,197.0,16273.0,0.0,0.0,0,,,,,
fed_speeches,speech,2016-09-12_fa61e3c992b6.txt,28577,25063,3514,12.297,137,101,0,105.0,3409.0,0.0,0.0,0,,,,,
fed_speeches,speech,2016-09-26_2d33d1ade272.txt,52023,47521,4502,8.654,165,121,0,131.0,4371.0,0.0,0.0,0,,,,,
fed_speeches,speech,2016-09-27_a1735bce2899.txt,13968,11570,2398,17.168,49,29,0,20.0,2378.0,0.0,0.0,0,,,,,
fed_speeches,speech,2016-09-29_645a4d62d166.txt,22333,20169,2164,9.69,71,51,0,265.0,1826.0,73.0,0.0,0,,,,,
fed_speeches,speech,2016-09-29_ee414e2749bb.txt,5215,5009,206,3.95,25,19,0,206.0,0.0,0.0,0.0,0,,,,,
fed_speeches,speech,2016-10-05_4d8d29711c6a.txt,26488,22949,3539,13.361,135,97,0,18.0,3521.0,0.0,0.0,0,,,,,
fed_speeches,speech,2016-10-07_a16a226240a8.txt,17061,16504,557,3.265,51,41,0,138.0,419.0,0.0,0.0,0,,,,,
fed_speeches,speech,2016-10-09_e4809d66cb99.txt,9278,8448,830,8.946,41,31,0,18.0,812.0,0.0,0.0,0,,,,,
fed_speeches,speech,2016-10-14_0d91c194ad33.txt,43042,33167,9875,22.943,231,173,0,239.0,9636.0,0.0,0.0,0,,,,,
fed_speeches,speech,2016-10-17_aa458ded6bd9.txt,418121,416986,1135,0.271,239,229,0,18.0,1117.0,0.0,0.0,0,,,,,
fed_speeches,speech,2016-10-21_ef0373b39d94.txt,35153,32503,2650,7.538,101,77,0,150.0,2500.0,0.0,0.0,0,,,,,
fed_speeches,speech,2016-10-24_1df79ef51d43.txt,5980,5417,563,9.415,25,15,0,180.0,383.0,0.0,0.0,0,,,,,
fed_speeches,speech,2016-11-04_07c5cdc4dc93.txt,5076,4772,304,5.989,27,21,0,19.0,285.0,0.0,0.0,0,,,,,
fed_speeches,speech,2016-11-11_d03464542127.txt,22712,19813,2899,12.764,111,85,0,19.0,2880.0,0.0,0.0,0,,,,,
fed_speeches,speech,2016-11-15_ffa111bd2ee7.txt,22438,19340,3098,13.807,111,71,0,19.0,3079.0,0.0,0.0,0,,,,,
fed_speeches,speech,2016-11-17_083a0159877c.txt,29845,26162,3683,12.34,127,85,0,233.0,3450.0,0.0,0.0,0,,,,,
fed_speeches,speech,2016-11-18_252f37e18afb.txt,28885,24724,4161,14.405,137,95,0,219.0,3942.0,0.0,0.0,0,,,,,
fed_speeches,speech,2016-11-21_21807f9f67ee.txt,7517,6213,1304,17.347,29,17,0,19.0,1285.0,0.0,0.0,0,,,,,
fed_speeches,speech,2016-11-29_919b65dcd4af.txt,21946,18706,3240,14.764,87,63,0,106.0,2989.0,145.0,0.0,0,,,,,
fed_speeches,speech,2016-11-30_7b92f94d2993.txt,30191,20534,9657,31.986,111,53,0,264.0,9342.0,51.0,0.0,0,,,,,
fed_speeches,speech,2016-12-02_5798631072bf.txt,50722,43155,7567,14.919,135,89,0,176.0,7391.0,0.0,0.0,0,,,,,
fed_speeches,speech,2016-12-02_e2612716bf71.txt,22954,19936,3018,13.148,71,45,0,160.0,2858.0,0.0,0.0,0,,,,,
fed_speeches,speech,2016-12-19_9c2eb90e41eb.txt,13228,12261,967,7.31,77,61,0,121.0,846.0,0.0,0.0,0,,,,,
fed_speeches,speech,2017-01-07_687f28eb93ce.txt,17712,14240,3472,19.603,89,55,0,128.0,3344.0,0.0,0.0,0,,,,,
fed_speeches,speech,2017-01-12_119498e91200.txt,7200,6784,416,5.778,47,37,0,124.0,292.0,0.0,0.0,0,,,,,
fed_speeches,speech,2017-01-17_a0720d484dbe.txt,24412,20901,3511,14.382,99,65,0,90.0,3421.0,0.0,0.0,0,,,,,
fed_speeches,speech,2017-01-18_e46efe178267.txt,18346,17652,694,3.783,59,49,0,94.0,600.0,0.0,0.0,0,,,,,
fed_speeches,speech,2017-01-19_2ed0b1d22c60.txt,41930,29784,12146,28.967,151,95,0,140.0,12006.0,0.0,0.0,0,,,,,
fed_speeches,speech,2017-02-11_c4d4d27b7b5b.txt,29738,20127,9611,32.319,139,89,0,19.0,9580.0,12.0,0.0,0,,,,,
fed_speeches,speech,2017-02-22_cc2ef24199f2.txt,33158,20469,12689,38.268,113,43,0,112.0,12517.0,60.0,0.0,0,,,,,
fed_speeches,speech,2017-03-01_f42a615025eb.txt,25130,21263,3867,15.388,83,57,0,115.0,3752.0,0.0,0.0,0,,,,,
fed_speeches,speech,2017-03-03_06e6f0008197.txt,20160,17833,2327,11.543,73,55,0,168.0,2159.0,0.0,0.0,0,,,,,
fed_speeches,speech,2017-03-03_8ca790a75210.txt,18650,14906,3744,20.075,113,85,0,0.0,3744.0,0.0,0.0,0,,,,,
fed_speeches,speech,2017-03-03_f47785e7ed3f.txt,29344,25914,3430,11.689,105,75,0,78.0,3352.0,0.0,0.0,0,,,,,
fed_speeches,speech,2017-03-23_3646c1a33d91.txt,9745,9167,578,5.931,33,25,0,196.0,382.0,0.0,0.0,0,,,,,
fed_speeches,speech,2017-03-28_2bf0ce33971a.txt,26867,16210,10657,39.666,115,47,0,148.0,10509.0,0.0,0.0,0,,,,,
fed_speeches,speech,2017-03-28_92f6d35b1590.txt,31213,20011,11202,35.889,115,55,0,150.0,10905.0,147.0,0.0,0,,,,,
fed_speeches,speech,2017-04-04_f4cfe4cc6832.txt,55378,46638,8740,15.782,163,115,0,103.0,8637.0,0.0,0.0,0,,,,,
fed_speeches,speech,2017-04-05_ae282ecddfd6.txt,5142,4687,455,8.849,19,13,0,241.0,214.0,0.0,0.0,0,,,,,
fed_speeches,speech,2017-04-17_3e73e5a1ce06.txt,23802,20358,3444,14.469,111,77,0,0.0,3420.0,24.0,0.0,0,,,,,
fed_speeches,speech,2017-04-19_edc4090cf1fd.txt,9760,8855,905,9.273,49,39,0,0.0,905.0,0.0,0.0,0,,,,,
fed_speeches,speech,2017-04-20_0cbc197dd85b.txt,9008,7815,1193,13.244,45,27,0,74.0,1119.0,0.0,0.0,0,,,,,
fed_speeches,speech,2017-04-28_86d6ae240924.txt,43810,25049,18761,42.824,129,55,-1,152.0,18610.0,0.0,0.0,0,,,,,
fed_speeches,speech,2017-05-05_69d761a66562.txt,29284,23327,5957,20.342,165,127,0,0.0,5957.0,0.0,0.0,0,,,,,
fed_speeches,speech,2017-05-05_d27f76172560.txt,44011,36534,7477,16.989,255,149,0,125.0,7352.0,0.0,0.0,0,,,,,
fed_speeches,speech,2017-05-22_566f9de0026a.txt,42717,33743,8974,21.008,257,159,0,140.0,8834.0,0.0,0.0,0,,,,,
fed_speeches,speech,2017-05-30_3203fece3f2c.txt,27014,24702,2312,8.559,113,85,0,96.0,2216.0,0.0,0.0,0,,,,,
fed_speeches,speech,2017-06-01_f083e66ab605.txt,25629,15742,9887,38.577,99,43,0,81.0,9685.0,121.0,0.0,0,,,,,
fed_speeches,speech,2017-06-20_3b379cf41272.txt,25921,22434,3487,13.452,179,129,0,0.0,3487.0,0.0,0.0,0,,,,,
fed_speeches,speech,2017-06-23_aa93465fe88f.txt,27755,23777,3978,14.333,97,63,0,116.0,3862.0,0.0,0.0,0,,,,,
fed_speeches,speech,2017-06-26_b56e08de6a8a.txt,6085,5776,309,5.078,31,25,0,78.0,231.0,0.0,0.0,0,,,,,
fed_speeches,speech,2017-06-27_2ba2e8272688.txt,18043,17385,658,3.647,71,57,0,0.0,658.0,0.0,0.0,0,,,,,
fed_speeches,speech,2017-07-06_841a5f33fb27.txt,20813,16910,3903,18.753,123,89,0,0.0,3903.0,0.0,0.0,0,,,,,
fed_speeches,speech,2017-07-06_bc927a046954.txt,22867,18852,4015,17.558,75,51,0,83.0,3932.0,0.0,0.0,0,,,,,
fed_speeches,speech,2017-07-11_0ddc6e5470e6.txt,31366,28329,3037,9.682,147,121,0,249.0,2788.0,0.0,0.0,0,,,,,
fed_speeches,speech,2017-07-13_419ae7bd79bd.txt,31261,28340,2921,9.344,147,121,0,133.0,2788.0,0.0,0.0,0,,,,,
fed_speeches,speech,2017-07-28_3667ed26cffc.txt,12060,11348,712,5.904,47,39,0,272.0,440.0,0.0,0.0,0,,,,,
fed_speeches,speech,2017-07-31_feebc3c34f1a.txt,25675,22021,3654,14.232,147,107,0,0.0,3642.0,12.0,0.0,0,,,,,
fed_speeches,speech,2017-08-25_da8557f7a097.txt,45777,26630,19147,41.827,121,61,0,171.0,18976.0,0.0,0.0,0,,,,,
fed_speeches,speech,2017-08-30_fd4f12dc1603.txt,12341,10052,2289,18.548,49,31,0,103.0,2186.0,0.0,0.0,0,,,,,
fed_speeches,speech,2017-09-05_4d219484ace9.txt,24790,22270,2520,10.165,117,79,0,97.0,2423.0,0.0,0.0,0,,,,,
fed_speeches,speech,2017-09-26_0faae1e4bfd1.txt,38970,31029,7941,20.377,213,131,0,210.0,7731.0,0.0,0.0,0,,,,,
fed_speeches,speech,2017-09-26_b9d9c27f5cd7.txt,56244,39692,16552,29.429,239,161,0,192.0,16360.0,0.0,0.0,0,,,,,
fed_speeches,speech,2017-09-27_c2cfcfd0d640.txt,22422,18989,3433,15.311,99,61,0,191.0,3242.0,0.0,0.0,0,,,,,
fed_speeches,speech,2017-09-28_5d8bc4c6f999.txt,38344,29326,9018,23.519,219,147,0,20.0,8998.0,0.0,0.0,0,,,,,
fed_speeches,speech,2017-10-04_c3c3d9316141.txt,3962,3678,284,7.168,17,11,0,284.0,0.0,0.0,0.0,0,,,,,
fed_speeches,speech,2017-10-05_a7e7caa522d1.txt,8856,8102,754,8.514,31,21,0,158.0,596.0,0.0,0.0,0,,,,,
fed_speeches,speech,2017-10-12_53845b3266c4.txt,25964,23099,2865,11.035,129,85,-2,204.0,2663.0,0.0,0.0,0,,,,,
fed_speeches,speech,2017-10-12_9a2f8ba3fd9b.txt,26629,21847,4782,17.958,131,97,0,144.0,4638.0,0.0,0.0,0,,,,,
fed_speeches,speech,2017-10-15_fef4c5a43db6.txt,11223,10317,906,8.073,39,29,0,109.0,797.0,0.0,0.0,0,,,,,
fed_speeches,speech,2017-10-18_4221007b910a.txt,20069,18081,1988,9.906,75,51,0,160.0,1828.0,0.0,0.0,0,,,,,
fed_speeches,speech,2017-10-20_79ea26e1e4cc.txt,28196,20127,8069,28.618,107,63,0,129.0,7940.0,0.0,0.0,0,,,,,
fed_speeches,speech,2017-11-02_cfc3214070ee.txt,11458,11266,192,1.676,37,31,0,192.0,0.0,0.0,0.0,0,,,,,
fed_speeches,speech,2017-11-07_94089fc4bee6.txt,5410,5085,325,6.007,25,17,0,141.0,184.0,0.0,0.0,0,,,,,
fed_speeches,speech,2017-11-15_4691ed429144.txt,10940,9557,1383,12.642,55,39,0,133.0,1250.0,0.0,0.0,0,,,,,
fed_speeches,speech,2017-11-16_2f578e4dd56e.txt,42900,25694,17206,40.107,179,73,0,187.0,17019.0,0.0,0.0,0,,,,,
fed_speeches,speech,2017-11-30_d25e7c646755.txt,20321,18628,1693,8.331,61,51,0,19.0,1674.0,0.0,0.0,0,,,,,
fed_speeches,speech,2017-12-13_99622b90fc7d.txt,9404,8101,1303,13.856,41,27,0,269.0,1034.0,0.0,0.0,0,,,,,
fed_speeches,speech,2018-01-19_8a6f2e8754c3.txt,17532,16571,961,5.481,55,43,0,18.0,943.0,0.0,0.0,0,,,,,
fed_speeches,speech,2018-02-13_c69a2652ff49.txt,4643,4263,380,8.184,21,17,0,19.0,361.0,0.0,0.0,0,,,,,
fed_speeches,speech,2018-02-22_e889d6b1c815.txt,7625,7230,395,5.18,31,25,0,19.0,376.0,0.0,0.0,0,,,,,
fed_speeches,speech,2018-02-26_9509195b700b.txt,5374,5355,19,0.354,27,25,0,19.0,0.0,0.0,0.0,0,,,,,
fed_speeches,speech,2018-02-26_d43b5f3a9a42.txt,24336,22271,2065,8.485,123,95,0,19.0,2046.0,0.0,0.0,0,,,,,
fed_speeches,speech,2018-03-05_b412ba55a2a8.txt,21845,18961,2884,13.202,77,61,0,0.0,2884.0,0.0,0.0,0,,,,,
fed_speeches,speech,2018-03-06_d973ccb61fa2.txt,13925,11609,2316,16.632,83,53,0,92.0,2224.0,0.0,0.0,0,,,,,
fed_speeches,speech,2018-03-26_2b7adc9bdd09.txt,26084,19864,6220,23.846,103,51,0,0.0,6220.0,0.0,0.0,0,,,,,
fed_speeches,speech,2018-04-03_b8d6388afd08.txt,26300,23316,2984,11.346,81,53,0,138.0,2846.0,0.0,0.0,0,,,,,
fed_speeches,speech,2018-04-06_6bbba9a68105.txt,25449,22442,3007,11.816,93,67,0,0.0,2859.0,148.0,0.0,0,,,,,
fed_speeches,speech,2018-04-17_192f8cdf7b51.txt,11241,10863,378,3.363,33,27,0,128.0,250.0,0.0,0.0,0,,,,,
fed_speeches,speech,2018-04-19_d69588b9ccdb.txt,17207,16058,1149,6.678,57,45,0,71.0,1078.0,0.0,0.0,0,,,,,
fed_speeches,speech,2018-05-04_20747c9d6013.txt,29581,25530,4051,13.695,97,67,0,0.0,4051.0,0.0,0.0,0,,,,,
fed_speeches,speech,2018-05-08_1f458e1c5a46.txt,15441,12644,2797,18.114,91,71,0,0.0,2797.0,0.0,0.0,0,,,,,
fed_speeches,speech,2018-05-15_7967364afc76.txt,24013,21646,2367,9.857,73,51,0,150.0,2217.0,0.0,0.0,0,,,,,
fed_speeches,speech,2018-05-16_967db1a4f966.txt,18572,16920,1652,8.895,59,45,0,0.0,1652.0,0.0,0.0,0,,,,,
fed_speeches,speech,2018-05-18_08f7c3dfc688.txt,26995,21852,5143,19.052,105,67,0,173.0,4970.0,0.0,0.0,0,,,,,
fed_speeches,speech,2018-05-25_713b1d51c253.txt,13507,12902,605,4.479,67,53,0,0.0,605.0,0.0,0.0,0,,,,,
fed_speeches,speech,2018-05-31_c788e6876c1f.txt,22786,20314,2472,10.849,115,87,0,81.0,2391.0,0.0,0.0,0,,,,,
fed_speeches,speech,2018-06-20_d4a16832d606.txt,12428,8851,3577,28.782,51,33,0,0.0,3577.0,0.0,0.0,0,,,,,
fed_speeches,speech,2018-06-27_bec31b37c3c3.txt,19627,19464,163,0.83,69,67,0,0.0,163.0,0.0,0.0,0,,,,,
fed_speeches,speech,2018-07-18_01f74ba03ad3.txt,18141,17354,787,4.338,63,59,0,0.0,787.0,0.0,0.0,0,,,,,
fed_speeches,speech,2018-07-19_0bab48ea6fa7.txt,10834,10593,241,2.224,33,29,0,0.0,241.0,0.0,0.0,0,,,,,
fed_speeches,speech,2018-08-24_b8599444e6af.txt,32208,28046,4162,12.922,177,129,0,17.0,4113.0,32.0,0.0,0,,,,,
fed_speeches,speech,2018-09-12_92f1f00d6df0.txt,25889,22305,3584,13.844,149,105,0,93.0,3491.0,0.0,0.0,0,,,,,
fed_speeches,speech,2018-09-27_a0d4a6e58c5c.txt,2981,2961,20,0.671,15,13,0,20.0,0.0,0.0,0.0,0,,,,,
fed_speeches,speech,2018-10-02_05b2fb9800e9.txt,28556,23921,4635,16.231,145,103,0,18.0,4569.0,48.0,0.0,0,,,,,
fed_speeches,speech,2018-10-03_13bbee43367c.txt,17584,14985,2599,14.78,69,43,0,160.0,2439.0,0.0,0.0,0,,,,,
fed_speeches,speech,2018-10-04_d7eea358ec20.txt,23168,19384,3784,16.333,83,61,0,18.0,3580.0,186.0,0.0,0,,,,,
fed_speeches,speech,2018-10-15_2e5f140b8a37.txt,7670,7352,318,4.146,37,27,0,119.0,199.0,0.0,0.0,0,,,,,
fed_speeches,speech,2018-10-17_640c9c7d31d0.txt,35640,24301,11339,31.815,179,75,0,251.0,11088.0,0.0,0.0,0,,,,,
fed_speeches,speech,2018-10-18_7f19688aa8c8.txt,16959,16211,748,4.411,55,45,0,18.0,730.0,0.0,0.0,0,,,,,
fed_speeches,speech,2018-10-25_41d47f692564.txt,16159,14526,1633,10.106,47,37,0,18.0,1615.0,0.0,0.0,0,,,,,
fed_speeches,speech,2018-11-09_c5d2f94cb1b6.txt,21834,21291,543,2.487,67,59,0,19.0,524.0,0.0,0.0,0,,,,,
fed_speeches,speech,2018-11-13_f990211cf395.txt,28212,19159,9053,32.089,105,45,0,115.0,8938.0,0.0,0.0,0,,,,,
fed_speeches,speech,2018-11-16_b09a816d305b.txt,10646,10209,437,4.105,37,29,0,19.0,418.0,0.0,0.0,0,,,,,
fed_speeches,speech,2018-11-27_644fef1fe592.txt,15327,12039,3288,21.452,49,33,0,19.0,3269.0,0.0,0.0,0,,,,,
fed_speeches,speech,2018-11-28_2744b047e7e1.txt,26540,23113,3427,12.913,101,71,0,19.0,3372.0,36.0,0.0,0,,,,,
fed_speeches,speech,2018-12-03_7388abe59ba1.txt,6794,5458,1336,19.664,37,25,0,19.0,1317.0,0.0,0.0,0,,,,,
fed_speeches,speech,2018-12-03_85a456ace510.txt,28301,23570,4731,16.717,95,55,0,192.0,4539.0,0.0,0.0,0,,,,,
fed_speeches,speech,2018-12-03_b93ec5f589ba.txt,9294,5879,3415,36.744,51,21,0,141.0,3274.0,0.0,0.0,0,,,,,
fed_speeches,speech,2018-12-05_ce75eca30fab.txt,21950,18732,3218,14.661,95,63,0,19.0,3186.0,12.0,0.0,1,,,,,
fed_speeches,speech,2018-12-06_c002fb7a8505.txt,9091,7401,1690,18.59,37,25,0,19.0,1671.0,0.0,0.0,0,,,,,
fed_speeches,speech,2018-12-07_8f641348db59.txt,27518,24884,2634,9.572,123,89,0,116.0,2397.0,121.0,0.0,0,,,,,
fed_speeches,speech,2019-01-09_9dc6acd442cb.txt,20752,18400,2352,11.334,91,71,0,18.0,2334.0,0.0,0.0,0,,,,,
fed_speeches,speech,2019-01-10_bf029407ec95.txt,18732,15334,3398,18.14,53,37,0,18.0,3380.0,0.0,0.0,0,,,,,
fed_speeches,speech,2019-02-01_5bd3b800a8d4.txt,9539,8504,1035,10.85,41,27,0,181.0,854.0,0.0,0.0,0,,,,,
fed_speeches,speech,2019-02-06_a0e533a18ea6.txt,10934,8157,2777,25.398,51,31,0,19.0,2758.0,0.0,0.0,0,,,,,
fed_speeches,speech,2019-02-06_aeb7557b0556.txt,5847,5828,19,0.325,29,27,0,19.0,0.0,0.0,0.0,0,,,,,
fed_speeches,speech,2019-02-10_f02df5c8b755.txt,15912,15893,19,0.119,43,41,0,19.0,0.0,0.0,0.0,0,,,,,
fed_speeches,speech,2019-02-11_bdbf7e2ab941.txt,12054,11782,272,2.257,51,43,0,159.0,113.0,0.0,0.0,0,,,,,
fed_speeches,speech,2019-02-12_5d257f627359.txt,20529,13578,6951,33.859,97,53,0,19.0,6932.0,0.0,0.0,0,,,,,
fed_speeches,speech,2019-02-22_d44fc1854bd9.txt,10788,9325,1463,13.561,39,25,0,19.0,1444.0,0.0,0.0,0,,,,,
fed_speeches,speech,2019-02-22_e8cac9691955.txt,36381,26383,9998,27.481,191,145,0,211.0,9787.0,0.0,0.0,0,,,,,
fed_speeches,speech,2019-02-23_a7a34359fc49.txt,9125,7354,1771,19.408,43,25,0,116.0,1655.0,0.0,0.0,0,,,,,
fed_speeches,speech,2019-02-28_5c6f3e4d0f4b.txt,6643,5621,1022,15.385,33,19,0,174.0,848.0,0.0,0.0,0,,,,,
fed_speeches,speech,2019-02-28_998c2a64147a.txt,18353,14424,3929,21.408,77,47,0,124.0,3684.0,121.0,0.0,0,,,,,
fed_speeches,speech,2019-03-07_9748fddea503.txt,27434,24169,3265,11.901,149,105,0,226.0,3039.0,0.0,0.0,0,,,,,
fed_speeches,speech,2019-03-08_9a4736247787.txt,27989,23973,4016,14.348,133,99,0,129.0,3839.0,48.0,0.0,0,,,,,
fed_speeches,speech,2019-03-11_552b541eb117.txt,4156,3997,159,3.826,17,13,0,159.0,0.0,0.0,0.0,0,,,,,
fed_speeches,speech,2019-03-12_360db1e56284.txt,25381,23839,1542,6.075,77,63,0,122.0,1420.0,0.0,0.0,0,,,,,
fed_speeches,speech,2019-03-25_193cb908799f.txt,9960,8937,1023,10.271,51,33,0,95.0,928.0,0.0,0.0,0,,,,,
fed_speeches,speech,2019-03-28_04cd3ddc4bc0.txt,16542,15214,1328,8.028,69,51,0,153.0,1175.0,0.0,0.0,0,,,,,
fed_speeches,speech,2019-03-28_5bd19e8bc299.txt,14200,10088,4112,28.958,79,53,0,223.0,3889.0,0.0,0.0,0,,,,,
fed_speeches,speech,2019-03-28_d73b78e551c7.txt,23285,22972,313,1.344,71,65,0,209.0,104.0,0.0,0.0,0,,,,,
fed_speeches,speech,2019-03-29_ad45d8069237.txt,25235,21904,3331,13.2,87,59,0,217.0,3114.0,0.0,0.0,0,,,,,
fed_speeches,speech,2019-04-02_59b3ab9da703.txt,12854,12168,686,5.337,49,37,0,203.0,483.0,0.0,0.0,0,,,,,
fed_speeches,speech,2019-04-02_61120ce31658.txt,14392,13753,639,4.44,55,43,0,92.0,547.0,0.0,0.0,0,,,,,
fed_speeches,speech,2019-04-09_3053182f9fb1.txt,39449,28583,10866,27.544,211,159,0,244.0,10622.0,0.0,0.0,0,,,,,
fed_speeches,speech,2019-04-10_6784febef199.txt,4666,4470,196,4.201,15,11,0,196.0,0.0,0.0,0.0,0,,,,,
fed_speeches,speech,2019-04-11_14e3f017aac4.txt,19628,13685,5943,30.278,89,37,0,131.0,5812.0,0.0,0.0,0,,,,,
fed_speeches,speech,2019-04-11_90ec56f53da1.txt,5806,4866,940,16.19,27,15,0,130.0,810.0,0.0,0.0,0,,,,,
fed_speeches,speech,2019-05-03_dda6424620ff.txt,33480,26828,6652,19.869,157,119,-66,161.0,6499.0,58.0,0.0,0,,,,,
fed_speeches,speech,2019-05-08_4fb66876b791.txt,10834,9525,1309,12.082,47,35,-9,123.0,1195.0,0.0,0.0,0,,,,,
fed_speeches,speech,2019-05-09_1c38f99060d2.txt,5147,4708,439,8.529,23,15,0,164.0,275.0,0.0,0.0,0,,,,,
fed_speeches,speech,2019-05-10_0e47510def0e.txt,44857,29086,15771,35.158,201,101,-16,159.0,15468.0,160.0,0.0,0,,,,,
fed_speeches,speech,2019-05-13_4e2cf788c111.txt,13240,9347,3893,29.403,77,55,-7,178.0,3722.0,0.0,0.0,0,,,,,
fed_speeches,speech,2019-05-16_dc0588a90268.txt,24794,18418,6376,25.716,91,53,-9,153.0,6232.0,0.0,0.0,0,,,,,
fed_speeches,speech,2019-05-17_d60a6696b201.txt,4092,3118,974,23.803,19,9,-2,194.0,782.0,0.0,0.0,0,,,,,
fed_speeches,speech,2019-05-20_1f2137ae700f.txt,22052,20915,1137,5.156,83,71,-15,209.0,859.0,84.0,0.0,0,,,,,
fed_speeches,speech,2019-05-20_9815b3ead1db.txt,17984,12379,5605,31.167,107,73,-7,139.0,5473.0,0.0,0.0,0,,,,,
fed_speeches,speech,2019-05-30_23989a89be40.txt,30056,24733,5323,17.71,147,107,-33,85.0,5271.0,0.0,0.0,0,,,,,
fed_speeches,speech,2019-05-30_5bcb24499e87.txt,15195,13796,1399,9.207,69,53,-18,214.0,1203.0,0.0,0.0,0,,,,,
fed_speeches,speech,2019-06-03_71c4731e8f43.txt,8735,7824,911,10.429,33,23,-4,294.0,621.0,0.0,0.0,0,,,,,
fed_speeches,speech,2019-06-04_85dda23562fa.txt,20944,16404,4540,21.677,111,73,-14,195.0,4359.0,0.0,0.0,0,,,,,
fed_speeches,speech,2019-06-05_8f6cd8b09670.txt,6716,5880,836,12.448,29,17,-8,188.0,656.0,0.0,0.0,0,,,,,
fed_speeches,speech,2019-06-21_50b6fa0422cf.txt,12553,9663,2890,23.022,53,33,-5,145.0,2750.0,0.0,0.0,0,,,,,
fed_speeches,speech,2019-06-25_264855576e39.txt,8781,8464,317,3.61,33,27,-4,81.0,240.0,0.0,0.0,0,,,,,
fed_speeches,speech,2019-06-25_2e02fe06835b.txt,7022,6892,130,1.851,25,21,-2,132.0,0.0,0.0,0.0,0,,,,,
fed_speeches,speech,2019-07-01_1be0ef1988c6.txt,42121,30915,11206,26.604,223,169,-29,154.0,11081.0,0.0,0.0,0,,,,,
fed_speeches,speech,2019-07-09_036db7def2e6.txt,21600,20993,607,2.81,65,57,-13,186.0,434.0,0.0,0.0,0,,,,,
fed_speeches,speech,2019-07-09_68da7fe3c78b.txt,4639,3941,698,15.046,35,29,-5,154.0,549.0,0.0,0.0,0,,,,,
fed_speeches,speech,2019-07-11_b1641249a384.txt,6029,5519,510,8.459,25,19,-1,85.0,426.0,0.0,0.0,0,,,,,
fed_speeches,speech,2019-07-16_35c24b23ca14.txt,15342,13988,1354,8.825,57,43,-10,203.0,1161.0,0.0,0.0,0,,,,,
fed_speeches,speech,2019-08-05_3116b0527e8e.txt,18126,16097,2029,11.194,77,49,-10,118.0,1921.0,0.0,0.0,0,,,,,
fed_speeches,speech,2019-08-20_25d6a6288473.txt,7721,6725,996,12.9,33,19,-4,152.0,848.0,0.0,0.0,0,,,,,
fed_speeches,speech,2019-08-23_83f55cd9b74a.txt,25691,21852,3839,14.943,117,83,-7,169.0,3665.0,12.0,0.0,0,,,,,
fed_speeches,speech,2019-09-04_b905a365de76.txt,5275,5133,142,2.692,27,21,-3,145.0,0.0,0.0,0.0,0,,,,,
fed_speeches,speech,2019-09-05_2bb1b2f7fb13.txt,20397,19735,662,3.246,69,57,-8,144.0,526.0,0.0,0.0,0,,,,,
fed_speeches,speech,2019-09-26_2f2a2ea4f713.txt,37474,27185,10289,27.456,223,167,-34,205.0,10118.0,0.0,0.0,0,,,,,
fed_speeches,speech,2019-09-26_dba8f5a60498.txt,13518,10864,2654,19.633,61,33,-10,239.0,2425.0,0.0,0.0,0,,,,,
fed_speeches,speech,2019-09-27_715881ccbffd.txt,22889,20690,2199,9.607,85,63,-22,167.0,2054.0,0.0,0.0,0,,,,,
fed_speeches,speech,2019-10-01_7c5c98fef710.txt,23576,21240,2336,9.908,97,73,-11,295.0,2040.0,12.0,0.0,0,,,,,
fed_speeches,speech,2019-10-01_7e679041cafa.txt,3500,3279,221,6.314,15,9,-3,224.0,0.0,0.0,0.0,0,,,,,
fed_speeches,speech,2019-10-03_e0c10f435698.txt,21034,20481,553,2.629,69,59,-9,188.0,374.0,0.0,0.0,0,,,,,
fed_speeches,speech,2019-10-04_02598ec54a45.txt,5203,5009,194,3.729,23,17,-13,207.0,0.0,0.0,0.0,0,,,,,
fed_speeches,speech,2019-10-07_2a4b9cfdabcc.txt,4803,4416,387,8.057,23,15,-6,140.0,253.0,0.0,0.0,0,,,,,
fed_speeches,speech,2019-10-08_abe46e726e47.txt,26531,23618,2913,10.98,137,93,-16,201.0,2692.0,36.0,0.0,0,,,,,
fed_speeches,speech,2019-10-09_d267291d0db8.txt,4207,4048,159,3.779,21,15,-6,165.0,0.0,0.0,0.0,0,,,,,
fed_speeches,speech,2019-10-16_8d1fa24b4cc0.txt,28464,23552,4912,17.257,123,71,-11,223.0,4700.0,0.0,0.0,0,,,,,
fed_speeches,speech,2019-10-17_171e1cf48d92.txt,5620,5421,199,3.541,31,25,-2,201.0,0.0,0.0,0.0,0,,,,,
fed_speeches,speech,2019-10-18_02296abb5b2c.txt,7668,6201,1467,19.131,41,23,-2,225.0,1244.0,0.0,0.0,0,,,,,
fed_speeches,speech,2019-10-21_0dfcebe338b0.txt,6139,5835,304,4.952,41,31,-2,125.0,181.0,0.0,0.0,0,,,,,
fed_speeches,speech,2019-11-01_759ada45816a.txt,16350,13629,2721,16.642,53,31,-9,92.0,2638.0,0.0,0.0,0,,,,,
fed_speeches,speech,2019-11-01_bbeef77362ba.txt,31375,26518,4857,15.48,177,119,-36,249.0,4644.0,0.0,0.0,0,,,,,
fed_speeches,speech,2019-11-08_1e1645a4920d.txt,19603,11770,7833,39.958,83,33,-6,185.0,7654.0,0.0,0.0,0,,,,,
fed_speeches,speech,2019-11-12_b4fd1b7c8e42.txt,40329,34256,6073,15.059,193,145,-29,284.0,5818.0,0.0,0.0,0,,,,,
fed_speeches,speech,2019-11-14_10cf743c8d27.txt,31143,22103,9040,29.027,175,127,-20,151.0,8909.0,0.0,0.0,0,,,,,
fed_speeches,speech,2019-11-14_359673e7a551.txt,7396,7085,311,4.205,43,35,-1,223.0,89.0,0.0,0.0,0,,,,,
fed_speeches,speech,2019-11-25_baaf5069ed8a.txt,16186,13928,2258,13.95,61,41,-14,138.0,2050.0,84.0,0.0,0,,,,,
fed_speeches,speech,2019-11-26_7a000f1940fa.txt,28094,20084,8010,28.511,105,61,-12,164.0,7858.0,0.0,0.0,0,,,,,
fed_speeches,speech,2019-12-18_ac6bae2c8ae7.txt,17909,14889,3020,16.863,91,47,-9,43.0,2986.0,0.0,0.0,0,,,,,
fed_speeches,speech,2020-01-08_e662eda472e7.txt,28378,23996,4382,15.442,109,77,-5,84.0,4219.0,84.0,0.0,0,,,,,
fed_speeches,speech,2020-01-09_c8fa7c08441d.txt,6983,5410,1573,22.526,31,15,-2,160.0,1415.0,0.0,0.0,0,,,,,
fed_speeches,speech,2020-01-16_679d849fc3f0.txt,11676,11060,616,5.276,45,35,-7,161.0,462.0,0.0,0.0,0,,,,,
fed_speeches,speech,2020-01-17_15aff6e6028d.txt,27721,27584,137,0.494,89,83,-13,150.0,0.0,0.0,0.0,0,,,,,
fed_speeches,speech,2020-02-05_7b5cb6fcaf59.txt,27014,22775,4239,15.692,101,67,-17,109.0,4147.0,0.0,0.0,0,,,,,
fed_speeches,speech,2020-02-06_da16fb22dfb4.txt,26379,23316,3063,11.612,129,99,-18,133.0,2948.0,0.0,0.0,0,,,,,
fed_speeches,speech,2020-02-10_516302cc21c3.txt,21888,21337,551,2.517,79,67,-8,153.0,406.0,0.0,0.0,0,,,,,
fed_speeches,speech,2020-02-11_d198aba90942.txt,16668,16565,103,0.618,51,45,-10,113.0,0.0,0.0,0.0,0,,,,,
fed_speeches,speech,2020-02-21_28f170a45709.txt,13185,11120,2065,15.662,47,27,-17,211.0,1871.0,0.0,0.0,0,,,,,
fed_speeches,speech,2020-02-21_c9e199032cfe.txt,24011,15065,8946,37.258,93,53,-9,204.0,8751.0,0.0,0.0,0,,,,,
fed_speeches,speech,2020-02-25_c33d22e8abe8.txt,6991,5460,1531,21.9,31,15,-4,120.0,1415.0,0.0,0.0,0,,,,,
fed_speeches,speech,2020-02-27_df72c5459467.txt,25845,23720,2125,8.222,79,51,-3,208.0,1920.0,0.0,0.0,0,,,,,
fed_speeches,speech,2020-04-09_e81640e87f5f.txt,5665,5532,133,2.348,27,23,-4,137.0,0.0,0.0,0.0,0,,,,,
fed_speeches,speech,2020-05-05_d4a158ff968f.txt,2185,2008,177,8.101,11,7,0,177.0,0.0,0.0,0.0,0,,,,,
fed_speeches,speech,2020-05-13_602fac00f77a.txt,9289,8676,613,6.599,47,35,-7,111.0,509.0,0.0,0.0,0,,,,,
fed_speeches,speech,2020-05-21_1eed93d97d04.txt,2648,2458,190,7.175,21,17,-3,193.0,0.0,0.0,0.0,0,,,,,
fed_speeches,speech,2020-05-21_34227365c29f.txt,11761,10646,1115,9.48,49,35,-9,117.0,1007.0,0.0,0.0,0,,,,,
fed_speeches,speech,2020-05-21_7df2acc4ef32.txt,3140,2951,189,6.019,21,17,-3,192.0,0.0,0.0,0.0,0,,,,,
fed_speeches,speech,2020-06-16_b2a256d57568.txt,15529,13692,1837,11.829,37,23,-12,86.0,1763.0,0.0,0.0,0,,,,,
fed_speeches,speech,2020-06-19_1c16de059252.txt,3284,3120,164,4.994,15,11,0,164.0,0.0,0.0,0.0,0,,,,,
fed_speeches,speech,2020-06-19_699e801270a4.txt,15238,14297,941,6.175,59,51,-3,97.0,847.0,0.0,0.0,0,,,,,
fed_speeches,speech,2020-07-07_2c9fe99008a7.txt,12673,12538,135,1.065,63,59,-9,144.0,0.0,0.0,0.0,0,,,,,
fed_speeches,speech,2020-07-14_5fb09a3c5177.txt,21605,14119,7486,34.649,69,37,-10,167.0,7329.0,0.0,0.0,0,,,,,
fed_speeches,speech,2020-08-06_c73f0aee05be.txt,18759,14176,4583,24.431,63,31,0,104.0,4479.0,0.0,0.0,0,,,,,
fed_speeches,speech,2020-08-13_184239f60ddc.txt,10663,8851,1812,16.993,37,21,0,180.0,1632.0,0.0,0.0,0,,,,,
fed_speeches,speech,2020-08-19_f4fc342f4aca.txt,3922,3812,110,2.805,23,17,-4,114.0,0.0,0.0,0.0,0,,,,,
fed_speeches,speech,2020-08-26_a1b6bae517cc.txt,14551,14212,339,2.33,57,49,-4,158.0,185.0,0.0,0.0,0,,,,,
fed_speeches,speech,2020-08-27_e3206c08cc30.txt,35049,27403,7646,21.815,175,115,-28,229.0,7445.0,0.0,0.0,0,,,,,
fed_speeches,speech,2020-08-31_20090b975867.txt,52655,39341,13314,25.285,245,171,-57,135.0,13236.0,0.0,0.0,0,,,,,
fed_speeches,speech,2020-09-01_adaac8e52a6e.txt,22278,13719,8559,38.419,81,29,-10,273.0,8296.0,0.0,0.0,0,,,,,
fed_speeches,speech,2020-09-21_fd3504f13f7b.txt,26815,21963,4852,18.094,95,61,0,100.0,4680.0,72.0,0.0,0,,,,,
fed_speeches,speech,2020-09-23_c8d13620f4ff.txt,25438,20493,4945,19.439,101,59,-8,167.0,4786.0,0.0,0.0,0,,,,,
fed_speeches,speech,2020-09-30_54284afb2d18.txt,23642,21496,2146,9.077,89,59,-7,188.0,1965.0,0.0,0.0,0,,,,,
fed_speeches,speech,2020-10-01_26202c07ccb2.txt,7687,6858,829,10.784,33,23,-2,42.0,789.0,0.0,0.0,0,,,,,
fed_speeches,speech,2020-10-01_49d8e10abe11.txt,6717,6474,243,3.618,31,25,0,243.0,0.0,0.0,0.0,0,,,,,
fed_speeches,speech,2020-10-06_ad20cfda8555.txt,14156,13352,804,5.68,59,49,-14,117.0,701.0,0.0,0.0,0,,,,,
fed_speeches,speech,2020-10-14_1597cbded99e.txt,9898,8448,1450,14.649,29,13,-17,162.0,1305.0,0.0,0.0,0,,,,,
fed_speeches,speech,2020-10-14_e5d2cc1a9fea.txt,14370,12811,1559,10.849,63,41,-6,126.0,1439.0,0.0,0.0,0,,,,,
fed_speeches,speech,2020-10-15_05a4507bb352.txt,20087,18838,1249,6.218,59,43,-15,139.0,1125.0,0.0,0.0,0,,,,,
fed_speeches,speech,2020-10-15_1390f64c672b.txt,16007,13852,2155,13.463,71,47,0,42.0,2113.0,0.0,0.0,0,,,,,
fed_speeches,speech,2020-10-19_caa2c4134788.txt,11887,9456,2431,20.451,41,19,-11,151.0,2291.0,0.0,0.0,0,,,,,
fed_speeches,speech,2020-10-20_15dbadb289eb.txt,17604,16876,728,4.135,61,51,-10,155.0,583.0,0.0,0.0,0,,,,,
fed_speeches,speech,2020-10-20_1deb9fcd1af0.txt,16546,13634,2912,17.599,75,45,-3,112.0,2803.0,0.0,0.0,0,,,,,
fed_speeches,speech,2020-10-21_791a8e555c6e.txt,29446,19460,9986,33.913,101,59,-7,179.0,9814.0,0.0,0.0,0,,,,,
fed_speeches,speech,2020-11-10_7ae016ed4c21.txt,22098,16621,5477,24.785,97,47,0,140.0,5337.0,0.0,0.0,0,,,,,
fed_speeches,speech,2020-11-16_85de9d3cd6d9.txt,27782,22110,5672,20.416,91,55,-25,355.0,5342.0,0.0,0.0,0,,,,,
fed_speeches,speech,2020-11-17_c5eadb403346.txt,15597,11672,3925,25.165,77,31,-4,135.0,3794.0,0.0,0.0,0,,,,,
fed_speeches,speech,2020-11-19_c294f9246908.txt,21180,18563,2617,12.356,77,53,-10,267.0,2360.0,0.0,0.0,0,,,,,
fed_speeches,speech,2020-12-01_db5938692005.txt,7966,6578,1388,17.424,33,19,0,94.0,1294.0,0.0,0.0,0,,,,,
fed_speeches,speech,2020-12-04_001e7ab207c2.txt,13312,12283,1029,7.73,47,33,-1,133.0,897.0,0.0,0.0,0,,,,,
fed_speeches,speech,2020-12-11_af028c8c2c09.txt,32652,29725,2927,8.964,107,81,-29,205.0,2751.0,0.0,0.0,0,,,,,
fed_speeches,speech,2020-12-17_33c899771a47.txt,7860,7179,681,8.664,37,25,-1,125.0,557.0,0.0,0.0,0,,,,,
fed_speeches,speech,2020-12-18_74b012e7b370.txt,29399,15589,13810,46.974,133,47,-4,173.0,13641.0,0.0,0.0,0,,,,,
fed_speeches,speech,2021-01-08_206dfe42d05f.txt,9865,7972,1893,19.189,33,15,-11,173.0,1731.0,0.0,0.0,0,,,,,
fed_speeches,speech,2021-01-12_c4734cfbe50b.txt,22554,17672,4882,21.646,91,45,-10,169.0,4723.0,0.0,0.0,0,,,,,
fed_speeches,speech,2021-01-13_cfaf810b9684.txt,24490,16770,7720,31.523,97,49,-6,177.0,7549.0,0.0,0.0,0,,,,,
fed_speeches,speech,2021-01-13_f7516289055d.txt,21866,17382,4484,20.507,87,55,-20,213.0,4291.0,0.0,0.0,0,,,,,
fed_speeches,speech,2021-02-10_ad36f079779c.txt,19939,14485,5454,27.353,83,43,-6,91.0,5261.0,108.0,0.0,0,,,,,
fed_speeches,speech,2021-02-16_cbd046b053af.txt,13258,13101,157,1.184,41,35,-2,159.0,0.0,0.0,0.0,0,,,,,
fed_speeches,speech,2021-02-18_5da45d294190.txt,24708,18187,6521,26.392,111,53,-10,241.0,6290.0,0.0,0.0,0,,,,,
fed_speeches,speech,2021-02-22_2bab141eea25.txt,6496,6055,441,6.789,31,21,0,149.0,292.0,0.0,0.0,0,,,,,
fed_speeches,speech,2021-02-24_1faf959a007a.txt,35224,24781,10443,29.647,159,85,-4,180.0,10267.0,0.0,0.0,0,,,,,
fed_speeches,speech,2021-02-24_60559c0790f5.txt,9694,7691,2003,20.662,37,17,-11,271.0,1743.0,0.0,0.0,0,,,,,
fed_speeches,speech,2021-02-25_9610e43ef7df.txt,17587,17463,124,0.705,49,43,-13,137.0,0.0,0.0,0.0,0,,,,,
fed_speeches,speech,2021-03-01_459ff6736af2.txt,26079,21412,4667,17.896,83,49,-5,116.0,4556.0,0.0,0.0,0,,,,,
fed_speeches,speech,2021-03-02_a04a48a43cc1.txt,16368,12629,3739,22.843,63,37,-4,149.0,3594.0,0.0,0.0,0,,,,,
fed_speeches,speech,2021-03-18_267614bb7fd5.txt,5879,4858,1021,17.367,31,19,-8,269.0,760.0,0.0,0.0,0,,,,,
fed_speeches,speech,2021-03-22_548a49bd52dd.txt,17472,16416,1056,6.044,55,45,-6,102.0,960.0,0.0,0.0,0,,,,,
fed_speeches,speech,2021-03-22_655af3128f21.txt,11509,10352,1157,10.053,43,29,-4,183.0,978.0,0.0,0.0,0,,,,,
fed_speeches,speech,2021-03-23_80d97a3ed797.txt,22695,15747,6948,30.615,87,47,-7,114.0,6841.0,0.0,0.0,0,,,,,
fed_speeches,speech,2021-03-23_bf529f212fb4.txt,19260,13638,5622,29.19,79,45,-5,155.0,5472.0,0.0,0.0,0,,,,,
fed_speeches,speech,2021-03-25_5fa35f41ee49.txt,10253,8229,2024,19.741,35,17,-13,136.0,1901.0,0.0,0.0,0,,,,,
fed_speeches,speech,2021-03-29_e2ee85491ac6.txt,20733,14715,6018,29.026,97,55,-8,119.0,5907.0,0.0,0.0,0,,,,,
fed_speeches,speech,2021-03-30_a586cfeb0eef.txt,18259,17614,645,3.533,71,61,-12,176.0,481.0,0.0,0.0,0,,,,,
fed_speeches,speech,2021-04-14_c2dcfb721730.txt,26429,19251,7178,27.16,129,93,-30,196.0,7012.0,0.0,0.0,0,,,,,
fed_speeches,speech,2021-05-03_21eb1fcd0c51.txt,8119,7286,833,10.26,41,29,-9,154.0,688.0,0.0,0.0,0,,,,,
fed_speeches,speech,2021-05-05_9e076ae0db0a.txt,10564,10273,291,2.755,27,21,-2,84.0,209.0,0.0,0.0,0,,,,,
fed_speeches,speech,2021-05-11_75d443ebc9cf.txt,19543,13507,6036,30.886,79,45,-4,171.0,5869.0,0.0,0.0,0,,,,,
fed_speeches,speech,2021-05-12_48c01ec8c512.txt,10411,7930,2481,23.831,35,17,-17,138.0,2360.0,0.0,0.0,0,,,,,
fed_speeches,speech,2021-05-13_ae3b85c76752.txt,17191,14877,2314,13.461,69,53,-13,206.0,2121.0,0.0,0.0,0,,,,,
fed_speeches,speech,2021-05-17_efcb75cb50f4.txt,29795,23271,6524,21.896,151,113,-46,286.0,6284.0,0.0,0.0,0,,,,,
fed_speeches,speech,2021-05-24_0d1595b9ed63.txt,22726,18057,4669,20.545,85,47,-4,102.0,4571.0,0.0,0.0,0,,,,,
fed_speeches,speech,2021-05-26_0b6e4eff3e26.txt,22445,19822,2623,11.686,85,63,-11,159.0,2475.0,0.0,0.0,0,,,,,
fed_speeches,speech,2021-05-26_4e22a4d29e9e.txt,14487,14145,342,2.361,65,59,-8,156.0,194.0,0.0,0.0,0,,,,,
fed_speeches,speech,2021-06-01_904d0ad6c65d.txt,24721,17410,7311,29.574,85,51,-2,92.0,7221.0,0.0,0.0,0,,,,,
fed_speeches,speech,2021-06-03_95bd04b882f7.txt,23649,23051,598,2.529,69,59,-23,101.0,520.0,0.0,0.0,0,,,,,
fed_speeches,speech,2021-06-23_e62a709086f3.txt,13856,12109,1747,12.608,55,35,-4,184.0,1567.0,0.0,0.0,0,,,,,
fed_speeches,speech,2021-06-28_34d51415f320.txt,23436,20985,2451,10.458,97,69,-24,122.0,2353.0,0.0,0.0,0,,,,,
fed_speeches,speech,2021-07-11_400b3b3d07d9.txt,10719,10219,500,4.665,41,31,-7,119.0,388.0,0.0,0.0,0,,,,,
fed_speeches,speech,2021-07-30_ed5bfa1f072e.txt,10037,9002,1035,10.312,43,33,-2,141.0,896.0,0.0,0.0,0,,,,,
fed_speeches,speech,2021-08-03_46e99fa8877d.txt,7873,5104,2769,35.171,37,15,-5,298.0,2476.0,0.0,0.0,0,,,,,
fed_speeches,speech,2021-08-04_a565acd16564.txt,18324,15388,2936,16.023,71,41,-32,135.0,2833.0,0.0,0.0,0,,,,,
fed_speeches,speech,2021-08-05_dce8f3da8351.txt,23469,18276,5193,22.127,95,51,-6,119.0,5080.0,0.0,0.0,0,,,,,
fed_speeches,speech,2021-08-17_5d9a7ba951f3.txt,3860,3709,151,3.912,31,25,-3,154.0,0.0,0.0,0.0,0,,,,,
fed_speeches,speech,2021-08-27_e76d114bd181.txt,24661,20029,4632,18.783,127,85,-12,210.0,4350.0,84.0,0.0,0,,,,,
fed_speeches,speech,2021-09-09_ad694768c316.txt,13625,13237,388,2.848,45,35,-2,185.0,205.0,0.0,0.0,0,,,,,
fed_speeches,speech,2021-09-24_65e76f048b9a.txt,2582,2382,200,7.746,19,13,0,200.0,0.0,0.0,0.0,0,,,,,
fed_speeches,speech,2021-09-27_aee1ce174189.txt,22855,15190,7665,33.538,91,49,-8,194.0,7479.0,0.0,0.0,0,,,,,
fed_speeches,speech,2021-09-28_8be0b8a49941.txt,18756,17201,1555,8.291,119,99,-10,168.0,1397.0,0.0,0.0,0,,,,,
fed_speeches,speech,2021-10-05_566474a3a64f.txt,14415,11856,2559,17.752,67,37,-9,133.0,2435.0,0.0,0.0,0,,,,,
fed_speeches,speech,2021-10-07_8978d5192337.txt,22779,16244,6535,28.689,89,45,-1,175.0,6361.0,0.0,0.0,0,,,,,
fed_speeches,speech,2021-10-12_85c618738458.txt,11193,9092,2101,18.771,51,31,-12,266.0,1847.0,0.0,0.0,0,,,,,
fed_speeches,speech,2021-10-13_064871e34848.txt,22699,21786,913,4.022,77,65,-3,185.0,731.0,0.0,0.0,0,,,,,
fed_speeches,speech,2021-10-13_5cbc61335177.txt,27614,18556,9058,32.802,153,65,-8,124.0,8942.0,0.0,0.0,0,,,,,
fed_speeches,speech,2021-10-18_e7a8deb502c7.txt,19220,18863,357,1.857,77,67,-17,109.0,265.0,0.0,0.0,0,,,,,
fed_speeches,speech,2021-10-19_342b93f2d9eb.txt,12341,9973,2368,19.188,57,33,-2,150.0,2220.0,0.0,0.0,0,,,,,
fed_speeches,speech,2021-10-19_c40114a76c41.txt,21225,20443,782,3.684,73,61,-7,161.0,628.0,0.0,0.0,0,,,,,
fed_speeches,speech,2021-10-20_20a931a9dafe.txt,23009,21134,1875,8.149,73,51,-11,145.0,1741.0,0.0,0.0,0,,,,,
fed_speeches,speech,2021-10-22_46b50aaa64ce.txt,15056,12669,2387,15.854,73,45,-3,163.0,2227.0,0.0,0.0,0,,,,,
fed_speeches,speech,2021-11-08_5130ab845cbf.txt,14491,12147,2344,16.176,61,35,-26,157.0,2213.0,0.0,0.0,0,,,,,
fed_speeches,speech,2021-11-08_78446b999931.txt,5025,4225,800,15.92,47,35,-4,237.0,567.0,0.0,0.0,0,,,,,
fed_speeches,speech,2021-11-08_d2d540da39c7.txt,14068,11432,2636,18.738,59,33,-6,126.0,2516.0,0.0,0.0,0,,,,,
fed_speeches,speech,2021-11-09_c2c16dabaa7f.txt,6639,6355,284,4.278,47,41,-1,285.0,0.0,0.0,0.0,0,,,,,
fed_speeches,speech,2021-11-17_05591b6a10aa.txt,19239,17740,1499,7.791,65,43,-16,257.0,1258.0,0.0,0.0,0,,,,,
fed_speeches,speech,2021-11-19_7c2404100a61.txt,27171,24989,2182,8.031,121,91,-48,277.0,1953.0,0.0,0.0,0,,,,,
fed_speeches,speech,2021-11-19_d94594fe3d7e.txt,18580,17036,1544,8.31,53,39,-8,110.0,1442.0,0.0,0.0,0,,,,,
fed_speeches,speech,2021-11-29_b2bcc605b2cf.txt,12787,9099,3688,28.842,71,31,0,180.0,3508.0,0.0,0.0,0,,,,,
fed_speeches,speech,2021-11-29_cd725556cb32.txt,3226,3099,127,3.937,31,25,-5,132.0,0.0,0.0,0.0,0,,,,,
fed_speeches,speech,2021-11-30_0d6a73445ce2.txt,26508,21449,5059,19.085,113,75,-24,126.0,4957.0,0.0,0.0,0,,,,,
fed_speeches,speech,2021-12-02_297b48e4406e.txt,48588,38522,10066,20.717,157,97,-41,103.0,10004.0,0.0,0.0,0,,,,,
fed_speeches,speech,2021-12-17_59fa46baf766.txt,22806,20771,2035,8.923,83,63,-8,108.0,1935.0,0.0,0.0,0,,,,,
fed_speeches,speech,2022-02-18_209d38b74bf8.txt,173,62,111,64.162,9,3,0,111.0,0.0,0.0,0.0,0,,,,,
fed_speeches,speech,2022-02-18_f34e6960aab0.txt,19470,14787,4683,24.052,87,43,-6,103.0,4586.0,0.0,0.0,0,,,,,
fed_speeches,speech,2022-02-21_ab06a5d0d953.txt,9628,9019,609,6.325,37,25,-3,139.0,473.0,0.0,0.0,0,,,,,
fed_speeches,speech,2022-02-24_34111b2f7ccd.txt,22942,22203,739,3.221,77,65,-6,153.0,592.0,0.0,0.0,0,,,,,
fed_speeches,speech,2022-03-18_a437b5825b30.txt,2964,2804,160,5.398,13,9,-3,163.0,0.0,0.0,0.0,0,,,,,
fed_speeches,speech,2022-03-21_2bbb10f2d694.txt,17795,15509,2286,12.846,81,61,-7,195.0,2014.0,84.0,0.0,0,,,,,
fed_speeches,speech,2022-03-24_9643dda85145.txt,22100,19362,2738,12.389,69,45,-6,142.0,2602.0,0.0,0.0,0,,,,,
fed_speeches,speech,2022-04-05_d1fef5d3ab14.txt,25366,16030,9336,36.805,93,51,-2,193.0,9145.0,0.0,0.0,0,,,,,
fed_speeches,speech,2022-05-06_798768e8b921.txt,13810,12345,1465,10.608,57,35,-6,106.0,1365.0,0.0,0.0,0,,,,,
fed_speeches,speech,2022-05-24_c5bbb1f002c8.txt,4423,4242,181,4.092,37,33,0,181.0,0.0,0.0,0.0,0,,,,,
fed_speeches,speech,2022-05-25_bbf2239af9c1.txt,13525,13389,136,1.006,63,59,-9,145.0,0.0,0.0,0.0,0,,,,,
fed_speeches,speech,2022-05-30_d990c51379d3.txt,29309,27594,1715,5.851,113,89,-5,154.0,1566.0,0.0,0.0,0,,,,,
fed_speeches,speech,2022-06-03_dfba783b8491.txt,10501,7955,2546,24.245,47,25,-14,121.0,2439.0,0.0,0.0,0,,,,,
fed_speeches,speech,2022-06-17_a934be0e8d66.txt,6155,5583,572,9.293,39,31,0,151.0,421.0,0.0,0.0,0,,,,,
fed_speeches,speech,2022-06-18_197a90e740fc.txt,18066,14416,3650,20.204,57,41,-6,162.0,3494.0,0.0,0.0,0,,,,,
fed_speeches,speech,2022-06-23_222a6304eea5.txt,8806,8688,118,1.34,29,25,-4,122.0,0.0,0.0,0.0,0,,,,,
fed_speeches,speech,2022-07-08_6d3692b85e0a.txt,21143,15909,5234,24.755,73,45,-6,81.0,5159.0,0.0,0.0,0,,,,,
fed_speeches,speech,2022-07-14_cc424e941329.txt,21469,18774,2695,12.553,79,57,-6,112.0,2589.0,0.0,0.0,0,,,,,
fed_speeches,speech,2022-07-19_338b9f02943a.txt,7318,6033,1285,17.559,35,21,-3,149.0,1139.0,0.0,0.0,0,,,,,
fed_speeches,speech,2022-08-06_1b3eeaf56984.txt,14676,14516,160,1.09,55,49,-2,162.0,0.0,0.0,0.0,0,,,,,
fed_speeches,speech,2022-08-17_8aecb6c0cd58.txt,13406,11991,1415,10.555,77,59,-4,104.0,1315.0,0.0,0.0,0,,,,,
fed_speeches,speech,2022-08-17_bb605ca894f7.txt,19223,16034,3189,16.59,89,49,-5,110.0,3084.0,0.0,0.0,0,,,,,
fed_speeches,speech,2022-08-26_36cc8bcfd624.txt,9252,8079,1173,12.678,45,31,0,203.0,970.0,0.0,0.0,0,,,,,
fed_speeches,speech,2022-08-29_c760873738fd.txt,7365,6305,1060,14.392,43,29,-4,111.0,953.0,0.0,0.0,0,,,,,
fed_speeches,speech,2022-09-07_a25461489426.txt,19641,16467,3174,16.16,67,41,-2,112.0,3064.0,0.0,0.0,0,,,,,
fed_speeches,speech,2022-09-07_f11bd6c36219.txt,16227,12511,3716,22.9,63,35,-8,138.0,3514.0,72.0,0.0,0,,,,,
fed_speeches,speech,2022-09-09_a875245c7474.txt,18955,17698,1257,6.631,53,39,-9,127.0,1139.0,0.0,0.0,0,,,,,
fed_speeches,speech,2022-09-28_1811d8cca2a6.txt,3128,2864,264,8.44,35,29,0,264.0,0.0,0.0,0.0,0,,,,,
fed_speeches,speech,2022-09-28_5ef73ecc3fb1.txt,25497,23740,1757,6.891,117,91,-6,244.0,1519.0,0.0,0.0,0,,,,,
fed_speeches,speech,2022-09-30_125216845f8c.txt,24469,23757,712,2.91,83,67,-4,170.0,546.0,0.0,0.0,0,,,,,
fed_speeches,speech,2022-09-30_c44031034b02.txt,14597,10844,3753,25.711,61,35,-2,257.0,3498.0,0.0,0.0,0,,,,,
fed_speeches,speech,2022-10-04_4361c73ec98c.txt,9919,9712,207,2.087,47,41,-9,216.0,0.0,0.0,0.0,0,,,,,
fed_speeches,speech,2022-10-06_c2819a3f0224.txt,14731,14479,252,1.711,63,55,-8,114.0,146.0,0.0,0.0,0,,,,,
fed_speeches,speech,2022-10-06_e655b4671a3c.txt,17806,17145,661,3.712,63,51,-6,134.0,533.0,0.0,0.0,0,,,,,
fed_speeches,speech,2022-10-10_e93ffb860af4.txt,16566,11634,4932,29.772,63,29,-3,194.0,4741.0,0.0,0.0,0,,,,,
fed_speeches,speech,2022-10-12_735b27576862.txt,14655,13181,1474,10.058,51,33,-1,102.0,1373.0,0.0,0.0,0,,,,,
fed_speeches,speech,2022-10-12_94369cfe03b4.txt,24846,18657,6189,24.909,75,43,-15,115.0,6089.0,0.0,0.0,0,,,,,
fed_speeches,speech,2022-10-14_d38cab04cd88.txt,18218,14501,3717,20.403,81,43,-8,197.0,3528.0,0.0,0.0,0,,,,,
fed_speeches,speech,2022-10-20_8248bbca6146.txt,8013,6718,1295,16.161,53,37,-2,200.0,1097.0,0.0,0.0,0,,,,,
fed_speeches,speech,2022-11-16_c09ae7940a58.txt,18153,17664,489,2.694,71,61,-8,116.0,381.0,0.0,0.0,0,,,,,
fed_speeches,speech,2022-11-17_2c55fdd25ed4.txt,10341,9556,785,7.591,49,37,-5,190.0,600.0,0.0,0.0,0,,,,,
fed_speeches,speech,2022-11-17_74e7bea7828c.txt,8356,7353,1003,12.003,35,23,-18,211.0,810.0,0.0,0.0,0,,,,,
fed_speeches,speech,2022-11-28_3188f53eaf1b.txt,16515,10773,5742,34.768,59,27,-12,189.0,5457.0,108.0,0.0,0,,,,,
fed_speeches,speech,2022-11-30_194c6384d213.txt,19000,15140,3860,20.316,81,51,-13,91.0,3758.0,24.0,0.0,0,,,,,
fed_speeches,speech,2022-11-30_e2a015f81910.txt,20467,16132,4335,21.18,103,69,-5,138.0,4142.0,60.0,0.0,0,,,,,
fed_speeches,speech,2022-12-01_18d3e39a6366.txt,36417,30444,5973,16.402,207,155,-23,129.0,5867.0,0.0,0.0,0,,,,,
fed_speeches,speech,2023-01-06_b543d64b09d3.txt,13613,12312,1301,9.557,47,31,-13,135.0,1083.0,96.0,0.0,0,,,,,
fed_speeches,speech,2023-01-10_8aa3f08848f3.txt,8335,5342,2993,35.909,49,29,0,127.0,2866.0,0.0,0.0,0,,,,,
fed_speeches,speech,2023-01-10_987016b668ff.txt,11768,11183,585,4.971,47,35,0,271.0,314.0,0.0,0.0,0,,,,,
fed_speeches,speech,2023-01-19_f08cae2e5c42.txt,19879,12166,7713,38.8,81,39,-5,118.0,7600.0,0.0,0.0,0,,,,,
fed_speeches,speech,2023-01-20_516386eaaf08.txt,12047,11274,773,6.417,45,35,-4,161.0,616.0,0.0,0.0,0,,,,,
fed_speeches,speech,2023-01-21_7febf2b980b0.txt,17717,17471,246,1.388,119,111,-45,140.0,151.0,0.0,0.0,0,,,,,
fed_speeches,speech,2023-02-07_6cb89463bbb1.txt,30916,24032,6884,22.267,179,99,-13,150.0,6747.0,0.0,0.0,0,,,,,
fed_speeches,speech,2023-02-08_ec87df6473e3.txt,19281,18527,754,3.911,73,59,-3,135.0,622.0,0.0,0.0,0,,,,,
fed_speeches,speech,2023-02-10_dff56bec150d.txt,8447,7625,822,9.731,39,25,-1,186.0,637.0,0.0,0.0,0,,,,,
fed_speeches,speech,2023-02-13_074b272c4c6f.txt,20621,19308,1313,6.367,81,65,-8,132.0,1189.0,0.0,0.0,0,,,,,
fed_speeches,speech,2023-02-15_cb0f910dc726.txt,16036,14629,1407,8.774,71,49,-1,158.0,1250.0,0.0,0.0,0,,,,,
fed_speeches,speech,2023-02-16_2161fd054907.txt,7689,7431,258,3.355,41,33,-11,104.0,165.0,0.0,0.0,0,,,,,
fed_speeches,speech,2023-02-24_907bae9b94d6.txt,16952,14272,2680,15.809,79,59,-6,104.0,2582.0,0.0,0.0,0,,,,,
fed_speeches,speech,2023-02-27_1d73dabe863e.txt,27414,22631,4783,17.447,141,109,-11,172.0,4622.0,0.0,0.0,0,,,,,
fed_speeches,speech,2023-03-02_406cf896da0c.txt,8283,7047,1236,14.922,31,17,-1,114.0,1123.0,0.0,0.0,0,,,,,
fed_speeches,speech,2023-03-03_3b35fd20b961.txt,7413,5116,2297,30.986,33,17,0,130.0,2167.0,0.0,0.0,0,,,,,
fed_speeches,speech,2023-03-09_cd15618ec985.txt,22968,19286,3682,16.031,87,53,-15,117.0,3580.0,0.0,0.0,0,,,,,
fed_speeches,speech,2023-03-14_e63840648063.txt,33241,29265,3976,11.961,131,103,-7,122.0,3861.0,0.0,0.0,0,,,,,
fed_speeches,speech,2023-03-27_6052e3046034.txt,33637,25035,8602,25.573,139,89,-23,115.0,8510.0,0.0,0.0,0,,,,,
fed_speeches,speech,2023-03-29_a96a6566de07.txt,4584,4426,158,3.447,37,33,-2,160.0,0.0,0.0,0.0,0,,,,,
fed_speeches,speech,2023-03-31_194bdbd70539.txt,16382,14866,1516,9.254,81,61,-4,171.0,1349.0,0.0,0.0,0,,,,,
fed_speeches,speech,2023-03-31_c45536fb668a.txt,14055,12891,1164,8.282,85,69,-4,103.0,1065.0,0.0,0.0,0,,,,,
fed_speeches,speech,2023-04-04_7111ec2b3b7b.txt,2964,2809,155,5.229,31,27,-3,158.0,0.0,0.0,0.0,0,,,,,
fed_speeches,speech,2023-04-14_3871bfe225d7.txt,11938,11228,710,5.947,41,31,0,97.0,613.0,0.0,0.0,0,,,,,
fed_speeches,speech,2023-04-14_71e55aeec76a.txt,32521,28707,3814,11.728,129,89,-17,105.0,3726.0,0.0,0.0,0,,,,,
fed_speeches,speech,2023-04-18_68bbafca8dc5.txt,26671,22881,3790,14.21,89,61,0,151.0,3639.0,0.0,0.0,0,,,,,
fed_speeches,speech,2023-04-20_49870e660d8c.txt,3579,3464,115,3.213,15,11,0,115.0,0.0,0.0,0.0,0,,,,,
fed_speeches,speech,2023-04-20_eb418f2e594c.txt,12279,11092,1187,9.667,53,37,0,107.0,1080.0,0.0,0.0,0,,,,,
fed_speeches,speech,2023-04-21_b1d95dbb885e.txt,14000,13734,266,1.9,59,53,0,130.0,136.0,0.0,0.0,0,,,,,
fed_speeches,speech,2023-05-05_e2e7b2ecfd60.txt,8683,8590,93,1.071,71,67,-13,106.0,0.0,0.0,0.0,0,,,,,
fed_speeches,speech,2023-05-11_5e3bccf60218.txt,21321,17948,3373,15.82,105,69,-2,178.0,3197.0,0.0,0.0,0,,,,,
fed_speeches,speech,2023-05-12_04eacc5a9f38.txt,12620,11301,1319,10.452,57,43,-3,128.0,1194.0,0.0,0.0,0,,,,,
fed_speeches,speech,2023-05-12_ac8a14caeb6c.txt,36591,31991,4600,12.571,143,109,-27,199.0,4428.0,0.0,0.0,0,,,,,
fed_speeches,speech,2023-05-13_1a9aa2b22792.txt,11918,11489,429,3.6,75,69,-16,96.0,349.0,0.0,0.0,0,,,,,
fed_speeches,speech,2023-05-15_349240c2b50f.txt,11869,11560,309,2.603,59,53,-7,133.0,183.0,0.0,0.0,0,,,,,
fed_speeches,speech,2023-05-18_31e21f618bcd.txt,9205,9059,146,1.586,25,21,-1,147.0,0.0,0.0,0.0,0,,,,,
fed_speeches,speech,2023-05-19_cddc667a6b01.txt,21701,19646,2055,9.47,81,63,-15,101.0,1969.0,0.0,0.0,0,,,,,
fed_speeches,speech,2023-05-24_25b606ae1fa9.txt,14378,13376,1002,6.969,51,39,-2,190.0,814.0,0.0,0.0,0,,,,,
fed_speeches,speech,2023-05-31_7843052e8f27.txt,12318,12179,139,1.128,51,47,0,139.0,0.0,0.0,0.0,0,,,,,
fed_speeches,speech,2023-05-31_8cf76ebdda95.txt,4258,4105,153,3.593,21,17,-1,154.0,0.0,0.0,0.0,0,,,,,
fed_speeches,speech,2023-06-16_7c3cc738e357.txt,6982,6393,589,8.436,27,19,-1,192.0,398.0,0.0,0.0,0,,,,,
fed_speeches,speech,2023-06-22_2f65f2e40f4a.txt,4729,4615,114,2.411,15,11,0,114.0,0.0,0.0,0.0,0,,,,,
fed_speeches,speech,2023-06-22_8817582b8d62.txt,7051,6083,968,13.729,33,23,0,242.0,726.0,0.0,0.0,0,,,,,
fed_speeches,speech,2023-06-25_8136f47dc8f4.txt,35931,29536,6395,17.798,109,83,-31,175.0,6251.0,0.0,0.0,0,,,,,
fed_speeches,speech,2023-06-29_8b28ab95c566.txt,10836,10379,457,4.217,51,43,-5,104.0,358.0,0.0,0.0,0,,,,,
fed_speeches,speech,2023-07-10_0421d9a06fd9.txt,29142,27243,1899,6.516,101,81,-15,95.0,1819.0,0.0,0.0,0,,,,,
fed_speeches,speech,2023-07-13_542f59edce01.txt,21790,20044,1746,8.013,75,57,-4,100.0,1650.0,0.0,0.0,0,,,,,
fed_speeches,speech,2023-07-18_6525fb032fe6.txt,14808,10543,4265,28.802,67,37,-8,177.0,4096.0,0.0,0.0,0,,,,,
fed_speeches,speech,2023-08-05_181cbe4a18d7.txt,4000,3656,344,8.6,23,15,-2,184.0,162.0,0.0,0.0,0,,,,,
fed_speeches,speech,2023-08-07_fcc764e9edb2.txt,6652,6097,555,8.343,29,19,0,157.0,398.0,0.0,0.0,0,,,,,
fed_speeches,speech,2023-08-22_130149f6dda8.txt,5437,4803,634,11.661,25,15,0,201.0,433.0,0.0,0.0,0,,,,,
fed_speeches,speech,2023-08-25_fd3175baed5e.txt,17419,13036,4383,25.162,69,45,-7,193.0,4137.0,60.0,0.0,0,,,,,
fed_speeches,speech,2023-09-08_28a40f5ca5db.txt,11440,10602,838,7.325,43,31,-1,171.0,668.0,0.0,0.0,0,,,,,
fed_speeches,speech,2023-09-22_84cafff5a1f7.txt,6998,6713,285,4.073,31,23,-4,127.0,162.0,0.0,0.0,0,,,,,
fed_speeches,speech,2023-09-22_d8c329c7ba10.txt,21381,14649,6732,31.486,87,41,-14,164.0,6582.0,0.0,0.0,0,,,,,
fed_speeches,speech,2023-09-26_e55d3ebeb56c.txt,6428,6206,222,3.454,49,43,0,222.0,0.0,0.0,0.0,0,,,,,
fed_speeches,speech,2023-09-27_998c525dac9c.txt,10812,10302,510,4.717,73,63,-6,337.0,179.0,0.0,0.0,0,,,,,
fed_speeches,speech,2023-09-28_1fd1b44a2abe.txt,4385,4246,139,3.17,33,27,-1,140.0,0.0,0.0,0.0,0,,,,,
fed_speeches,speech,2023-09-28_6d5f878ce1fd.txt,3197,2908,289,9.04,35,27,-2,126.0,165.0,0.0,0.0,0,,,,,
fed_speeches,speech,2023-10-02_706e344e377f.txt,28889,21338,7551,26.138,105,63,-6,119.0,7438.0,0.0,0.0,0,,,,,
fed_speeches,speech,2023-10-02_c151e08f51e4.txt,14532,13196,1336,9.194,53,41,-5,193.0,1148.0,0.0,0.0,0,,,,,
fed_speeches,speech,2023-10-04_aa1fd1e73651.txt,30024,25760,4264,14.202,125,87,-13,248.0,4029.0,0.0,0.0,0,,,,,
fed_speeches,speech,2023-10-07_b0719c07b277.txt,17791,15373,2418,13.591,71,43,-10,140.0,2288.0,0.0,0.0,0,,,,,
fed_speeches,speech,2023-10-09_c3a28efe5ab9.txt,12767,11827,940,7.363,55,43,-3,203.0,740.0,0.0,0.0,0,,,,,
fed_speeches,speech,2023-10-09_d7cca0f24b28.txt,16119,12066,4053,25.144,63,39,-14,139.0,3928.0,0.0,0.0,0,,,,,
fed_speeches,speech,2023-10-10_854595a02d94.txt,26494,23440,3054,11.527,143,93,-44,217.0,2881.0,0.0,0.0,0,,,,,
fed_speeches,speech,2023-10-11_2e2771ba5a18.txt,21490,19009,2481,11.545,79,55,-6,175.0,2312.0,0.0,0.0,0,,,,,
fed_speeches,speech,2023-10-17_93561d8dc1b9.txt,23456,20728,2728,11.63,91,69,-7,176.0,2559.0,0.0,0.0,0,,,,,
fed_speeches,speech,2023-10-18_8ae4a4cf0d6c.txt,13920,13508,412,2.96,57,47,-2,153.0,261.0,0.0,0.0,0,,,,,
fed_speeches,speech,2023-10-18_aa64b5751693.txt,12721,10113,2608,20.502,51,27,-1,195.0,2414.0,0.0,0.0,0,,,,,
fed_speeches,speech,2023-10-18_efcb7211e276.txt,5120,4770,350,6.836,23,15,-4,185.0,169.0,0.0,0.0,0,,,,,
fed_speeches,speech,2023-10-19_1f4d75b2ce9a.txt,5564,5199,365,6.56,29,21,-4,198.0,171.0,0.0,0.0,0,,,,,
fed_speeches,speech,2023-10-19_6ea33931f6a8.txt,8498,6258,2240,26.359,47,27,-4,105.0,2139.0,0.0,0.0,0,,,,,
fed_speeches,speech,2023-10-19_ec86aec4a5a2.txt,21035,16034,5001,23.775,95,49,-8,163.0,4846.0,0.0,0.0,0,,,,,
fed_speeches,speech,2023-10-25_da8cb4bff178.txt,7933,5391,2542,32.043,49,21,-1,205.0,2338.0,0.0,0.0,0,,,,,
fed_speeches,speech,2023-10-26_b59c25050858.txt,5141,4671,470,9.142,25,15,0,112.0,358.0,0.0,0.0,0,,,,,
fed_speeches,speech,2023-10-27_2a77d35a68f0.txt,6423,6014,409,6.368,31,21,0,148.0,261.0,0.0,0.0,0,,,,,
fed_speeches,speech,2023-11-06_7506609488c4.txt,17459,16016,1443,8.265,79,57,-11,86.0,1368.0,0.0,0.0,0,,,,,
fed_speeches,speech,2023-11-07_0dc37ac1f9cc.txt,2653,2070,583,21.975,19,7,0,184.0,399.0,0.0,0.0,0,,,,,
fed_speeches,speech,2023-11-07_a839946ee0a6.txt,31690,30437,1253,3.954,113,95,-38,110.0,1181.0,0.0,0.0,0,,,,,
fed_speeches,speech,2023-11-08_95341d9feb3c.txt,5438,5199,239,4.395,31,25,-2,241.0,0.0,0.0,0.0,0,,,,,
fed_speeches,speech,2023-11-08_dda61a23cd8b.txt,9912,9044,868,8.757,49,35,-1,249.0,620.0,0.0,0.0,0,,,,,
fed_speeches,speech,2023-11-08_df5d4e3c89dd.txt,16774,15170,1604,9.562,71,51,-5,91.0,1518.0,0.0,0.0,0,,,,,
fed_speeches,speech,2023-11-09_25a46af54180.txt,14816,10222,4594,31.007,55,29,0,226.0,4320.0,48.0,0.0,0,,,,,
fed_speeches,speech,2023-11-09_362166bcf92f.txt,37017,35490,1527,4.125,129,111,-34,129.0,1432.0,0.0,0.0,0,,,,,
fed_speeches,speech,2023-11-13_aefc5728f969.txt,7814,6904,910,11.646,51,39,-1,184.0,727.0,0.0,0.0,0,,,,,
fed_speeches,speech,2023-11-14_a24eeb9c0b50.txt,23522,21664,1858,7.899,125,103,-11,268.0,1601.0,0.0,0.0,0,,,,,
fed_speeches,speech,2023-11-16_8f3b8d96ec51.txt,18859,15953,2906,15.409,93,59,-2,124.0,2784.0,0.0,0.0,0,,,,,
fed_speeches,speech,2023-11-16_b769960cd0ca.txt,17857,16974,883,4.945,81,65,-2,242.0,643.0,0.0,0.0,0,,,,,
fed_speeches,speech,2023-11-28_234502132f83.txt,8992,8499,493,5.483,37,27,-4,203.0,294.0,0.0,0.0,0,,,,,
fed_speeches,speech,2023-11-28_356995329ad8.txt,14724,13446,1278,8.68,57,39,-5,107.0,1176.0,0.0,0.0,0,,,,,
fed_speeches,speech,2023-11-28_381dd92585dc.txt,25750,20404,5346,20.761,89,53,-10,167.0,5189.0,0.0,0.0,0,,,,,
fed_speeches,speech,2023-12-01_2889d976200a.txt,24293,20565,3728,15.346,75,47,-7,124.0,3611.0,0.0,0.0,0,,,,,
fed_speeches,speech,2023-12-01_ba4f0344513c.txt,10222,7603,2619,25.621,33,17,0,100.0,2519.0,0.0,0.0,0,,,,,
fed_speeches,speech,2023-12-05_3fde61f41048.txt,14915,11519,3396,22.769,87,53,-2,115.0,3283.0,0.0,0.0,0,,,,,
fed_speeches,speech,2024-01-08_d5071819c88e.txt,25630,24122,1508,5.884,89,63,-10,150.0,1368.0,0.0,0.0,0,,,,,
fed_speeches,speech,2024-01-16_fc9048c1151e.txt,17146,15731,1415,8.253,61,47,-4,98.0,1321.0,0.0,0.0,0,,,,,
fed_speeches,speech,2024-01-17_499bd84f491a.txt,6383,5314,1069,16.748,29,15,0,161.0,908.0,0.0,0.0,0,,,,,
fed_speeches,speech,2024-01-17_66de58a3415c.txt,21941,18277,3664,16.699,79,51,-13,175.0,3502.0,0.0,0.0,0,,,,,
fed_speeches,speech,2024-02-02_a9dfe550f5b8.txt,23271,21709,1562,6.712,75,59,-40,145.0,1457.0,0.0,0.0,0,,,,,
fed_speeches,speech,2024-02-07_1622d6e3b253.txt,18668,16507,2161,11.576,71,47,-16,95.0,2082.0,0.0,0.0,0,,,,,
fed_speeches,speech,2024-02-07_5568df53ebf7.txt,12870,9922,2948,22.906,81,47,-3,146.0,2805.0,0.0,0.0,0,,,,,
fed_speeches,speech,2024-02-12_01325238e866.txt,23295,20057,3238,13.9,85,53,-23,143.0,3118.0,0.0,0.0,0,,,,,
fed_speeches,speech,2024-02-14_face89182998.txt,17038,14422,2616,15.354,77,53,-2,179.0,2439.0,0.0,0.0,0,,,,,
fed_speeches,speech,2024-02-15_2cc997dee98d.txt,21039,17151,3888,18.48,87,53,-3,125.0,3766.0,0.0,0.0,0,,,,,
fed_speeches,speech,2024-02-15_9a2e6aa4b527.txt,19027,17812,1215,6.386,105,71,-10,208.0,1017.0,0.0,0.0,0,,,,,
fed_speeches,speech,2024-02-16_a2ccedee8db4.txt,21293,18631,2662,12.502,87,61,-4,137.0,2529.0,0.0,0.0,0,,,,,
fed_speeches,speech,2024-02-22_4d29f140fc80.txt,17679,15841,1838,10.397,71,55,-13,124.0,1727.0,0.0,0.0,0,,,,,
fed_speeches,speech,2024-02-22_993866450d42.txt,20672,17808,2864,13.854,89,65,-1,276.0,2589.0,0.0,0.0,0,,,,,
fed_speeches,speech,2024-02-22_c3cbbbd489d5.txt,15997,15700,297,1.857,55,47,-2,159.0,140.0,0.0,0.0,0,,,,,
fed_speeches,speech,2024-02-27_2aa15e3aadc9.txt,14659,13276,1383,9.434,59,43,-3,178.0,1208.0,0.0,0.0,0,,,,,
fed_speeches,speech,2024-02-27_2c26be707052.txt,34887,32419,2468,7.074,133,97,-21,273.0,2216.0,0.0,0.0,0,,,,,
fed_speeches,speech,2024-03-01_909deee0c45c.txt,33121,21040,12081,36.475,109,55,-24,148.0,11957.0,0.0,0.0,0,,,,,
fed_speeches,speech,2024-03-01_b9ced72710c7.txt,24796,19678,5118,20.64,93,61,-10,92.0,5036.0,0.0,0.0,0,,,,,
fed_speeches,speech,2024-03-05_b6f8753f186c.txt,17391,15583,1808,10.396,69,47,-16,95.0,1729.0,0.0,0.0,0,,,,,
fed_speeches,speech,2024-03-07_23bda94d1712.txt,14668,13328,1340,9.136,55,43,-4,123.0,1221.0,0.0,0.0,0,,,,,
fed_speeches,speech,2024-03-25_58cf66e6b0a3.txt,25965,21294,4671,17.99,119,85,0,166.0,4505.0,0.0,0.0,0,,,,,
fed_speeches,speech,2024-03-27_48d48b8f565c.txt,16776,16333,443,2.641,63,55,-2,86.0,359.0,0.0,0.0,0,,,,,
fed_speeches,speech,2024-04-01_061d5d38e921.txt,4920,4795,125,2.541,19,15,-6,131.0,0.0,0.0,0.0,0,,,,,
fed_speeches,speech,2024-04-02_0186dd6443c8.txt,24032,20074,3958,16.47,97,65,-9,143.0,3824.0,0.0,0.0,0,,,,,
fed_speeches,speech,2024-04-03_404ba39e6f37.txt,19455,15801,3654,18.782,73,49,-17,157.0,3514.0,0.0,0.0,0,,,,,
fed_speeches,speech,2024-04-03_aefcf9cee976.txt,9214,8191,1023,11.103,37,29,-4,141.0,886.0,0.0,0.0,0,,,,,
fed_speeches,speech,2024-04-03_bc9380370343.txt,29349,24971,4378,14.917,121,77,-23,188.0,4213.0,0.0,0.0,0,,,,,
fed_speeches,speech,2024-04-04_cbce59917012.txt,17149,15933,1216,7.091,51,39,-20,117.0,1119.0,0.0,0.0,0,,,,,
fed_speeches,speech,2024-04-05_8c6940452f71.txt,36563,27697,8866,24.249,139,79,-13,207.0,8672.0,0.0,0.0,0,,,,,
fed_speeches,speech,2024-04-16_f0be3b77f9a3.txt,27426,21313,6113,22.289,141,105,-10,106.0,6017.0,0.0,0.0,0,,,,,
fed_speeches,speech,2024-04-18_42d40cd27c0b.txt,7664,7233,431,5.624,43,37,-6,141.0,296.0,0.0,0.0,0,,,,,
fed_speeches,speech,2024-05-03_63dbe2fe7fcc.txt,6417,6137,280,4.363,27,21,-1,112.0,169.0,0.0,0.0,0,,,,,
fed_speeches,speech,2024-05-04_018aa1a38975.txt,12893,12537,356,2.761,49,43,-7,363.0,0.0,0.0,0.0,0,,,,,
fed_speeches,speech,2024-05-08_44828b193c70.txt,17105,16069,1036,6.057,65,51,-8,71.0,973.0,0.0,0.0,0,,,,,
fed_speeches,speech,2024-05-10_440a48646e7e.txt,27685,25970,1715,6.195,117,85,-25,101.0,1639.0,0.0,0.0,0,,,,,
fed_speeches,speech,2024-05-10_4552065cd1b2.txt,8710,8584,126,1.447,41,37,-9,135.0,0.0,0.0,0.0,0,,,,,
fed_speeches,speech,2024-05-13_dea3acc6544b.txt,16703,15252,1451,8.687,89,67,-6,166.0,1291.0,0.0,0.0,0,,,,,
fed_speeches,speech,2024-05-14_239f57e2df45.txt,12221,10445,1776,14.532,63,43,-3,143.0,1636.0,0.0,0.0,0,,,,,
fed_speeches,speech,2024-05-15_cec2f2609fd2.txt,16584,15196,1388,8.37,69,57,-15,97.0,1306.0,0.0,0.0,0,,,,,
fed_speeches,speech,2024-05-17_0922dc12bcab.txt,13465,11773,1692,12.566,55,39,-7,225.0,1474.0,0.0,0.0,0,,,,,
fed_speeches,speech,2024-05-17_d0c1846fb316.txt,26834,24548,2286,8.519,117,97,-7,108.0,2185.0,0.0,0.0,0,,,,,
fed_speeches,speech,2024-05-18_e6f64b6b6229.txt,12371,12216,155,1.253,29,25,-7,162.0,0.0,0.0,0.0,0,,,,,
fed_speeches,speech,2024-05-19_386c72bbc093.txt,10170,10081,89,0.875,71,67,-3,92.0,0.0,0.0,0.0,0,,,,,
fed_speeches,speech,2024-05-20_45ae2eeaf124.txt,21193,17497,3696,17.44,79,55,-5,207.0,3494.0,0.0,0.0,0,,,,,
fed_speeches,speech,2024-05-20_540891b77f61.txt,7783,7184,599,7.696,37,29,-4,158.0,445.0,0.0,0.0,0,,,,,
fed_speeches,speech,2024-05-20_99a0ab5d90dd.txt,12005,11313,692,5.764,57,45,-4,145.0,551.0,0.0,0.0,0,,,,,
fed_speeches,speech,2024-05-21_aa725e3c52c6.txt,14183,13689,494,3.483,51,43,-8,105.0,397.0,0.0,0.0,0,,,,,
fed_speeches,speech,2024-05-24_62d6e67ccb6c.txt,24356,19954,4402,18.074,103,69,-7,90.0,4319.0,0.0,0.0,0,,,,,
fed_speeches,speech,2024-05-28_e73b1f4cb059.txt,26717,18193,8524,31.905,99,47,-6,150.0,8380.0,0.0,0.0,0,,,,,
fed_speeches,speech,2024-06-07_3ac7a76ee692.txt,9027,8937,90,0.997,35,31,-7,97.0,0.0,0.0,0.0,0,,,,,
fed_speeches,speech,2024-06-14_0525f1e63a11.txt,8055,7772,283,3.513,25,19,-4,118.0,169.0,0.0,0.0,0,,,,,
fed_speeches,speech,2024-06-17_3b9c6fce4526.txt,9602,9322,280,2.916,29,23,-4,115.0,169.0,0.0,0.0,0,,,,,
fed_speeches,speech,2024-06-17_de39329f2925.txt,26110,24779,1331,5.098,83,71,-27,173.0,1185.0,0.0,0.0,0,,,,,
fed_speeches,speech,2024-06-18_00969ed91a06.txt,20055,16126,3929,19.591,67,43,-15,101.0,3843.0,0.0,0.0,0,,,,,
fed_speeches,speech,2024-06-24_e25a7b2a770c.txt,4731,4621,110,2.325,19,15,0,110.0,0.0,0.0,0.0,0,,,,,
fed_speeches,speech,2024-06-25_21e3ba62504b.txt,31109,25868,5241,16.847,121,97,-8,66.0,5183.0,0.0,0.0,0,,,,,
fed_speeches,speech,2024-06-25_b06bc59d4978.txt,16214,16004,210,1.295,53,47,-3,77.0,136.0,0.0,0.0,0,,,,,
fed_speeches,speech,2024-06-25_bea617eb4fcb.txt,5484,5159,325,5.926,37,31,0,156.0,169.0,0.0,0.0,0,,,,,
fed_speeches,speech,2024-06-26_48ed1e3697fe.txt,20135,15696,4439,22.046,71,53,-6,78.0,4367.0,0.0,0.0,0,,,,,
fed_speeches,speech,2024-06-27_273b03ce5716.txt,21070,18499,2571,12.202,79,63,-3,142.0,2432.0,0.0,0.0,0,,,,,
fed_speeches,speech,2024-07-09_1224ad8cf024.txt,12105,9255,2850,23.544,51,29,0,97.0,2753.0,0.0,0.0,0,,,,,
fed_speeches,speech,2024-07-09_357a95bf672d.txt,18646,15814,2832,15.188,77,51,-6,173.0,2665.0,0.0,0.0,0,,,,,
fed_speeches,speech,2024-07-10_ac7f53d2b5cf.txt,18602,16755,1847,9.929,67,45,-6,93.0,1760.0,0.0,0.0,0,,,,,
fed_speeches,speech,2024-07-10_d5a45b371bab.txt,4323,4007,316,7.31,23,17,-1,148.0,169.0,0.0,0.0,0,,,,,
fed_speeches,speech,2024-07-16_dc9ede5d9a09.txt,30458,24337,6121,20.097,105,61,-14,151.0,5984.0,0.0,0.0,0,,,,,
fed_speeches,speech,2024-07-17_c17bccef1be9.txt,16722,16234,488,2.918,55,47,-5,99.0,394.0,0.0,0.0,0,,,,,
fed_speeches,speech,2024-07-18_9bfbd39e1599.txt,29556,25297,4259,14.41,103,83,-19,207.0,4071.0,0.0,0.0,0,,,,,
fed_speeches,speech,2024-07-24_fa52a952a1cc.txt,4738,4530,208,4.39,45,41,0,208.0,0.0,0.0,0.0,0,,,,,
fed_speeches,speech,2024-08-10_142f7604f759.txt,33842,30188,3654,10.797,131,103,-4,184.0,3474.0,0.0,0.0,0,,,,,
fed_speeches,speech,2024-08-19_eeb476b16db6.txt,6782,6482,300,4.423,43,35,-1,132.0,169.0,0.0,0.0,0,,,,,
fed_speeches,speech,2024-08-20_00dc788c25d5.txt,21470,19014,2456,11.439,89,59,-1,100.0,2357.0,0.0,0.0,0,,,,,
fed_speeches,speech,2024-08-23_455878a55987.txt,25209,18772,6437,25.535,137,99,-15,212.0,6156.0,84.0,0.0,0,,,,,
fed_speeches,speech,2024-08-28_ffb75ddb0d0f.txt,13090,12178,912,6.967,39,27,-7,92.0,827.0,0.0,0.0,0,,,,,
fed_speeches,speech,2024-09-06_e618c5897827.txt,15025,13986,1039,6.915,59,45,-2,106.0,935.0,0.0,0.0,0,,,,,
fed_speeches,speech,2024-09-10_3ac382794734.txt,22567,19670,2897,12.837,85,65,-2,112.0,2787.0,0.0,0.0,0,,,,,
fed_speeches,speech,2024-09-10_b39133abdf90.txt,28770,25259,3511,12.204,111,75,-35,150.0,3396.0,0.0,0.0,0,,,,,
fed_speeches,speech,2024-09-20_fe35128a2943.txt,2553,2504,49,1.919,15,11,0,49.0,0.0,0.0,0.0,0,,,,,
fed_speeches,speech,2024-09-24_48a2141705c9.txt,14286,13993,293,2.051,63,55,-1,132.0,162.0,0.0,0.0,0,,,,,
fed_speeches,speech,2024-09-25_14880ce45b73.txt,22574,17637,4937,21.87,69,41,-1,158.0,4780.0,0.0,0.0,0,,,,,
fed_speeches,speech,2024-09-26_0bef2b9e1a4e.txt,16487,15124,1363,8.267,61,45,-2,163.0,1202.0,0.0,0.0,0,,,,,
fed_speeches,speech,2024-09-26_126cc1f9f15c.txt,3401,2669,732,21.523,37,25,-1,174.0,559.0,0.0,0.0,0,,,,,
fed_speeches,speech,2024-09-26_ee5c64dae04d.txt,14318,14022,296,2.067,63,55,-1,135.0,162.0,0.0,0.0,0,,,,,
fed_speeches,speech,2024-09-26_f2b3d6335d62.txt,20092,18628,1464,7.286,93,73,-13,89.0,1388.0,0.0,0.0,0,,,,,
fed_speeches,speech,2024-09-30_5a1dd82ab718.txt,14252,13834,418,2.933,65,55,-1,138.0,281.0,0.0,0.0,0,,,,,
fed_speeches,speech,2024-09-30_efa740b25961.txt,5413,5281,132,2.439,31,25,-1,133.0,0.0,0.0,0.0,0,,,,,
fed_speeches,speech,2024-10-01_7f0e2db391b9.txt,19288,13791,5497,28.5,91,47,-13,228.0,5282.0,0.0,0.0,0,,,,,
fed_speeches,speech,2024-10-02_5d530c2fda4e.txt,41614,35567,6047,14.531,161,123,-32,249.0,5830.0,0.0,0.0,0,,,,,
fed_speeches,speech,2024-10-08_4e4af296208d.txt,25260,18583,6677,26.433,95,43,-5,163.0,6519.0,0.0,0.0,0,,,,,
fed_speeches,speech,2024-10-08_ac7a234fc2aa.txt,30036,22215,7821,26.039,151,97,-13,97.0,7737.0,0.0,0.0,0,,,,,
fed_speeches,speech,2024-10-09_3713b9453085.txt,26825,20653,6172,23.008,121,77,-21,110.0,6083.0,0.0,0.0,0,,,,,
fed_speeches,speech,2024-10-10_2fa1d49e382c.txt,24413,15093,9320,38.176,103,51,-9,105.0,9224.0,0.0,0.0,0,,,,,
fed_speeches,speech,2024-10-11_b2fc45f35350.txt,18835,15400,3435,18.237,93,65,-18,166.0,3287.0,0.0,0.0,0,,,,,
fed_speeches,speech,2024-10-14_40161ea7ab83.txt,19539,17491,2048,10.482,71,53,-4,241.0,1811.0,0.0,0.0,0,,,,,
fed_speeches,speech,2024-10-18_6cd0159cfb76.txt,13960,12788,1172,8.395,55,39,-9,137.0,1044.0,0.0,0.0,0,,,,,
fed_speeches,speech,2024-10-23_7325c4da54c8.txt,6210,5683,527,8.486,49,39,-3,116.0,414.0,0.0,0.0,0,,,,,
fed_speeches,speech,2024-11-12_492c49ac4e32.txt,15460,14062,1398,9.043,59,39,-5,117.0,1286.0,0.0,0.0,0,,,,,
fed_speeches,speech,2024-11-14_048d7e838643.txt,5931,5815,116,1.956,27,21,0,116.0,0.0,0.0,0.0,0,,,,,
fed_speeches,speech,2024-11-14_0a3da847c137.txt,31354,27896,3458,11.029,153,101,-13,251.0,3220.0,0.0,0.0,0,,,,,
fed_speeches,speech,2024-11-20_8ecdede1656b.txt,16567,13769,2798,16.889,79,53,-7,100.0,2705.0,0.0,0.0,0,,,,,
fed_speeches,speech,2024-11-20_efc4c0cb043a.txt,28051,27261,790,2.816,97,85,-18,113.0,695.0,0.0,0.0,0,,,,,
fed_speeches,speech,2024-11-22_a3102cea3dbf.txt,22472,19528,2944,13.101,105,77,-20,192.0,2772.0,0.0,0.0,0,,,,,
fed_speeches,speech,2024-12-02_76d6cd1cbaea.txt,13450,12915,535,3.978,49,39,-3,169.0,369.0,0.0,0.0,0,,,,,
fed_speeches,speech,2024-12-03_38d069130b67.txt,17258,16279,979,5.673,77,61,-1,96.0,884.0,0.0,0.0,0,,,,,
fed_speeches,speech,2025-01-06_a319280842a2.txt,24561,22229,2332,9.495,97,73,-9,150.0,2191.0,0.0,0.0,0,,,,,
fed_speeches,speech,2025-01-08_3a8310c98009.txt,21952,18021,3931,17.907,69,45,-4,149.0,3786.0,0.0,0.0,0,,,,,
fed_speeches,speech,2025-01-09_4063717d20f5.txt,27087,25444,1643,6.066,107,89,-19,141.0,1521.0,0.0,0.0,0,,,,,
fed_speeches,speech,2025-01-31_38062d670027.txt,36504,34210,2294,6.284,147,119,-19,105.0,2208.0,0.0,0.0,0,,,,,
fed_speeches,speech,2025-02-04_83f01dc6e73c.txt,14872,13618,1254,8.432,57,37,-3,137.0,1120.0,0.0,0.0,0,,,,,
fed_speeches,speech,2025-02-05_d4ee08c25c9f.txt,25669,21637,4032,15.708,105,69,-15,419.0,3628.0,0.0,0.0,0,,,,,
fed_speeches,speech,2025-02-05_ee9ae5faab55.txt,24169,21313,2856,11.817,121,79,-12,100.0,2768.0,0.0,0.0,0,,,,,
fed_speeches,speech,2025-02-07_dbf1d0705897.txt,20589,13902,6687,32.479,99,51,-4,117.0,6574.0,0.0,0.0,0,,,,,
fed_speeches,speech,2025-02-12_65f8fce0ba2c.txt,18950,16586,2364,12.475,73,49,-8,107.0,2265.0,0.0,0.0,0,,,,,
fed_speeches,speech,2025-02-17_9fbd0606e559.txt,42194,38494,3700,8.769,165,139,-26,141.0,3585.0,0.0,0.0,0,,,,,
fed_speeches,speech,2025-02-17_e1fcc121a117.txt,15804,14959,845,5.347,49,37,-5,148.0,702.0,0.0,0.0,0,,,,,
fed_speeches,speech,2025-02-18_d624a9535145.txt,33898,16624,17274,50.959,127,47,-15,120.0,17169.0,0.0,0.0,0,,,,,
fed_speeches,speech,2025-02-19_15370b0a3d42.txt,25590,22848,2742,10.715,111,75,-23,136.0,2629.0,0.0,0.0,0,,,,,
fed_speeches,speech,2025-02-20_5ce2dcb5149d.txt,32951,27251,5700,17.298,105,67,-7,149.0,5558.0,0.0,0.0,0,,,,,
fed_speeches,speech,2025-02-20_727e0354506b.txt,38450,32785,5665,14.733,157,99,-14,118.0,5561.0,0.0,0.0,0,,,,,
fed_speeches,speech,2025-02-21_58835604ba5a.txt,28741,24269,4472,15.56,163,103,-16,171.0,4317.0,0.0,0.0,0,,,,,
fed_speeches,speech,2025-02-25_e749bcccbbab.txt,28790,22551,6239,21.671,117,65,-6,149.0,6096.0,0.0,0.0,0,,,,,
fed_speeches,speech,2025-02-27_1212c48126cc.txt,11479,10325,1154,10.053,49,31,-2,120.0,1036.0,0.0,0.0,0,,,,,
fed_speeches,speech,2025-02-27_9dee28ac8e27.txt,24112,22525,1587,6.582,99,81,-20,111.0,1496.0,0.0,0.0,0,,,,,
fed_speeches,speech,2025-03-07_26db0547d21c.txt,26487,20056,6431,24.28,91,43,-4,137.0,6298.0,0.0,0.0,0,,,,,
fed_speeches,speech,2025-03-07_5012798e16a4.txt,5790,5660,130,2.245,23,19,-1,131.0,0.0,0.0,0.0,0,,,,,
fed_speeches,speech,2025-03-07_d4740b369ca0.txt,20292,19098,1194,5.884,91,71,0,89.0,1105.0,0.0,0.0,0,,,,,
fed_speeches,speech,2025-03-21_47f805cbc3e6.txt,1867,1635,232,12.426,9,5,0,232.0,0.0,0.0,0.0,0,,,,,
fed_speeches,speech,2025-03-24_2e43d879886b.txt,15608,11024,4584,29.37,69,37,-4,68.0,4520.0,0.0,0.0,0,,,,,
fed_speeches,speech,2025-03-25_16d9807cac42.txt,12227,11034,1193,9.757,47,31,-13,112.0,1094.0,0.0,0.0,0,,,,,
fed_speeches,speech,2025-04-02_c032333e1db9.txt,29018,22554,6464,22.276,99,55,-4,262.0,6206.0,0.0,0.0,0,,,,,
fed_speeches,speech,2025-04-03_2f9afbd7ab2b.txt,18650,17383,1267,6.794,71,53,0,231.0,1036.0,0.0,0.0,0,,,,,
fed_speeches,speech,2025-04-03_3312ccf646ea.txt,29811,28232,1579,5.297,103,85,-12,102.0,1489.0,0.0,0.0,0,,,,,
fed_speeches,speech,2025-04-04_8f510b07f71d.txt,5658,5538,120,2.121,23,19,-2,122.0,0.0,0.0,0.0,0,,,,,
fed_speeches,speech,2025-04-04_f4654630f406.txt,14609,12823,1786,12.225,69,45,-16,99.0,1703.0,0.0,0.0,0,,,,,
fed_speeches,speech,2025-04-07_6e167238abf1.txt,790,426,364,46.076,11,5,0,364.0,0.0,0.0,0.0,0,,,,,
fed_speeches,speech,2025-04-14_0a949f7f1ffc.txt,19955,19108,847,4.245,67,57,-6,111.0,742.0,0.0,0.0,0,,,,,
fed_speeches,speech,2025-04-15_9cfc02673581.txt,8348,8012,336,4.025,37,29,-3,102.0,237.0,0.0,0.0,0,,,,,
fed_speeches,speech,2025-04-16_c7df257ae264.txt,5333,5257,76,1.425,25,21,0,76.0,0.0,0.0,0.0,0,,,,,
fed_speeches,speech,2025-04-17_ced20e349d1d.txt,14338,10943,3395,23.678,73,39,-10,87.0,3318.0,0.0,0.0,0,,,,,
fed_speeches,speech,2025-04-22_8b0bde965810.txt,18119,15477,2642,14.581,99,67,-6,145.0,2503.0,0.0,0.0,0,,,,,
fed_speeches,speech,2025-04-22_dadd7002bc73.txt,24678,17735,6943,28.134,89,51,-9,120.0,6832.0,0.0,0.0,0,,,,,
fed_speeches,speech,2025-04-23_4d7bb8ce710b.txt,3447,3155,292,8.471,17,11,-2,125.0,169.0,0.0,0.0,0,,,,,
fed_speeches,speech,2025-05-03_0d54dfccf1a6.txt,9336,8734,602,6.448,43,35,-11,129.0,484.0,0.0,0.0,0,,,,,
fed_speeches,speech,2025-05-09_3ea2d73795a5.txt,26306,17952,8354,31.757,91,49,-5,116.0,8243.0,0.0,0.0,0,,,,,
fed_speeches,speech,2025-05-09_6a1bc436ff81.txt,32221,23877,8344,25.896,121,81,-29,114.0,8259.0,0.0,0.0,0,,,,,
fed_speeches,speech,2025-05-09_a54f9dcd5fb8.txt,9317,8131,1186,12.729,37,25,-1,172.0,1015.0,0.0,0.0,0,,,,,
fed_speeches,speech,2025-05-09_fc456a2de295.txt,12753,10823,1930,15.134,63,43,-5,199.0,1736.0,0.0,0.0,0,,,,,
fed_speeches,speech,2025-05-12_6e000794d162.txt,19737,16627,3110,15.757,71,51,-11,179.0,2942.0,0.0,0.0,0,,,,,
fed_speeches,speech,2025-05-14_a81c9cfc32f6.txt,19380,16967,2413,12.451,69,49,-7,172.0,2248.0,0.0,0.0,0,,,,,
fed_speeches,speech,2025-05-14_c1020a757372.txt,9084,8775,309,3.402,35,27,-1,154.0,156.0,0.0,0.0,0,,,,,
fed_speeches,speech,2025-05-15_2e1cb5549af5.txt,12108,8897,3211,26.52,59,33,0,175.0,3036.0,0.0,0.0,0,,,,,
fed_speeches,speech,2025-05-15_dadd9d415f08.txt,18710,12038,6672,35.66,97,57,-2,129.0,6485.0,60.0,0.0,0,,,,,
fed_speeches,speech,2025-05-19_2baddfb7e184.txt,21341,17423,3918,18.359,93,61,-8,212.0,3714.0,0.0,0.0,0,,,,,
fed_speeches,speech,2025-05-20_776192c45ea4.txt,11518,11230,288,2.5,35,29,-7,126.0,169.0,0.0,0.0,0,,,,,
fed_speeches,speech,2025-05-23_24a7df58bcc3.txt,25544,20635,4909,19.218,101,63,-11,277.0,4643.0,0.0,0.0,0,,,,,
fed_speeches,speech,2025-05-25_c6501d4c5433.txt,9505,9445,60,0.631,47,43,-12,72.0,0.0,0.0,0.0,0,,,,,
fed_speeches,speech,2025-05-29_b795958a768c.txt,4540,4436,104,2.291,27,23,0,104.0,0.0,0.0,0.0,0,,,,,
fed_speeches,speech,2025-06-01_c901302ba220.txt,23567,21543,2024,8.588,75,57,-4,156.0,1872.0,0.0,0.0,0,,,,,
fed_speeches,speech,2025-06-02_7f27ee14a440.txt,8353,8140,213,2.55,47,41,-3,135.0,81.0,0.0,0.0,0,,,,,
fed_speeches,speech,2025-06-03_219c4af9c130.txt,8724,7307,1417,16.243,41,27,0,80.0,1337.0,0.0,0.0,0,,,,,
fed_speeches,speech,2025-06-04_676f9eda96d3.txt,2649,2168,481,18.158,17,9,0,111.0,370.0,0.0,0.0,0,,,,,
fed_speeches,speech,2025-06-05_ea24f80a99de.txt,17782,16251,1531,8.61,61,41,-2,82.0,1451.0,0.0,0.0,0,,,,,
fed_speeches,speech,2025-06-06_f6aa20a5e64d.txt,26148,24473,1675,6.406,107,93,-12,171.0,1516.0,0.0,0.0,0,,,,,
fed_speeches,speech,2025-06-23_42d79af88920.txt,5261,4558,703,13.362,21,13,0,262.0,441.0,0.0,0.0,0,,,,,
fed_speeches,speech,2025-06-23_61affd7c7052.txt,31373,28116,3257,10.382,127,101,-12,272.0,2997.0,0.0,0.0,0,,,,,
fed_speeches,speech,2025-06-23_ab8d95900e13.txt,3414,2922,492,14.411,17,9,0,122.0,370.0,0.0,0.0,0,,,,,
fed_speeches,speech,2025-06-24_2b0d8f670639.txt,4694,4411,283,6.029,21,15,-3,117.0,169.0,0.0,0.0,0,,,,,
fed_speeches,speech,2025-06-26_79f46e863ba0.txt,12971,10662,2309,17.801,55,31,-1,164.0,2146.0,0.0,0.0,0,,,,,
fed_speeches,speech,2025-07-10_ab1afc53ada8.txt,27504,25505,1999,7.268,87,67,-11,86.0,1924.0,0.0,0.0,0,,,,,
fed_speeches,speech,2025-07-15_c6e90c3cfa5c.txt,15528,13896,1632,10.51,73,53,-6,178.0,1460.0,0.0,0.0,0,,,,,
fed_speeches,speech,2025-07-15_c738ff39927d.txt,5630,4170,1460,25.933,45,31,0,223.0,1237.0,0.0,0.0,0,,,,,
fed_speeches,speech,2025-07-16_268a29478f83.txt,26320,20442,5878,22.333,103,65,-3,74.0,5807.0,0.0,0.0,0,,,,,
fed_speeches,speech,2025-07-17_6561963ebafe.txt,20689,15436,5253,25.39,83,47,-1,164.0,5090.0,0.0,0.0,0,,,,,
fed_speeches,speech,2025-07-17_66010c02601c.txt,19301,16130,3171,16.429,75,49,-13,100.0,3084.0,0.0,0.0,0,,,,,
fed_speeches,speech,2025-07-17_69c639cc98d1.txt,21887,16672,5215,23.827,95,53,-7,92.0,5130.0,0.0,0.0,0,,,,,
fed_speeches,speech,2025-07-22_130f19164785.txt,2740,2598,142,5.182,25,21,-1,143.0,0.0,0.0,0.0,0,,,,,
fed_speeches,speech,2025-08-01_3649fd60ae1c.txt,3403,2990,413,12.136,17,11,-2,415.0,0.0,0.0,0.0,0,,,,,
fed_speeches,speech,2025-08-01_e02311371314.txt,5261,5011,250,4.752,27,21,-1,64.0,187.0,0.0,0.0,0,,,,,
fed_speeches,speech,2025-08-09_e07350ec6c85.txt,24159,21915,2244,9.288,107,81,-4,163.0,2085.0,0.0,0.0,0,,,,,
fed_speeches,speech,2025-08-19_cb9864302d12.txt,21246,19877,1369,6.444,91,75,-11,130.0,1250.0,0.0,0.0,0,,,,,
fed_speeches,speech,2025-08-20_cc55ee9901bd.txt,13158,10327,2831,21.515,61,31,-5,115.0,2721.0,0.0,0.0,0,,,,,
fed_speeches,speech,2025-08-22_e9c72cb0ca96.txt,26521,20232,6289,23.713,105,65,-9,228.0,6010.0,60.0,0.0,0,,,,,
fed_speeches,speech,2025-08-28_39c34ac1d416.txt,19350,16661,2689,13.897,75,51,-4,96.0,2597.0,0.0,0.0,0,,,,,
fed_speeches,speech,2025-09-22_69344046ea43.txt,26811,18320,8491,31.67,139,75,-8,101.0,8398.0,0.0,0.0,0,,,,,
fed_speeches,speech,2025-09-23_3dad4f646a82.txt,17099,16073,1026,6.0,75,61,0,154.0,872.0,0.0,0.0,0,,,,,
fed_speeches,speech,2025-09-23_fdc329979e8c.txt,7598,7220,378,4.975,37,29,-3,145.0,236.0,0.0,0.0,0,,,,,
fed_speeches,speech,2025-09-25_a4e46dee7b38.txt,30593,26221,4372,14.291,123,81,-9,119.0,4262.0,0.0,0.0,0,,,,,
fed_speeches,speech,2025-09-26_4a1d23944818.txt,33855,31344,2511,7.417,127,107,-4,133.0,2382.0,0.0,0.0,0,,,,,
fed_speeches,speech,2025-09-29_8fc369fc6b5a.txt,15255,13643,1612,10.567,63,41,-1,87.0,1526.0,0.0,0.0,0,,,,,
fed_speeches,speech,2025-09-30_d87a63eefffd.txt,16794,16053,741,4.412,67,53,-8,235.0,514.0,0.0,0.0,0,,,,,
fed_speeches,speech,2025-10-03_36fb64dae59b.txt,14360,13462,898,6.253,59,45,-7,153.0,752.0,0.0,0.0,0,,,,,
fed_speeches,speech,2025-10-07_b1f72ff8fde2.txt,7448,7118,330,4.431,75,67,-1,162.0,169.0,0.0,0.0,0,,,,,
fed_speeches,speech,2025-10-08_c5d6e1182b8d.txt,12444,10968,1476,11.861,71,51,-5,148.0,1333.0,0.0,0.0,0,,,,,
fed_speeches,speech,2025-10-08_f292206fcf5b.txt,14440,13159,1281,8.871,49,31,-7,116.0,1172.0,0.0,0.0,0,,,,,
fed_speeches,speech,2025-10-09_308ef1ce6f73.txt,15348,14604,744,4.848,53,41,-6,114.0,636.0,0.0,0.0,0,,,,,
fed_speeches,speech,2025-10-09_85bb402cb0a1.txt,10279,9909,370,3.6,55,45,-7,181.0,196.0,0.0,0.0,0,,,,,
fed_speeches,speech,2025-10-09_c0498d7e3429.txt,1891,1749,142,7.509,27,21,0,142.0,0.0,0.0,0.0,0,,,,,
fed_speeches,speech,2025-10-09_e4becee8ba6f.txt,4580,4401,179,3.908,37,31,-2,181.0,0.0,0.0,0.0,0,,,,,
fed_speeches,speech,2025-10-14_0b86c8fc9dd4.txt,28595,16702,11893,41.591,111,59,-13,149.0,11757.0,0.0,0.0,0,,,,,
fed_speeches,speech,2025-10-15_7bd6abcb7a80.txt,15066,14143,923,6.126,47,33,-19,91.0,851.0,0.0,0.0,0,,,,,
fed_speeches,speech,2025-10-16_051101f660c9.txt,26523,20122,6401,24.134,117,63,-13,89.0,6325.0,0.0,0.0,0,,,,,
fed_speeches,speech,2025-10-16_715708a3b25c.txt,4952,4606,346,6.987,43,35,0,177.0,169.0,0.0,0.0,0,,,,,
fed_speeches,speech,2025-10-16_89591b0b1833.txt,19222,17036,2186,11.372,67,45,-16,107.0,2095.0,0.0,0.0,0,,,,,
fed_speeches,speech,2025-10-21_9b34af5e17ca.txt,9060,8543,517,5.706,51,39,-3,130.0,390.0,0.0,0.0,0,,,,,
fed_speeches,speech,2025-10-22_6f095a54d4ae.txt,4491,4195,296,6.591,41,33,-7,134.0,169.0,0.0,0.0,0,,,,,
fed_speeches,speech,2025-10-22_93dae5fadc06.txt,5288,4644,644,12.179,41,29,-2,182.0,464.0,0.0,0.0,0,,,,,
fed_speeches,speech,2025-10-23_5a09b0df55a2.txt,8364,7915,449,5.368,33,23,-4,120.0,333.0,0.0,0.0,0,,,,,
fed_speeches,speech,2025-10-30_3066d829e15c.txt,8968,8595,373,4.159,47,39,-1,205.0,169.0,0.0,0.0,0,,,,,
fed_speeches,speech,2025-11-03_f85dcc214df2.txt,12573,11998,575,4.573,51,39,-1,90.0,486.0,0.0,0.0,0,,,,,
fed_speeches,speech,2025-11-07_81ba7b8607cf.txt,13266,11317,1949,14.692,61,37,-12,104.0,1857.0,0.0,0.0,0,,,,,
fed_speeches,speech,2025-11-07_d84f961fde99.txt,18625,14709,3916,21.026,75,49,-7,122.0,3801.0,0.0,0.0,0,,,,,
fed_speeches,speech,2025-11-11_d88b9d1fb991.txt,15212,10931,4281,28.142,77,45,-8,91.0,4198.0,0.0,0.0,0,,,,,
fed_speeches,speech,2025-11-17_d39ee4654d9f.txt,8333,8046,287,3.444,35,27,0,118.0,169.0,0.0,0.0,0,,,,,
fed_speeches,speech,2025-11-17_dfe61e9d60d9.txt,20407,18519,1888,9.252,71,49,-10,132.0,1766.0,0.0,0.0,0,,,,,
fed_speeches,speech,2025-11-18_361224b44686.txt,25651,19767,5884,22.939,113,59,-10,146.0,5748.0,0.0,0.0,0,,,,,
fed_speeches,speech,2025-11-19_2f4826112d10.txt,14872,13723,1149,7.726,63,49,-1,140.0,1010.0,0.0,0.0,0,,,,,
fed_speeches,speech,2025-11-20_1577799f0515.txt,28346,21187,7159,25.256,115,63,-28,164.0,7023.0,0.0,0.0,0,,,,,
fed_speeches,speech,2025-11-21_5b92227292d2.txt,5421,5284,137,2.527,27,21,0,137.0,0.0,0.0,0.0,0,,,,,
fed_speeches,speech,2025-11-21_6ef7d9f4adf5.txt,17532,13682,3850,21.96,77,37,-13,146.0,3717.0,0.0,0.0,0,,,,,
fed_speeches,speech,2025-12-01_a3a1d4ebca4d.txt,4893,3774,1119,22.869,31,19,0,183.0,936.0,0.0,0.0,0,,,,,
fed_speeches,speech,2025-12-15_6390e9eefd1c.txt,25963,18276,7687,29.608,117,71,-18,138.0,7567.0,0.0,0.0,0,,,,,
fomc_minutes_statements,minute,2012-01-24_834d3e6dac11.txt,71668,62958,8710,12.153,274,196,0,,,,0.0,1,,0.0,3422.0,3785.0,1502.0
fomc_minutes_statements,minute,2012-03-13_94bc041a4506.txt,42048,32193,9855,23.438,107,50,0,,,,0.0,1,,0.0,2542.0,5810.0,1502.0
fomc_minutes_statements,minute,2012-04-24_a8d8cbf177c3.txt,46607,37317,9290,19.933,113,55,0,,,,0.0,1,,0.0,4032.0,3755.0,1502.0
fomc_minutes_statements,minute,2012-06-19_3199850d1fc1.txt,52692,42233,10459,19.849,142,57,-4,,,,1.0,1,,0.0,3914.0,4584.0,1963.0
fomc_minutes_statements,minute,2012-08-01_8e3679a69f12.txt,47241,37413,9828,20.804,113,49,0,,,,0.0,1,,0.0,3758.0,4449.0,1620.0
fomc_minutes_statements,minute,2012-09-12_1a6e91bc35cc.txt,50151,38383,11768,23.465,138,52,0,,,,0.0,1,,0.0,4584.0,5539.0,1644.0
fomc_minutes_statements,minute,2012-10-23_a74edc9f9abb.txt,44401,29959,14442,32.526,115,49,0,,,,0.0,1,,0.0,6760.0,6034.0,1647.0
fomc_minutes_statements,minute,2012-12-11_fd45eba780c5.txt,50561,40141,10420,20.609,123,61,0,,,,0.0,1,,0.0,3007.0,5620.0,1792.0
fomc_minutes_statements,minute,2013-01-29_47b1f27f6a73.txt,72779,34607,38172,52.449,274,54,0,,,,0.0,0,,0.0,31030.0,7142.0,0.0
fomc_minutes_statements,minute,2013-03-19_262eadd957d8.txt,47905,39741,8164,17.042,122,57,0,,,,0.0,0,,0.0,2970.0,5194.0,0.0
fomc_minutes_statements,minute,2013-05-30_2913bff7fa7b.txt,45262,33206,12056,26.636,117,54,0,,,,0.0,0,,0.0,2961.0,9095.0,0.0
fomc_minutes_statements,minute,2013-06-18_647cb4c897c5.txt,53766,42564,11202,20.835,127,58,0,,,,1.0,0,,0.0,5246.0,5955.0,0.0
fomc_minutes_statements,minute,2013-07-30_f556e6726869.txt,47211,38519,8692,18.411,124,55,0,,,,2.0,0,,0.0,2815.0,5875.0,0.0
fomc_minutes_statements,minute,2013-09-17_04f2d13b6165.txt,54134,45102,9032,16.685,116,57,0,,,,0.0,0,,0.0,2702.0,6330.0,0.0
fomc_minutes_statements,minute,2013-10-29_107e2325b305.txt,50569,39299,11270,22.286,120,57,0,,,,0.0,0,,0.0,3007.0,8263.0,0.0
fomc_minutes_statements,minute,2013-12-17_212d20e04468.txt,58174,48502,9672,16.626,114,59,0,,,,0.0,0,,0.0,3060.0,6612.0,0.0
fomc_minutes_statements,minute,2014-01-28_12b5eab974e2.txt,79147,39464,39683,50.138,282,56,0,,,,0.0,0,,0.0,33455.0,6228.0,0.0
fomc_minutes_statements,minute,2014-03-18_dda215bec2fc.txt,55151,39525,15626,28.333,119,56,0,,,,0.0,0,,0.0,2920.0,12706.0,0.0
fomc_minutes_statements,minute,2014-04-29_3510f088cbfd.txt,44642,31471,13171,29.504,148,48,0,,,,0.0,0,,0.0,6903.0,6268.0,0.0
fomc_minutes_statements,minute,2014-06-17_61f1abb8d8b7.txt,56418,45970,10448,18.519,154,61,0,,,,1.0,0,,0.0,4120.0,6327.0,0.0
fomc_minutes_statements,minute,2014-07-29_95b396f1227f.txt,52754,41667,11087,21.016,154,59,0,,,,1.0,0,,0.0,4096.0,6990.0,0.0
fomc_minutes_statements,minute,2014-09-16_2b33172a6b23.txt,60293,49051,11242,18.646,172,76,0,,,,1.0,0,,0.0,3747.0,7494.0,0.0
fomc_minutes_statements,minute,2014-10-28_0ce4bf315086.txt,55086,41666,13420,24.362,156,61,0,,,,1.0,0,,0.0,3711.0,9708.0,0.0
fomc_minutes_statements,minute,2014-12-16_ffe34180ce4c.txt,49872,40253,9619,19.287,140,69,0,,,,0.0,0,,0.0,3465.0,6154.0,0.0
fomc_minutes_statements,minute,2015-01-27_d931552c6965.txt,94815,54568,40247,42.448,364,73,0,,,,0.0,0,,0.0,34589.0,5658.0,0.0
fomc_minutes_statements,minute,2015-03-17_03d3d457c6b6.txt,55661,46768,8893,15.977,158,71,0,,,,2.0,0,,0.0,3630.0,5261.0,0.0
fomc_minutes_statements,minute,2015-04-28_8f124ef1cebc.txt,50357,41821,8536,16.951,140,55,0,,,,0.0,0,,0.0,3957.0,4579.0,0.0
fomc_minutes_statements,minute,2015-06-16_8eaaa6aea1df.txt,53213,43749,9464,17.785,156,62,0,,,,2.0,0,,0.0,4008.0,5454.0,0.0
fomc_minutes_statements,minute,2015-07-28_cbca43240e96.txt,55951,44743,11208,20.032,166,65,0,,,,0.0,0,,0.0,4147.0,7061.0,0.0
fomc_minutes_statements,minute,2015-09-16_26dd0eb29efe.txt,49454,41027,8427,17.04,129,59,0,,,,0.0,0,,0.0,3535.0,4892.0,0.0
fomc_minutes_statements,minute,2015-10-27_564efab6adcd.txt,53688,40317,13371,24.905,169,59,0,,,,0.0,0,,0.0,8108.0,5263.0,0.0
fomc_minutes_statements,minute,2015-12-15_9d4cf9384422.txt,50756,44362,6394,12.598,145,68,0,,,,1.0,0,,2715.0,3678.0,0.0,0.0
fomc_minutes_statements,minute,2016-01-26_2c67361b7f78.txt,90440,48319,42121,46.573,341,64,0,,,,1.0,0,,4908.0,37212.0,0.0,0.0
fomc_minutes_statements,minute,2016-03-15_5ff3db65f28f.txt,51300,45945,5355,10.439,141,66,0,,,,1.0,0,,2046.0,3308.0,0.0,0.0
fomc_minutes_statements,minute,2016-04-26_61bb09eb1e66.txt,61600,52407,9193,14.924,162,68,0,,,,1.0,0,,1855.0,7337.0,0.0,0.0
fomc_minutes_statements,minute,2016-06-14_66b8b7a99765.txt,54532,49643,4889,8.965,144,71,0,,,,2.0,0,,949.0,3938.0,0.0,0.0
fomc_minutes_statements,minute,2016-07-26_76522b166cb9.txt,67915,57035,10880,16.02,167,73,0,,,,1.0,0,,2329.0,8550.0,0.0,0.0
fomc_minutes_statements,minute,2016-09-20_6ffd77434fa6.txt,71560,47913,23647,33.045,253,69,0,,,,2.0,0,,3741.0,19904.0,0.0,0.0
fomc_minutes_statements,minute,2016-11-01_ed41f0f7053a.txt,61269,49650,11619,18.964,179,70,0,,,,1.0,0,,2993.0,8625.0,0.0,0.0
fomc_minutes_statements,minute,2016-12-13_1a6a04ac891b.txt,55514,48302,7212,12.991,167,70,0,,,,2.0,0,,2792.0,4418.0,0.0,0.0
fomc_minutes_statements,minute,2017-03-14_90eab8f28b81.txt,59546,52111,7435,12.486,160,76,0,,,,3.0,0,,3614.0,3818.0,0.0,0.0
fomc_minutes_statements,minute,2017-05-02_d7cb41599fd5.txt,56625,48528,8097,14.299,159,68,0,,,,1.0,0,,4318.0,3778.0,0.0,0.0
fomc_minutes_statements,minute,2017-06-13_452978870662.txt,58320,50178,8142,13.961,173,92,0,,,,4.0,0,,3606.0,4532.0,0.0,0.0
fomc_minutes_statements,minute,2017-07-25_86bd14bf7cc9.txt,49680,44710,4970,10.004,140,68,0,,,,1.0,0,,1389.0,3580.0,0.0,0.0
fomc_minutes_statements,minute,2017-09-19_3f20f8eb2496.txt,57142,50183,6959,12.178,163,77,0,,,,3.0,0,,2336.0,4620.0,0.0,0.0
fomc_minutes_statements,minute,2017-12-12_839c3db154ea.txt,49330,41616,7714,15.638,137,65,0,,,,2.0,0,,4193.0,3519.0,0.0,0.0
fomc_minutes_statements,minute,2018-01-30_5b068ae48728.txt,81408,48024,33384,41.008,325,69,0,,,,1.0,0,,2247.0,31136.0,0.0,0.0
fomc_minutes_statements,minute,2018-03-20_e055fafd2dc6.txt,48456,42580,5876,12.126,146,73,0,,,,1.0,0,,2285.0,3590.0,0.0,0.0
fomc_minutes_statements,minute,2018-05-01_8119defabbf0.txt,52518,47423,5095,9.701,137,67,0,,,,1.0,0,,1521.0,3573.0,0.0,0.0
fomc_minutes_statements,minute,2018-06-12_559ccb01d862.txt,47379,40802,6577,13.882,146,65,0,,,,1.0,0,,2496.0,4080.0,0.0,0.0
fomc_minutes_statements,minute,2018-09-25_0bed17bedd10.txt,47425,40628,6797,14.332,143,66,0,,,,1.0,0,,2921.0,3875.0,0.0,0.0
fomc_minutes_statements,minute,2018-11-07_82fdf7ba9f53.txt,55507,40048,15459,27.851,190,71,0,,,,1.0,0,,2418.0,13040.0,0.0,0.0
fomc_minutes_statements,minute,2018-12-18_9ece75f3fa10.txt,56468,44918,11550,20.454,196,74,0,,,,1.0,0,,2558.0,8991.0,0.0,0.0
fomc_minutes_statements,minute,2019-01-29_dbcd2cb58934.txt,94356,59692,34664,36.737,380,88,0,,,,2.0,0,,2721.0,31941.0,0.0,0.0
fomc_minutes_statements,minute,2019-03-19_054f293af513.txt,64107,47486,16621,25.927,190,70,-1,,,,1.0,0,,1282.0,15339.0,0.0,0.0
fomc_minutes_statements,minute,2019-05-30_760cba5059a2.txt,62042,51466,10576,17.047,190,78,-12,,,,1.0,0,,2413.0,8174.0,0.0,0.0
fomc_minutes_statements,minute,2019-06-18_93775234563b.txt,55127,42818,12309,22.328,190,68,-13,,,,2.0,0,,3411.0,8909.0,0.0,0.0
fomc_minutes_statements,minute,2019-07-30_5dfd07791d70.txt,71346,61941,9405,13.182,196,86,-19,,,,1.0,0,,4759.0,4664.0,0.0,0.0
fomc_minutes_statements,minute,2019-09-17_b0620fb1ad3b.txt,71146,63400,7746,10.887,200,81,-10,,,,1.0,0,,2832.0,4923.0,0.0,0.0
fomc_minutes_statements,minute,2019-10-29_bff202a2a75f.txt,83867,64970,18897,22.532,239,86,-15,,,,2.0,0,,13467.0,5443.0,0.0,0.0
fomc_minutes_statements,minute,2019-12-10_3243cebe187f.txt,57079,50017,7062,12.372,194,88,-12,,,,1.0,0,,2238.0,4835.0,0.0,0.0
fomc_minutes_statements,minute,2020-01-28_b2e767d7de25.txt,88059,56454,31605,35.891,376,81,-10,,,,1.0,0,,2633.0,28981.0,0.0,0.0
fomc_minutes_statements,minute,2020-03-15_03fe77f09d60.txt,65938,51594,14344,21.754,150,77,-16,,,,1.0,0,,11173.0,3186.0,0.0,0.0
fomc_minutes_statements,minute,2020-04-28_8e14b1a73dfc.txt,62984,54416,8568,13.603,157,78,-13,,,,1.0,0,,4496.0,4084.0,0.0,0.0
fomc_minutes_statements,minute,2020-06-09_65c25656d31b.txt,67095,57845,9250,13.786,203,84,-19,,,,1.0,0,,1691.0,7577.0,0.0,0.0
fomc_minutes_statements,minute,2020-07-28_7f05bc663067.txt,60354,53794,6560,10.869,190,86,-34,,,,2.0,0,,1990.0,4602.0,0.0,0.0
fomc_minutes_statements,minute,2020-09-15_99f9b766d42a.txt,66045,53425,12620,19.108,173,87,-15,,,,1.0,0,,2173.0,10461.0,0.0,0.0
fomc_minutes_statements,minute,2020-11-04_fe2e1ec08243.txt,63834,57785,6049,9.476,185,89,-12,,,,1.0,0,,1475.0,4585.0,0.0,0.0
fomc_minutes_statements,minute,2020-12-15_231cce558000.txt,55671,49346,6325,11.361,187,83,-24,,,,3.0,0,,1909.0,4437.0,0.0,0.0
fomc_minutes_statements,minute,2021-01-26_f8118c0a9430.txt,84458,49905,34553,40.911,352,85,-14,,,,1.0,0,,2055.0,32511.0,0.0,0.0
fomc_minutes_statements,minute,2021-03-16_d8e2469944f3.txt,58242,51947,6295,10.808,177,83,-8,,,,1.0,0,,1268.0,5034.0,0.0,0.0
fomc_minutes_statements,minute,2021-04-27_781f36666813.txt,58897,52555,6342,10.768,186,82,-8,,,,1.0,0,,1234.0,5115.0,0.0,0.0
fomc_minutes_statements,minute,2021-06-15_adcd93787d78.txt,63702,53734,9968,15.648,193,84,-15,,,,1.0,0,,1698.0,8284.0,0.0,0.0
fomc_minutes_statements,minute,2021-07-27_824f2bfe480d.txt,70421,63955,6466,9.182,205,93,-8,,,,1.0,0,,2092.0,4381.0,0.0,0.0
fomc_minutes_statements,minute,2021-09-21_84fe63a117f6.txt,58480,52255,6225,10.645,160,81,-10,,,,1.0,0,,2268.0,3966.0,0.0,0.0
fomc_minutes_statements,minute,2021-11-02_4dc5da1ade37.txt,55671,53867,1804,3.24,160,142,-24,,,,4.0,0,,1824.0,0.0,0.0,0.0
fomc_minutes_statements,minute,2021-12-14_67dab03fecde.txt,62863,61108,1755,2.792,197,177,-9,,,,18.0,0,,1746.0,0.0,0.0,0.0
fomc_minutes_statements,minute,2022-01-25_73778280b2fe.txt,89853,87642,2211,2.461,384,359,-9,,,,15.0,0,,2205.0,0.0,0.0,0.0
fomc_minutes_statements,minute,2022-03-15_9055d6b03bf1.txt,57795,54623,3172,5.488,188,159,-18,,,,16.0,0,,3174.0,0.0,0.0,0.0
fomc_minutes_statements,minute,2022-05-03_9226ba3021cd.txt,52438,50632,1806,3.444,163,141,-11,,,,6.0,0,,1811.0,0.0,0.0,0.0
fomc_minutes_statements,minute,2022-06-14_ae86719f5d3d.txt,53101,50219,2882,5.427,162,137,-8,,,,8.0,0,,2882.0,0.0,0.0,0.0
fomc_minutes_statements,minute,2022-07-26_21e307af662f.txt,57072,54595,2477,4.34,163,139,-10,,,,6.0,0,,2481.0,0.0,0.0,0.0
fomc_minutes_statements,minute,2022-09-20_bdd9eed40190.txt,52216,49681,2535,4.855,189,165,-18,,,,7.0,0,,2546.0,0.0,0.0,0.0
fomc_minutes_statements,minute,2022-11-01_9dc3b412fb7a.txt,54184,51906,2278,4.204,180,160,-8,,,,5.0,0,,2281.0,0.0,0.0,0.0
fomc_minutes_statements,minute,2022-12-13_44d0ea4cde43.txt,51939,50080,1859,3.579,192,170,-12,,,,7.0,0,,1864.0,0.0,0.0,0.0
fomc_minutes_statements,minute,2023-03-21_267f5f356126.txt,50191,47688,2503,4.987,189,165,-13,,,,9.0,0,,2507.0,0.0,0.0,0.0
fomc_minutes_statements,minute,2023-05-02_49ca3af9a585.txt,55011,52812,2199,3.997,199,179,-21,,,,10.0,0,,2210.0,0.0,0.0,0.0
fomc_minutes_statements,minute,2023-06-13_61d01bb59d56.txt,47195,45591,1604,3.399,184,163,-14,,,,7.0,0,,1611.0,0.0,0.0,0.0
fomc_minutes_statements,minute,2023-07-25_6edf1be4663d.txt,46320,43892,2428,5.242,178,154,-15,,,,6.0,0,,2437.0,0.0,0.0,0.0
fomc_minutes_statements,minute,2023-09-19_af5ec092afca.txt,44018,42351,1667,3.787,180,159,-4,,,,8.0,0,,1663.0,0.0,0.0,0.0
fomc_minutes_statements,minute,2023-12-12_067ca351c026.txt,46069,44457,1612,3.499,176,157,-6,,,,6.0,0,,1612.0,0.0,0.0,0.0
fomc_minutes_statements,minute,2024-01-30_dda7d230d6b2.txt,50462,48650,1812,3.591,240,215,-8,,,,9.0,0,,1811.0,0.0,0.0,0.0
fomc_minutes_statements,minute,2024-03-19_1fece220ed27.txt,48938,47476,1462,2.987,195,180,-6,,,,10.0,0,,1458.0,0.0,0.0,0.0
fomc_minutes_statements,minute,2024-05-30_f9d870eec37b.txt,47926,46349,1577,3.29,184,165,-10,,,,7.0,0,,1580.0,0.0,0.0,0.0
fomc_minutes_statements,minute,2024-06-11_7b2ad82431e0.txt,43951,42277,1674,3.809,179,158,-10,,,,8.0,0,,1676.0,0.0,0.0,0.0
fomc_minutes_statements,minute,2024-07-30_7545319951e3.txt,44932,37822,7110,15.824,189,68,-9,,,,1.0,0,,7118.0,0.0,0.0,0.0
fomc_minutes_statements,minute,2024-09-17_9a3433819c06.txt,44456,36699,7757,17.449,172,62,-12,,,,1.0,0,,7768.0,0.0,0.0,0.0
fomc_minutes_statements,minute,2024-11-06_9e66d1c8bf91.txt,49277,40728,8549,17.349,209,72,-17,,,,2.0,0,,8564.0,0.0,0.0,0.0
fomc_minutes_statements,minute,2024-12-17_992da71dd067.txt,46004,37770,8234,17.898,187,67,-11,,,,1.0,0,,8244.0,0.0,0.0,0.0
fomc_minutes_statements,minute,2025-01-28_0e4ddaa60b51.txt,54975,46760,8215,14.943,276,129,-9,,,,4.0,0,,8220.0,0.0,0.0,0.0
fomc_minutes_statements,minute,2025-03-18_bf82bb220b96.txt,48777,39874,8903,18.252,231,70,-8,,,,1.0,0,,8910.0,0.0,0.0,0.0
fomc_minutes_statements,minute,2025-05-06_2afb8a5cfdcc.txt,51089,42163,8926,17.471,249,74,-9,,,,2.0,0,,8933.0,0.0,0.0,0.0
fomc_minutes_statements,minute,2025-06-17_93ed65ca2806.txt,47375,38594,8781,18.535,241,70,-10,,,,1.0,0,,8790.0,0.0,0.0,0.0
fomc_minutes_statements,minute,2025-07-29_364821eaa5df.txt,47521,39430,8091,17.026,199,71,-16,,,,1.0,0,,8106.0,0.0,0.0,0.0
fomc_minutes_statements,minute,2025-09-16_fc794bbade0a.txt,42224,33510,8714,20.638,181,61,-12,,,,1.0,0,,8725.0,0.0,0.0,0.0
fomc_minutes_statements,minute,2025-10-28_468a0e411e83.txt,55912,45427,10485,18.753,270,79,-8,,,,2.0,0,,10491.0,0.0,0.0,0.0
fomc_minutes_statements,minute,2025-12-09_85f9d117ade3.txt,51208,42037,9171,17.909,222,73,-10,,,,1.0,0,,9180.0,0.0,0.0,0.0
fomc_minutes_statements,statement,2012-01-24_5d3a7019f6dd.txt,2889,2351,538,18.622,9,4,0,,,,,0,83.0,455.0,,,
fomc_minutes_statements,statement,2012-03-13_cc4d08cf4dba.txt,2952,2437,515,17.446,9,4,0,,,,,0,81.0,434.0,,,
fomc_minutes_statements,statement,2012-04-24_18453d8d0979.txt,3003,2488,515,17.15,9,4,0,,,,,0,81.0,434.0,,,
fomc_minutes_statements,statement,2012-06-19_a57854a0d625.txt,3437,2804,633,18.417,13,4,0,,,,,0,80.0,553.0,,,
fomc_minutes_statements,statement,2012-08-01_620d67a6886c.txt,3080,2506,574,18.636,9,4,0,,,,,0,82.0,492.0,,,
fomc_minutes_statements,statement,2012-09-12_308ff1604b20.txt,3861,3167,694,17.975,11,5,0,,,,,0,85.0,609.0,,,
fomc_minutes_statements,statement,2012-10-23_4e047bbd401d.txt,3773,3101,672,17.811,10,5,0,,,,,0,83.0,589.0,,,
fomc_minutes_statements,statement,2012-12-11_3f24be44d1a3.txt,4784,4112,672,14.047,11,5,0,,,,,0,84.0,588.0,,,
fomc_minutes_statements,statement,2013-01-29_6be32a24ceac.txt,4487,3865,622,13.862,10,5,0,,,,,0,83.0,539.0,,,
fomc_minutes_statements,statement,2013-03-19_8556039013f5.txt,4452,3832,620,13.926,10,5,0,,,,,0,81.0,539.0,,,
fomc_minutes_statements,statement,2013-05-30_fabd0470a308.txt,4619,4001,618,13.38,10,5,0,,,,,0,79.0,539.0,,,
fomc_minutes_statements,statement,2013-06-18_6463a4f430c7.txt,4781,4010,771,16.126,10,5,0,,,,,0,80.0,691.0,,,
fomc_minutes_statements,statement,2013-07-30_11c404beef8e.txt,4806,4187,619,12.88,10,5,0,,,,,0,80.0,539.0,,,
fomc_minutes_statements,statement,2013-09-17_9d6c043c9ea2.txt,5469,4884,585,10.697,10,5,0,,,,,0,85.0,500.0,,,
fomc_minutes_statements,statement,2013-10-29_75ed8399f511.txt,5340,4757,583,10.918,10,5,0,,,,,0,83.0,500.0,,,
fomc_minutes_statements,statement,2013-12-17_49aba68019bf.txt,6000,5272,728,12.133,11,5,0,,,,,0,84.0,644.0,,,
fomc_minutes_statements,statement,2014-01-28_5c9e8b6735f3.txt,5786,5348,438,7.57,11,5,0,,,,,0,83.0,355.0,,,
fomc_minutes_statements,statement,2014-03-18_30df0f66ee8f.txt,6142,5456,686,11.169,14,7,0,,,,,0,81.0,605.0,,,
fomc_minutes_statements,statement,2014-04-29_0711fac1da7e.txt,5684,5268,416,7.319,12,6,0,,,,,0,81.0,335.0,,,
fomc_minutes_statements,statement,2014-06-17_43f04a08ed54.txt,5615,5183,432,7.694,12,6,0,,,,,0,80.0,352.0,,,
fomc_minutes_statements,statement,2014-07-29_710668d3628d.txt,5980,5090,890,14.883,13,6,0,,,,,0,80.0,810.0,,,
fomc_minutes_statements,statement,2014-09-16_8083594861ae.txt,6261,5098,1163,18.575,12,6,0,,,,,0,85.0,1078.0,,,
fomc_minutes_statements,statement,2014-10-28_d6a7adec73fb.txt,5130,4165,965,18.811,12,5,0,,,,,0,83.0,882.0,,,
fomc_minutes_statements,statement,2014-12-16_d1e49b60807d.txt,5124,3918,1206,23.536,11,5,0,,,,,0,84.0,1122.0,,,
fomc_minutes_statements,statement,2015-01-27_6b895a6645be.txt,4039,3701,338,8.368,10,5,0,,,,,0,83.0,255.0,,,
fomc_minutes_statements,statement,2015-03-17_9af3a0cf997f.txt,4060,3724,336,8.276,10,5,0,,,,,0,81.0,255.0,,,
fomc_minutes_statements,statement,2015-04-28_fac509673bd9.txt,3939,3603,336,8.53,10,5,0,,,,,0,81.0,255.0,,,
fomc_minutes_statements,statement,2015-06-16_d40aae8d859a.txt,3814,3479,335,8.783,10,5,0,,,,,0,80.0,255.0,,,
fomc_minutes_statements,statement,2015-07-28_5b0345b302be.txt,3776,3441,335,8.872,10,5,0,,,,,0,80.0,255.0,,,
fomc_minutes_statements,statement,2015-09-16_9105c7e0a50e.txt,4079,3606,473,11.596,10,5,0,,,,,0,85.0,388.0,,,
fomc_minutes_statements,statement,2015-10-27_e72db519fe5c.txt,3991,3520,471,11.802,10,5,0,,,,,0,83.0,388.0,,,
fomc_minutes_statements,statement,2015-12-15_d231716e6ed8.txt,4080,3741,339,8.309,10,5,0,,,,,0,84.0,255.0,,,
fomc_minutes_statements,statement,2016-01-26_21b3426007c3.txt,3859,3512,347,8.992,11,7,0,,,,,0,55.0,292.0,,,
fomc_minutes_statements,statement,2016-03-15_179751997963.txt,3919,3440,479,12.223,11,7,0,,,,,0,53.0,426.0,,,
fomc_minutes_statements,statement,2016-04-26_ab3394a98e13.txt,3945,3466,479,12.142,11,7,0,,,,,0,53.0,426.0,,,
fomc_minutes_statements,statement,2016-06-14_6b4973965fd0.txt,3716,3375,341,9.177,11,7,0,,,,,0,52.0,289.0,,,
fomc_minutes_statements,statement,2016-07-26_4bfc05fc47fc.txt,3860,3383,477,12.358,11,7,0,,,,,0,52.0,425.0,,,
fomc_minutes_statements,statement,2016-09-20_ea0f572a1045.txt,4087,3585,502,12.283,11,7,0,,,,,0,57.0,445.0,,,
fomc_minutes_statements,statement,2016-11-01_425fb34a8a5f.txt,4060,3562,498,12.266,11,7,0,,,,,0,56.0,442.0,,,
fomc_minutes_statements,statement,2016-12-13_416d58859f00.txt,3719,3370,349,9.384,11,7,0,,,,,0,56.0,293.0,,,
fomc_minutes_statements,statement,2017-03-14_a5cc987f2a19.txt,3659,3191,468,12.79,11,7,0,,,,,0,53.0,415.0,,,
fomc_minutes_statements,statement,2017-05-02_d76dd454adaf.txt,3642,3324,318,8.731,11,7,0,,,,,0,51.0,267.0,,,
fomc_minutes_statements,statement,2017-06-13_bf20b0cfbeb0.txt,3837,3390,447,11.65,11,7,0,,,,,0,52.0,395.0,,,
fomc_minutes_statements,statement,2017-07-25_0216ee61735a.txt,3525,3204,321,9.106,11,7,0,,,,,0,52.0,269.0,,,
fomc_minutes_statements,statement,2017-09-19_3b04d1682061.txt,3696,3365,331,8.956,11,7,0,,,,,0,57.0,274.0,,,
fomc_minutes_statements,statement,2017-12-12_4a774823b378.txt,3362,2902,460,13.682,10,6,0,,,,,0,56.0,404.0,,,
fomc_minutes_statements,statement,2018-01-30_da297642c5a0.txt,2903,2568,335,11.54,10,6,0,,,,,0,55.0,280.0,,,
fomc_minutes_statements,statement,2018-03-20_30a86943463a.txt,3071,2754,317,10.322,10,6,0,,,,,0,53.0,264.0,,,
fomc_minutes_statements,statement,2018-05-01_8d62337db668.txt,2889,2577,312,10.8,10,6,0,,,,,0,51.0,261.0,,,
fomc_minutes_statements,statement,2018-06-12_47c41791ffdc.txt,2250,1935,315,14.0,10,6,0,,,,,0,52.0,263.0,,,
fomc_minutes_statements,statement,2018-09-25_829e09b5a377.txt,2065,1720,345,16.707,10,6,0,,,,,0,57.0,288.0,,,
fomc_minutes_statements,statement,2018-11-07_e00536d13b37.txt,2140,1802,338,15.794,10,6,0,,,,,0,56.0,282.0,,,
fomc_minutes_statements,statement,2018-12-18_95819bab78ed.txt,2320,1961,359,15.474,10,6,0,,,,,0,56.0,303.0,,,
fomc_minutes_statements,statement,2019-01-29_7c0712c74ff8.txt,2319,1962,357,15.395,9,5,0,,,,,0,55.0,302.0,,,
fomc_minutes_statements,statement,2019-03-19_42d551d67d20.txt,2413,2060,353,14.629,9,5,0,,,,,0,53.0,300.0,,,
fomc_minutes_statements,statement,2019-05-30_ce1cde5be233.txt,2245,1903,342,15.234,9,5,0,,,,,0,51.0,291.0,,,
fomc_minutes_statements,statement,2019-06-18_71e439317eb7.txt,2486,2014,472,18.986,9,5,0,,,,,0,52.0,420.0,,,
fomc_minutes_statements,statement,2019-07-30_f37dc2abee14.txt,2770,2284,486,17.545,10,6,0,,,,,0,52.0,434.0,,,
fomc_minutes_statements,statement,2019-09-17_dc8ee5b35a20.txt,2671,2100,571,21.378,9,5,0,,,,,0,57.0,514.0,,,
fomc_minutes_statements,statement,2019-10-04_b351333fd890.txt,4892,4875,17,0.348,19,18,0,,,,,0,17.0,0.0,,,
fomc_minutes_statements,statement,2019-10-29_2400956e21c0.txt,2444,1973,471,19.272,9,5,0,,,,,0,55.0,416.0,,,
fomc_minutes_statements,statement,2019-12-10_76fa13ed0061.txt,2237,1890,347,15.512,9,5,0,,,,,0,56.0,291.0,,,
fomc_minutes_statements,statement,2020-01-28_70220f9a3086.txt,2244,1901,343,15.285,9,5,0,,,,,0,55.0,288.0,,,
fomc_minutes_statements,statement,2020-03-02_edd04bf3ee84.txt,951,573,378,39.748,8,3,0,,,,,0,53.0,325.0,,,
fomc_minutes_statements,statement,2020-03-15_74b931227018.txt,4728,3498,1230,26.015,16,6,-2,,,,,0,53.0,1179.0,,,
fomc_minutes_statements,statement,2020-03-23_9b2b44682283.txt,4204,4151,53,1.261,22,20,0,,,,,0,53.0,0.0,,,
fomc_minutes_statements,statement,2020-04-28_51348faff051.txt,2947,2608,339,11.503,11,7,0,,,,,0,53.0,286.0,,,
fomc_minutes_statements,statement,2020-06-09_7cc8fc3c1291.txt,2948,2611,337,11.431,11,7,0,,,,,0,52.0,285.0,,,
fomc_minutes_statements,statement,2020-07-28_19402d462307.txt,3082,2745,337,10.934,11,7,0,,,,,0,52.0,285.0,,,
fomc_minutes_statements,statement,2020-09-15_503e061724ca.txt,3680,2767,913,24.81,12,7,0,,,,,0,57.0,856.0,,,
fomc_minutes_statements,statement,2020-11-04_f7e4099710b1.txt,3155,2757,398,12.615,11,7,0,,,,,0,56.0,342.0,,,
fomc_minutes_statements,statement,2020-12-15_81fef8858fab.txt,3266,2921,345,10.563,11,7,0,,,,,0,56.0,289.0,,,
fomc_minutes_statements,statement,2021-01-26_57722ad2b2de.txt,3334,2967,367,11.008,11,7,0,,,,,0,55.0,312.0,,,
fomc_minutes_statements,statement,2021-03-16_645c863c33a9.txt,3298,2935,363,11.007,11,7,0,,,,,0,53.0,310.0,,,
fomc_minutes_statements,statement,2021-04-27_5279a2ebb720.txt,3286,2923,363,11.047,11,7,0,,,,,0,53.0,310.0,,,
fomc_minutes_statements,statement,2021-06-15_2476421976ea.txt,3247,2886,361,11.118,11,7,0,,,,,0,52.0,309.0,,,
fomc_minutes_statements,statement,2021-07-27_b4821974278d.txt,3330,2969,361,10.841,11,7,0,,,,,0,52.0,309.0,,,
fomc_minutes_statements,statement,2021-09-21_88124e01463a.txt,3444,3073,371,10.772,11,7,0,,,,,0,57.0,314.0,,,
fomc_minutes_statements,statement,2021-11-02_48deeb4ba3e3.txt,4124,3756,368,8.923,11,7,0,,,,,0,56.0,312.0,,,
fomc_minutes_statements,statement,2021-12-14_15abc405b19d.txt,3522,3153,369,10.477,11,7,0,,,,,0,56.0,313.0,,,
fomc_minutes_statements,statement,2022-01-25_491c72687dba.txt,2898,2510,388,13.389,10,6,0,,,,,0,55.0,333.0,,,
fomc_minutes_statements,statement,2022-03-15_fd594efa6f03.txt,2395,1850,545,22.756,10,6,0,,,,,0,53.0,492.0,,,
fomc_minutes_statements,statement,2022-05-03_c5ed059a410c.txt,2637,2171,466,17.672,12,6,0,,,,,0,51.0,415.0,,,
fomc_minutes_statements,statement,2022-06-14_cdf329b50b6e.txt,2534,1944,590,23.283,10,6,0,,,,,0,52.0,538.0,,,
fomc_minutes_statements,statement,2022-07-26_d00a5ebb4c01.txt,2202,1827,375,17.03,10,6,0,,,,,0,52.0,323.0,,,
fomc_minutes_statements,statement,2022-09-20_5fd7d355741d.txt,2204,1819,385,17.468,10,6,0,,,,,0,57.0,328.0,,,
fomc_minutes_statements,statement,2022-11-01_cea498d1d706.txt,2675,2219,456,17.047,13,6,0,,,,,0,56.0,400.0,,,
fomc_minutes_statements,statement,2022-12-13_438a6caa910b.txt,2676,2219,457,17.078,13,6,0,,,,,0,56.0,401.0,,,
fomc_minutes_statements,statement,2023-03-21_f7c495108e20.txt,2621,2188,433,16.52,13,6,0,,,,,0,53.0,380.0,,,
fomc_minutes_statements,statement,2023-05-02_3f2087885646.txt,2406,1978,428,17.789,13,6,0,,,,,0,51.0,377.0,,,
fomc_minutes_statements,statement,2023-06-13_6c1d3773abcf.txt,2475,2044,431,17.414,13,6,0,,,,,0,52.0,379.0,,,
fomc_minutes_statements,statement,2023-07-25_dcdfd9350123.txt,2432,2001,431,17.722,13,6,0,,,,,0,52.0,379.0,,,
fomc_minutes_statements,statement,2023-09-19_c86714b37e58.txt,2474,2014,460,18.593,13,6,0,,,,,0,57.0,403.0,,,
fomc_minutes_statements,statement,2023-12-12_dab17b6e5fae.txt,2563,2105,458,17.87,13,6,0,,,,,0,56.0,402.0,,,
fomc_minutes_statements,statement,2024-01-30_d2bece16c41b.txt,2376,1917,459,19.318,13,6,0,,,,,0,55.0,404.0,,,
fomc_minutes_statements,statement,2024-03-19_bab9b3d5e509.txt,2338,1883,455,19.461,13,6,0,,,,,0,53.0,402.0,,,
fomc_minutes_statements,statement,2024-05-30_b02a64d82ed9.txt,2822,2372,450,15.946,13,6,0,,,,,0,51.0,399.0,,,
fomc_minutes_statements,statement,2024-06-11_defe8350ca89.txt,2425,1972,453,18.68,13,6,0,,,,,0,52.0,401.0,,,
fomc_minutes_statements,statement,2024-07-30_03d3b0740efa.txt,2505,1986,519,20.719,13,6,0,,,,,0,52.0,467.0,,,
fomc_minutes_statements,statement,2024-09-17_bfc1dd2d2dcf.txt,2499,1899,600,24.01,13,6,0,,,,,0,57.0,543.0,,,
fomc_minutes_statements,statement,2024-11-06_7ed7e931f04e.txt,2275,1817,458,20.132,13,6,0,,,,,0,56.0,402.0,,,
fomc_minutes_statements,statement,2024-12-17_10d2002a31fa.txt,2428,1842,586,24.135,13,6,0,,,,,0,56.0,530.0,,,
fomc_minutes_statements,statement,2025-01-28_ac319d30376f.txt,2205,1739,466,21.134,13,6,0,,,,,0,55.0,411.0,,,
fomc_minutes_statements,statement,2025-03-18_1a706f43ea4b.txt,2586,1956,630,24.362,13,6,0,,,,,0,53.0,577.0,,,
fomc_minutes_statements,statement,2025-05-06_eaca4ff4d2ae.txt,2303,1790,513,22.275,13,6,0,,,,,0,51.0,462.0,,,
fomc_minutes_statements,statement,2025-06-17_8be535754143.txt,2148,1688,460,21.415,13,6,0,,,,,0,52.0,408.0,,,
fomc_minutes_statements,statement,2025-07-29_34b1462177db.txt,2313,1684,629,27.194,13,6,0,,,,,0,52.0,577.0,,,
fomc_minutes_statements,statement,2025-09-16_ddf50fefeb40.txt,2349,1741,608,25.883,13,6,0,,,,,0,57.0,551.0,,,
fomc_minutes_statements,statement,2025-10-28_8b2399dcbf43.txt,2527,1830,697,27.582,13,6,0,,,,,0,55.0,642.0,,,
fomc_minutes_statements,statement,2025-12-09_e6002739c833.txt,2655,1953,702,26.441,14,7,0,,,,,0,56.0,646.0,,,
