date,type,content_type,location,speaker,title,speech_url,text_path,quality_check
01/06/2012,Speech,speech,"At the Virginia Bankers Association/Virginia Chamber of Commerce 2012 Financial Forecast, Richmond, Virginia",Governor Elizabeth A. Duke,"Economic Developments, Risks to the Outlook, and Housing Market Policies",https://www.federalreserve.gov/newsevents/speech/duke20120106a.htm,data/processed/fed_texts/fed_speeches/2012-01-06_dd272ca4a26f.txt,False
01/06/2012,Speech,speech,"At the Maryland Bankers Association First Friday Economic Outlook Forum, Baltimore, Maryland",Governor Sarah Bloom Raskin,Community Bank Examination and Supervision amid Economic Recovery,https://www.federalreserve.gov/newsevents/speech/raskin20120106a.htm,data/processed/fed_texts/fed_speeches/2012-01-06_076e74ff1687.txt,False
01/07/2012,Speech,speech,"At the Association of American Law Schools Annual Meeting, Washington, D.C.",Governor Sarah Bloom Raskin,Creating and Implementing an Enforcement Response to the Foreclosure Crisis,https://www.federalreserve.gov/newsevents/speech/raskin20120107a.htm,data/processed/fed_texts/fed_speeches/2012-01-07_c1a101c2e7a0.txt,False
01/13/2012,Speech,speech,"At the 2012 Bank Presidents Seminar, California Bankers Association, Santa Barbara, California",Governor Elizabeth A. Duke,Opportunities to Reduce Regulatory Burden and Improve Credit Availability,https://www.federalreserve.gov/newsevents/speech/duke20120113a.htm,data/processed/fed_texts/fed_speeches/2012-01-13_fcd51179dc5a.txt,False
01/16/2012,Speech,speech,"At the Robins School of Business, Robins Executive Speaker Series, University of Richmond, Richmond, Virginia",Governor Elizabeth A. Duke,From Community Banker to Central Banker--My Journey,https://www.federalreserve.gov/newsevents/speech/duke20120116a.htm,data/processed/fed_texts/fed_speeches/2012-01-16_d2a7631095b4.txt,False
02/16/2012,Speech,speech,"At the Future of Community Banking Conference, sponsored by the Federal Deposit Insurance Corporation, Arlington, Virginia",,Community Banking,https://www.federalreserve.gov/newsevents/speech/bernanke20120216a.htm,data/processed/fed_texts/fed_speeches/2012-02-16_61443d474055.txt,False
03/01/2012,Speech,speech,"At the Y's Men and Y's Women of Westport, Westport, Connecticut",Governor Sarah Bloom Raskin,Accommodative Monetary Policy and Its Effects on Savers,https://www.federalreserve.gov/newsevents/speech/raskin20120301a.htm,data/processed/fed_texts/fed_speeches/2012-03-01_94c41117f3fe.txt,False
03/14/2012,Speech,speech,"At the Independent Community Bankers of America National Convention and Techworld, Nashville, Tennessee (via prerecorded video)",,Community Banking,https://www.federalreserve.gov/newsevents/speech/bernanke20120314a.htm,data/processed/fed_texts/fed_speeches/2012-03-14_04ad6e534460.txt,False
03/23/2012,Opening Remarks,speech,"At the Federal Reserve Conference on Central Banking: Before, During, and After the Crisis, Washington, D.C.","At the Federal Reserve Conference on Central Banking: Before, During, and After the Crisis, Washington, D.C.",Opening Remarks,https://www.federalreserve.gov/newsevents/speech/bernanke20120323a.htm,data/processed/fed_texts/fed_speeches/2012-03-23_15620f36f806.txt,False
03/26/2012,Speech,speech,"At the National Association for Business Economics Annual Conference, Arlington, Virginia",,Recent Developments in the Labor Market,https://www.federalreserve.gov/newsevents/speech/bernanke20120326a.htm,data/processed/fed_texts/fed_speeches/2012-03-26_72f02b8bc529.txt,False
03/27/2012,Speech,speech,"At the 2012 National Interagency Community Reinvestment Conference, Seattle, Washington (via videoconference)",Governor Elizabeth A. Duke,Building Sustainable Communities,https://www.federalreserve.gov/newsevents/speech/duke20120327a.htm,data/processed/fed_texts/fed_speeches/2012-03-27_e262b55d6430.txt,False
04/09/2012,Speech,speech,"At the 2012 Federal Reserve Bank of Atlanta Financial Markets Conference, Stone Mountain, Georgia","At the 2012 Federal Reserve Bank of Atlanta Financial Markets Conference, Stone Mountain, Georgia",Fostering Financial Stability,https://www.federalreserve.gov/newsevents/speech/bernanke20120409a.htm,data/processed/fed_texts/fed_speeches/2012-04-09_7cf1e7015dce.txt,False
04/10/2012,Speech,speech,"At the Federal Reserve Bank of Chicago Annual Risk Conference, Chicago, Illinois (via videoconference)",Governor Daniel K. Tarullo,Developing Tools for Dynamic Capital Supervision,https://www.federalreserve.gov/newsevents/speech/tarullo20120410a.htm,data/processed/fed_texts/fed_speeches/2012-04-10_b82de3de7cc1.txt,False
04/11/2012,Speech,speech,"At the Federal Reserve Bank of San Francisco Business and Community Leaders Luncheon, Los Angeles, California",Governor Sarah Bloom Raskin,Downturns and Recoveries: What the Economies in Los Angeles and the United States Tell Us,https://www.federalreserve.gov/newsevents/speech/raskin20120411a.htm,data/processed/fed_texts/fed_speeches/2012-04-11_fc467842a8fd.txt,False
04/11/2012,Speech,speech,"At the Money Marketeers of New York University, New York, New York",Vice Chair Janet L. Yellen,The Economic Outlook and Monetary Policy,https://www.federalreserve.gov/newsevents/speech/yellen20120411a.htm,data/processed/fed_texts/fed_speeches/2012-04-11_5b3fded1d34d.txt,False
04/13/2012,Speech,speech,"At the Russell Sage Foundation and The Century Foundation Conference on ""Rethinking Finance,"" New York, New York",,Some Reflections on the Crisis and the Policy Response,https://www.federalreserve.gov/newsevents/speech/bernanke20120413a.htm,data/processed/fed_texts/fed_speeches/2012-04-13_4dab08ba6394.txt,False
05/02/2012,Speech,speech,"At the Council on Foreign Relations C. Peter McColough Series on International Economics, New York, New York",Governor Daniel K. Tarullo,Regulatory Reform since the Financial Crisis,https://www.federalreserve.gov/newsevents/speech/tarullo20120502a.htm,data/processed/fed_texts/fed_speeches/2012-05-02_242b7da441bc.txt,False
05/10/2012,Speech,speech,"At the 48th Annual Conference on Bank Structure and Competition, Chicago, Illinois (via satellite)","At the 48th Annual Conference on Bank Structure and Competition, Chicago, Illinois (via satellite)",Banks and Bank Lending: The State of Play,https://www.federalreserve.gov/newsevents/speech/bernanke20120510a.htm,data/processed/fed_texts/fed_speeches/2012-05-10_2fbdfe85a763.txt,False
05/15/2012,Speech,speech,"At the National Association of Realtors Midyear Legislative Meetings and Trade Expo, Washington, D.C.",Governor Elizabeth A. Duke,Prescriptions for Housing Recovery,https://www.federalreserve.gov/newsevents/speech/duke20120515a.htm,data/processed/fed_texts/fed_speeches/2012-05-15_edc27dcd2016.txt,False
06/06/2012,Speech,speech,"At the Boston Economic Club Dinner, Boston, Massachusetts",Vice Chair Janet L. Yellen,Perspectives on Monetary Policy,https://www.federalreserve.gov/newsevents/speech/yellen20120606a.htm,data/processed/fed_texts/fed_speeches/2012-06-06_bf41a95e61e4.txt,False
06/12/2012,Speech,speech,"At the Federal Reserve Bank of San Francisco Conference on Challenges in Global Finance: The Role of Asia, San Francisco, California",Governor Daniel K. Tarullo,Shadow Banking After the Financial Crisis,https://www.federalreserve.gov/newsevents/speech/tarullo20120612a.htm,data/processed/fed_texts/fed_speeches/2012-06-12_b015b0e94d90.txt,False
07/20/2012,Speech,speech,"At the Center for Latin American Monetary Studies 60th Anniversary Conference, Mexico City, Mexico",Governor Elizabeth A. Duke,Central Bank Cooperation in Times of Crisis,https://www.federalreserve.gov/newsevents/speech/duke20120720a.htm,data/processed/fed_texts/fed_speeches/2012-07-20_a50fb268a871.txt,False
07/23/2012,Speech,speech,"At the Graduate School of Banking at Colorado, Boulder, Colorado",Governor Sarah Bloom Raskin,How Well Is Our Financial System Serving Us? Working Together to Find the High Road,https://www.federalreserve.gov/newsevents/speech/raskin20120723a.htm,data/processed/fed_texts/fed_speeches/2012-07-23_aab25d1ac06a.txt,False
07/24/2012,Speech,speech,"At the Children’s Defense Fund National Conference, Cincinnati, Ohio (via prerecorded video)",,Early Childhood Education,https://www.federalreserve.gov/newsevents/speech/bernanke20120724a.htm,data/processed/fed_texts/fed_speeches/2012-07-24_caae9d80805d.txt,False
08/06/2012,Speech,speech,"At the 32nd General Conference of the International Association for Research in Income and Wealth, Cambridge, Massachusetts (via prerecorded video)",,Economic Measurement,https://www.federalreserve.gov/newsevents/speech/bernanke20120806a.htm,data/processed/fed_texts/fed_speeches/2012-08-06_ba30e6600632.txt,False
08/07/2012,Speech,speech,"At the Conversation with the Chairman: A Teacher Town Hall Meeting, Federal Reserve Board, Washington, D.C.","At the Conversation with the Chairman: A Teacher Town Hall Meeting, Federal Reserve Board, Washington, D.C.",Financial Education,https://www.federalreserve.gov/newsevents/speech/bernanke20120807a.htm,data/processed/fed_texts/fed_speeches/2012-08-07_61143edf0e9a.txt,True
08/31/2012,Speech,speech,"At the Federal Reserve Bank of Kansas City Economic Symposium, Jackson Hole, Wyoming","At the Federal Reserve Bank of Kansas City Economic Symposium, Jackson Hole, Wyoming",Monetary Policy since the Onset of the Crisis,https://www.federalreserve.gov/newsevents/speech/bernanke20120831a.htm,data/processed/fed_texts/fed_speeches/2012-08-31_e39a51aa2700.txt,False
10/01/2012,Speech,speech,"At the Economic Club of Indiana, Indianapolis, Indiana",,Five Questions about the Federal Reserve and Monetary Policy,https://www.federalreserve.gov/newsevents/speech/bernanke20121001a.htm,data/processed/fed_texts/fed_speeches/2012-10-01_3cf4b816cfc4.txt,False
10/05/2012,Address,speech,"At the Federal Reserve Bank of New York, New York, New York",Governor Elizabeth A. Duke,Addressing Long-Term Vacant Properties to Support Neighborhood Stabilization,https://www.federalreserve.gov/newsevents/speech/duke20121005a.htm,data/processed/fed_texts/fed_speeches/2012-10-05_d9ef99f917be.txt,False
10/10/2012,Speech,speech,"At the Distinguished Jurist Lecture, University of Pennsylvania Law School, Philadelphia, Pennsylvania",Governor Daniel K. Tarullo,Financial Stability Regulation,https://www.federalreserve.gov/newsevents/speech/tarullo20121010a.htm,data/processed/fed_texts/fed_speeches/2012-10-10_b138ed7ab4f0.txt,False
10/11/2012,Speech,speech,"At the Brookings Institution, Washington, D.C.",Governor Jeremy C. Stein,Evaluating Large-Scale Asset Purchases,https://www.federalreserve.gov/newsevents/speech/stein20121011a.htm,data/processed/fed_texts/fed_speeches/2012-10-11_e81fd525e9d5.txt,False
10/11/2012,Speech,speech,"At the Institute of International Finance Annual Membership Meeting, Tokyo, Japan",Vice Chair Janet L. Yellen,Japan in the Global Economy II,https://www.federalreserve.gov/newsevents/speech/yellen20121011a.htm,data/processed/fed_texts/fed_speeches/2012-10-11_c7ea28b70831.txt,False
10/14/2012,Speech,speech,"At the ""Challenges of the Global Financial System: Risks and Governance under Evolving Globalization,"" A High-Level Seminar sponsored by Bank of Japan-International Monetary Fund, Tokyo, Japan",,U.S. Monetary Policy and International Implications,https://www.federalreserve.gov/newsevents/speech/bernanke20121014a.htm,data/processed/fed_texts/fed_speeches/2012-10-14_67dceb418702.txt,False
11/09/2012,Speech,speech,"At the Community Bankers Symposium, Chicago, Illinois",Governor Elizabeth A. Duke,Community Banks and Mortgage Lending,https://www.federalreserve.gov/newsevents/speech/duke20121109a.htm,data/processed/fed_texts/fed_speeches/2012-11-09_5e4a81a399e7.txt,False
11/13/2012,Speech,speech,"At the Haas School of Business, University of California, Berkeley, Berkeley, California",Vice Chair Janet L. Yellen,Revolution and Evolution in Central Bank Communications,https://www.federalreserve.gov/newsevents/speech/yellen20121113a.htm,data/processed/fed_texts/fed_speeches/2012-11-13_6f4269664f02.txt,False
11/15/2012,Speech,speech,"At the Operation HOPE Global Financial Dignity Summit, Atlanta, Georgia",,Challenges in Housing and Mortgage Markets,https://www.federalreserve.gov/newsevents/speech/bernanke20121115a.htm,data/processed/fed_texts/fed_speeches/2012-11-15_ab3a291bc468.txt,False
11/20/2012,Speech,speech,"At the Economic Club of New York, New York, New York",,The Economic Recovery and Economic Policy,https://www.federalreserve.gov/newsevents/speech/bernanke20121120a.htm,data/processed/fed_texts/fed_speeches/2012-11-20_4c91c3afcaec.txt,False
11/28/2012,Speech,speech,"At the Yale School of Management Leaders Forum, New Haven, Connecticut",Governor Daniel K. Tarullo,Regulation of Foreign Banking Organizations,https://www.federalreserve.gov/newsevents/speech/tarullo20121128a.htm,data/processed/fed_texts/fed_speeches/2012-11-28_9f53e5d6bb95.txt,False
11/30/2012,Speech,speech,"At the Third Boston University/Boston Fed Conference on Macro-Finance Linkages, Boston, Massachusetts",Governor Jeremy C. Stein,Large-Scale Asset Purchases,https://www.federalreserve.gov/newsevents/speech/stein20121130a.htm,data/processed/fed_texts/fed_speeches/2012-11-30_38fca81f5e4f.txt,False
12/04/2012,Speech,speech,"At the Brookings Institution Conference on Structuring the Financial Industry to Enhance Economic Growth and Stability, Washington, D.C.",Governor Daniel K. Tarullo,Industry Structure and Systemic Risk Regulation,https://www.federalreserve.gov/newsevents/speech/tarullo20121204a.htm,data/processed/fed_texts/fed_speeches/2012-12-04_69ac337a55b3.txt,False
12/17/2012,Speech,speech,"At the Global Research Forum, International Finance and Macroecomomics, Sponsored by the European Central Bank, Frankfurt am Main, Germany",Governor Jeremy C. Stein,Dollar Funding and Global Banks,https://www.federalreserve.gov/newsevents/speech/stein20121217a.htm,data/processed/fed_texts/fed_speeches/2012-12-17_e0842eae945e.txt,False
01/04/2013,Speech,speech,"At the American Economic Association/American Finance Association Joint Luncheon, San Diego, California",Vice Chair Janet L. Yellen,Interconnectedness and Systemic Risk: Lessons from the Financial Crisis and Policy Implications,https://www.federalreserve.gov/newsevents/speech/yellen20130104a.htm,data/processed/fed_texts/fed_speeches/2013-01-04_99a4d9ad7a31.txt,False
02/05/2013,Speech,speech,"At the Southeastern Bank Management and Directors Conference, University of Georgia, Terry College of Business, Duluth, Georgia",Governor Elizabeth A. Duke,The Future of Community Banking,https://www.federalreserve.gov/newsevents/speech/duke20130205a.htm,data/processed/fed_texts/fed_speeches/2013-02-05_2e01c8009d2c.txt,False
02/07/2013,Speech,speech,"At the ""Restoring Household Financial Stability after the Great Recession: Why Household Balance Sheets Matter"" research symposium sponsored by the Federal Reserve Bank of St. Louis, St. Louis, Missouri",Governor Jeremy C. Stein,"Overheating in Credit Markets: Origins, Measurement, and Policy Responses",https://www.federalreserve.gov/newsevents/speech/stein20130207a.htm,data/processed/fed_texts/fed_speeches/2013-02-07_409633f34deb.txt,False
02/11/2013,Speech,speech,"At the ""A Trans-Atlantic Agenda for Shared Prosperity"" conference sponsored by the AFL-CIO, Friedrich Ebert Stiftung, and the IMK Macroeconomic Policy Institute, Washington, D.C.",Vice Chair Janet L. Yellen,"A Painfully Slow Recovery for America's Workers: Causes, Implications, and the Federal Reserve's Response",https://www.federalreserve.gov/newsevents/speech/yellen20130211a.htm,data/processed/fed_texts/fed_speeches/2013-02-11_25dd2c77bbe2.txt,False
02/21/2013,Speech,speech,"At the ""U.S. Monetary Policy Forum"" conference sponsored by the University of Chicago Booth School of Business, New York, New York",Governor Jerome H. Powell,"Discussion of ""Crunch Time: Fiscal Crises and the Role of Monetary Policy""",https://www.federalreserve.gov/newsevents/speech/powell20130221a.htm,data/processed/fed_texts/fed_speeches/2013-02-21_8657fcc0f994.txt,False
02/22/2013,Speech,speech,"At the Cornell International Law Journal Symposium: The Changing Politics of Central Banks, New York, New York",Governor Daniel K. Tarullo,International Cooperation in Financial Regulation,https://www.federalreserve.gov/newsevents/speech/tarullo20130222a.htm,data/processed/fed_texts/fed_speeches/2013-02-22_7d595b74b0b4.txt,False
02/28/2013,Speech,speech,"At the 2013 Banking Outlook Conference at the Federal Reserve Bank of Atlanta, Atlanta, Georgia",Governor Sarah Bloom Raskin,Reflections on Reputation and its Consequences,https://www.federalreserve.gov/newsevents/speech/raskin20130228a.htm,data/processed/fed_texts/fed_speeches/2013-02-28_a5e6ec591faf.txt,False
03/01/2013,Speech,speech,"At the Annual Monetary/Macroeconomics Conference: The Past and Future of Monetary Policy, sponsored by Federal Reserve Bank of San Francisco, San Francisco, California",,Long-Term Interest Rates,https://www.federalreserve.gov/newsevents/speech/bernanke20130301a.htm,data/processed/fed_texts/fed_speeches/2013-03-01_69d39f5b1d01.txt,False
03/02/2013,Speech,speech,"At the 2013 National Association for Business Economics Policy Conference, Washington, D.C.",Vice Chair Janet L. Yellen,Challenges Confronting Monetary Policy,https://www.federalreserve.gov/newsevents/speech/yellen20130302a.htm,data/processed/fed_texts/fed_speeches/2013-03-02_e347cd4c4e1c.txt,False
03/04/2013,Speech,speech,"At the Institute of International Bankers 2013 Washington Conference, Washington, D.C.",Governor Jerome H. Powell,"Ending ""Too Big to Fail""",https://www.federalreserve.gov/newsevents/speech/powell20130304a.htm,data/processed/fed_texts/fed_speeches/2013-03-04_5be7c372a816.txt,False
03/08/2013,Speech,speech,"At the Mortgage Bankers Association Mid-Winter Housing Finance Conference, Avon, Colorado",Governor Elizabeth A. Duke,Comments on Housing and Mortgage Markets,https://www.federalreserve.gov/newsevents/speech/duke20130308a.htm,data/processed/fed_texts/fed_speeches/2013-03-08_d5ff9a6ea68d.txt,False
03/22/2013,Speech,speech,"At the National Community Reinvestment Coalition Annual Conference, Washington, D.C.",Governor Sarah Bloom Raskin,Focusing on Low- and Moderate-Income Working Americans,https://www.federalreserve.gov/newsevents/speech/raskin20130322.htm,data/processed/fed_texts/fed_speeches/2013-03-22_a3abf70cf42a.txt,False
03/25/2013,Speech,speech,"At the Department of Economics and STICERD (Suntory and Toyota International Centres for Economics and Related Disciplines) Public Discussion in Association with the Bank of England, London School of Economics, London, United Kingdom",,Monetary Policy and the Global Economy,https://www.federalreserve.gov/newsevents/speech/bernanke20130325a.htm,data/processed/fed_texts/fed_speeches/2013-03-25_41300b70ebf4.txt,False
04/04/2013,Speech,speech,"At the Society of American Business Editors and Writers 50th Anniversary Conference, Washington, D.C.",Vice Chair Janet L. Yellen,Communication in Monetary Policy,https://www.federalreserve.gov/newsevents/speech/yellen20130404a.htm,data/processed/fed_texts/fed_speeches/2013-04-04_dc1735f65a52.txt,False
04/08/2013,Speech,speech,"At the ""Maintaining Financial Stability: Holding a Tiger by the Tail"" financial markets conference sponsored by the Federal Reserve Bank of Atlanta, Stone Mountain, Georgia",,Stress Testing Banks: What Have We Learned?,https://www.federalreserve.gov/newsevents/speech/bernanke20130408a.htm,data/processed/fed_texts/fed_speeches/2013-04-08_4ae01b872677.txt,False
04/12/2013,Speech,speech,"At the ""Resilience and Rebuilding for Low-Income Communities: Research to Inform Policy and Practice"" Federal Reserve System Community Affairs Research Conference, Washington, D.C.",,Creating Resilient Communities,https://www.federalreserve.gov/newsevents/speech/bernanke20130412a.htm,data/processed/fed_texts/fed_speeches/2013-04-12_500256a76e0c.txt,False
04/16/2013,Speech,speech,"At the ""Rethinking Macro Policy II,"" a conference sponsored by the International Monetary Fund, Washington, D.C.",Vice Chair Janet L. Yellen,"Panel Discussion on ""Monetary Policy: Many Targets, Many Instruments. Where Do We Stand?""",https://www.federalreserve.gov/newsevents/speech/yellen20130416a.htm,data/processed/fed_texts/fed_speeches/2013-04-16_043d88ae7568.txt,False
04/17/2013,Speech,speech,"At the ""Rethinking Macro Policy II,"" a conference sponsored by the International Monetary Fund, Washington, D.C.",Governor Jeremy C. Stein,Regulating Large Financial Institutions,https://www.federalreserve.gov/newsevents/speech/stein20130417a.htm,data/processed/fed_texts/fed_speeches/2013-04-17_04f303714fd2.txt,False
04/18/2013,Speech,speech,"At the ""Building a Financial Structure for a More Stable and Equitable Economy"" 22nd Annual Hyman P. Minsky Conference on the State of the U.S. and World Economies, New York, New York",Governor Sarah Bloom Raskin,Aspects of Inequality in the Recent Business Cycle,https://www.federalreserve.gov/newsevents/speech/raskin20130418a.htm,data/processed/fed_texts/fed_speeches/2013-04-18_3b35d9fe81de.txt,False
04/19/2013,Speech,speech,"At the ""Finding the Right Balance"" 2013 Credit Markets Symposium sponsored by the Federal Reserve Bank of Richmond, Charlotte, North Carolina",Governor Jeremy C. Stein,Liquidity Regulation and Central Banking,https://www.federalreserve.gov/newsevents/speech/stein20130419a.htm,data/processed/fed_texts/fed_speeches/2013-04-19_ca37de67e07d.txt,False
05/03/2013,Speech,speech,"At the Peterson Institute for International Economics, Washington, D.C.",Governor Daniel K. Tarullo,Evaluating Progress in Regulatory Reforms to Promote Financial Stability,https://www.federalreserve.gov/newsevents/speech/tarullo20130503a.htm,data/processed/fed_texts/fed_speeches/2013-05-03_6ed866f700ce.txt,False
05/09/2013,Speech,speech,"At the Housing Policy Executive Council, Washington, D.C.",Governor Elizabeth A. Duke,A View from the Federal Reserve Board: The Mortgage Market and Housing Conditions,https://www.federalreserve.gov/newsevents/speech/duke20130509a.htm,data/processed/fed_texts/fed_speeches/2013-05-09_7527a512f01d.txt,False
05/10/2013,Speech,speech,"At the 49th Annual Conference on Bank Structure and Competition sponsored by the Federal Reserve Bank of Chicago, Chicago, Illinois","At the 49th Annual Conference on Bank Structure and Competition sponsored by the Federal Reserve Bank of Chicago, Chicago, Illinois",Monitoring the Financial System,https://www.federalreserve.gov/newsevents/speech/bernanke20130510a.htm,data/processed/fed_texts/fed_speeches/2013-05-10_e1549f79f90f.txt,False
05/16/2013,Speech,speech,"At the Society of Government Economists and the National Economists Club, Washington, D.C.",Governor Sarah Bloom Raskin,Prospects for a Stronger Recovery,https://www.federalreserve.gov/newsevents/speech/raskin20130516a.htm,data/processed/fed_texts/fed_speeches/2013-05-16_5f442eed28b3.txt,False
05/18/2013,Speech,speech,"At Bard College at Simon's Rock, Great Barrington, Massachusetts",,Economic Prospects for the Long Run,https://www.federalreserve.gov/newsevents/speech/bernanke20130518a.htm,data/processed/fed_texts/fed_speeches/2013-05-18_b7ee61732447.txt,False
06/02/2013,Speech,speech,"At the Baccalaureate Ceremony at Princeton University, Princeton, New Jersey",,The Ten Suggestions,https://www.federalreserve.gov/newsevents/speech/bernanke20130602a.htm,data/processed/fed_texts/fed_speeches/2013-06-02_a5fa8d769c0c.txt,False
06/02/2013,Speech,speech,"At the International Monetary Conference, Shanghai, China",Vice Chair Janet L. Yellen,Regulatory Landscapes: A U.S. Perspective,https://www.federalreserve.gov/newsevents/speech/yellen20130602a.htm,data/processed/fed_texts/fed_speeches/2013-06-02_46f95577cd93.txt,False
06/06/2013,Speech,speech,"At the Ohio Bankers Day, Columbus, Ohio",Governor Sarah Bloom Raskin,Let's Move Forward: The Case for Timely Implementation of Revised Capital Rules,https://www.federalreserve.gov/newsevents/speech/raskin20130606a.htm,data/processed/fed_texts/fed_speeches/2013-06-06_45f29d1dffea.txt,False
06/27/2013,Speech,speech,"At the Bipartisan Policy Center, Washington, D.C.",Governor Jerome H. Powell,Thoughts on Unconventional Monetary Policy,https://www.federalreserve.gov/newsevents/speech/powell20130627a.htm,data/processed/fed_texts/fed_speeches/2013-06-27_9fe3670f40f4.txt,False
06/28/2013,Speech,speech,"At the C. Peter McColough Series on International Economics, Council on Foreign Relations, New York, New York",Governor Jeremy C. Stein,Comments on Monetary Policy,https://www.federalreserve.gov/newsevents/speech/stein20130628a.htm,data/processed/fed_texts/fed_speeches/2013-06-28_bae53fdff6d6.txt,False
07/02/2013,Speech,speech,"At the Deutsche Bundesbank Reception, New York, New York",Governor Jerome H. Powell,International Financial Regulatory Reform,https://www.federalreserve.gov/newsevents/speech/powell20130702a.htm,data/processed/fed_texts/fed_speeches/2013-07-02_ac487824fccd.txt,False
07/10/2013,Speech,speech,"At the ""The First 100 Years of the Federal Reserve: The Policy Record, Lessons Learned, and Prospects for the Future,"" a conference sponsored by the National Bureau of Economic Research, Cambridge, Massachusetts",,"A Century of U.S. Central Banking: Goals, Frameworks, Accountability",https://www.federalreserve.gov/newsevents/speech/bernanke20130710a.htm,data/processed/fed_texts/fed_speeches/2013-07-10_43cbfe05d2c5.txt,False
07/17/2013,Speech,speech,"At the The Exchequer Club Luncheon, Washington, D.C.",Governor Sarah Bloom Raskin,Beyond Capital: The Case for a Harmonized Response to Asset Bubbles,https://www.federalreserve.gov/newsevents/speech/raskin20130717a.htm,data/processed/fed_texts/fed_speeches/2013-07-17_167b2105a7b5.txt,False
09/20/2013,Speech,speech,"At the Yale Law School Conference on Challenges in Global Financial Services, New Haven, Connecticut",Governor Daniel K. Tarullo,Macroprudential Regulation,https://www.federalreserve.gov/newsevents/speech/tarullo20130920a.htm,data/processed/fed_texts/fed_speeches/2013-09-20_28cabd0786a2.txt,False
09/26/2013,Speech,speech,"At the ""Banking, Liquidity and Monetary Policy,"" a Symposium Sponsored by the Center for Financial Studies, Frankfurt, Germany",Governor Jeremy C. Stein,Yield-Oriented Investors and the Monetary Transmission Mechanism,https://www.federalreserve.gov/newsevents/speech/stein20130926a.htm,data/processed/fed_texts/fed_speeches/2013-09-26_b33d2197eebd.txt,False
10/02/2013,Welcoming Remarks,speech,"At the ""Community Banking in the 21st Century,"" a Conference Co-sponsored by the Federal Reserve System and the Conference of State Bank Supervisors, St. Louis, Missouri",,Brief Welcoming Remarks,https://www.federalreserve.gov/newsevents/speech/bernanke20131002a.htm,data/processed/fed_texts/fed_speeches/2013-10-02_a0b6d08833ba.txt,False
10/03/2013,Speech,speech,"At the Federal Reserve/Conference of State Bank Supervisors, Community Banking Research Conference, St. Louis, Missouri",Governor Jerome H. Powell,Community Banking: Connecting Research and Policy,https://www.federalreserve.gov/newsevents/speech/powell20131003a.htm,data/processed/fed_texts/fed_speeches/2013-10-03_9e86ae24568d.txt,False
10/04/2013,Speech,speech,"At the Federal Reserve Bank of New York Workshop on Fire Sales as a Driver of Systemic Risk in Triparty Repo and other Secured Funding Markets, New York, New York",Governor Jeremy C. Stein,The Fire-Sales Problem and Securities Financing Transactions,https://www.federalreserve.gov/newsevents/speech/stein20131004a.htm,data/processed/fed_texts/fed_speeches/2013-10-04_984a1f9b6b55.txt,False
10/11/2013,Speech,speech,"At the 2013 Institute of International Finance Annual Membership Meeting, Washington, D.C.",Governor Jerome H. Powell,Communications Challenges and Quantitative Easing,https://www.federalreserve.gov/newsevents/speech/powell20131011a.htm,data/processed/fed_texts/fed_speeches/2013-10-11_7de5049846ef.txt,False
10/14/2013,Speech,speech,"At the ""Central Bank Independence--Progress and Challenges,"" a Conference Sponsored by the Bank of Mexico, Mexico City, Mexico (via prerecorded video)",,Celebrating 20 Years of the Bank of Mexico's Independence,https://www.federalreserve.gov/newsevents/speech/bernanke20131014a.htm,data/processed/fed_texts/fed_speeches/2013-10-14_94cb46af5ff2.txt,False
10/18/2013,Speech,speech,"At the National Bureau of Economic Research Conference: Lessons from the Financial Crisis for Monetary Policy, Boston, Massachusetts",Governor Jeremy C. Stein,"Lean, Clean, and In-Between",https://www.federalreserve.gov/newsevents/speech/stein20131018a.htm,data/processed/fed_texts/fed_speeches/2013-10-18_a524d4f02eef.txt,False
10/18/2013,Speech,speech,"At the Federal Reserve Board and Federal Reserve Bank of Richmond Conference, ""Planning for the Orderly Resolution of a Global Systemically Important Bank"", Washington, D.C.",Governor Daniel K. Tarullo,Toward Building a More Effective Resolution Regime: Progress and Challenges,https://www.federalreserve.gov/newsevents/speech/tarullo20131018a.htm,data/processed/fed_texts/fed_speeches/2013-10-18_e36d4b001cac.txt,False
11/04/2013,Speech,speech,"At the Federal Reserve Bank of San Francisco 2013 Asia Economic Policy Conference, San Francisco, California",Governor Jerome H. Powell,Advanced Economy Monetary Policy and Emerging Market Economies,https://www.federalreserve.gov/newsevents/speech/powell20131104a.htm,data/processed/fed_texts/fed_speeches/2013-11-04_cf311903bb33.txt,False
11/07/2013,Speech,speech,"At the Federal Reserve Bank of Chicago and International Monetary Fund Conference, Chicago, Illinois",Governor Jeremy C. Stein,The Fire-Sales Problem and Securities Financing Transactions,https://www.federalreserve.gov/newsevents/speech/stein20131107a.htm,data/processed/fed_texts/fed_speeches/2013-11-07_d2e78adcbd97.txt,False
11/08/2013,Speech,speech,"At the Fourteenth Jacques Polak Annual Research Conference, Washington, D.C.",,The Crisis as a Classic Financial Panic,https://www.federalreserve.gov/newsevents/speech/bernanke20131108a.htm,data/processed/fed_texts/fed_speeches/2013-11-08_3ab43f56bc56.txt,False
11/13/2013,Speech,speech,"At A Teacher Town Hall Meeting: 100 Years of the Federal Reserve, Washington, D.C.","At A Teacher Town Hall Meeting: 100 Years of the Federal Reserve, Washington, D.C.",Teaching and Learning about the Federal Reserve,https://www.federalreserve.gov/newsevents/speech/bernanke20131113a.htm,data/processed/fed_texts/fed_speeches/2013-11-13_964b3292dfd2.txt,False
11/14/2013,Speech,speech,"At the Annual Conference of the Union of Arab Banks, Beirut, Lebanon (via prerecorded video)",,40th Anniversary of the Annual Conference of the Union of Arab Banks,https://www.federalreserve.gov/newsevents/speech/bernanke20131114a.htm,data/processed/fed_texts/fed_speeches/2013-11-14_0aa77da453a4.txt,False
11/19/2013,Speech,speech,"At the National Economists Club Annual Dinner, Herbert Stein Memorial Lecture, Washington, D.C.",,Communication and Monetary Policy,https://www.federalreserve.gov/newsevents/speech/bernanke20131119a.htm,data/processed/fed_texts/fed_speeches/2013-11-19_145483e3cada.txt,False
11/21/2013,Speech,speech,"At the Clearing House 2013 Annual Meeting, New York, New York",Governor Jerome H. Powell,OTC Market Infrastructure Reform: Opportunities and Challenges,https://www.federalreserve.gov/newsevents/speech/powell20131121a.htm,data/processed/fed_texts/fed_speeches/2013-11-21_e529b006405b.txt,False
11/22/2013,Speech,speech,"At the Americans for Financial Reform and Economic Policy Institute Conference, Washington, D.C.",Governor Daniel K. Tarullo,Shadow Banking and Systemic Risk Regulation,https://www.federalreserve.gov/newsevents/speech/tarullo20131122a.htm,data/processed/fed_texts/fed_speeches/2013-11-22_ce705f36dc31.txt,False
12/16/2013,Opening Remarks,speech,"At the Ceremony Commemorating the Centennial of the Federal Reserve Act, Washington, D.C.","At the Ceremony Commemorating the Centennial of the Federal Reserve Act, Washington, D.C.",Opening Remarks,https://www.federalreserve.gov/newsevents/speech/bernanke20131216a.htm,data/processed/fed_texts/fed_speeches/2013-12-16_bdfe32cd2fe3.txt,False
12/16/2013,Remarks,speech,"At the Ceremony Commemorating the Centennial of the Federal Reserve Act, Washington, D.C.","At the Ceremony Commemorating the Centennial of the Federal Reserve Act, Washington, D.C.",Concluding Remarks,https://www.federalreserve.gov/newsevents/speech/bernanke20131216b.htm,data/processed/fed_texts/fed_speeches/2013-12-16_5e3ba28cc747.txt,False
01/03/2014,Speech,speech,"At the Annual Meeting of the American Economic Association, Philadelphia, Pennsylvania",,"The Federal Reserve: Looking Back, Looking Forward",https://www.federalreserve.gov/newsevents/speech/bernanke20140103a.htm,data/processed/fed_texts/fed_speeches/2014-01-03_06cf1f12f8ec.txt,False
01/03/2014,Speech,speech,"At the American Economic Association/American Finance Association Joint Luncheon, Philadelphia, Pennsylvania",Governor Jeremy C. Stein,Banks as Patient Debt Investors,https://www.federalreserve.gov/newsevents/speech/stein20140103a.htm,data/processed/fed_texts/fed_speeches/2014-01-03_4d9317992aa7.txt,False
02/25/2014,Speech,speech,"At the 30th Annual National Association for Business Economics Economic Policy Conference, Arlington, Virginia",Governor Daniel K. Tarullo,Monetary Policy and Financial Stability,https://www.federalreserve.gov/newsevents/speech/tarullo20140225a.htm,data/processed/fed_texts/fed_speeches/2014-02-25_d42faf40658e.txt,False
02/28/2014,Speech,speech,"At the 2014 U.S. Monetary Policy Forum, New York, New York",Governor Jeremy C. Stein,"Comments on ""Market Tantrums and Monetary Policy""",https://www.federalreserve.gov/newsevents/speech/stein20140228a.htm,data/processed/fed_texts/fed_speeches/2014-02-28_08fd513266e0.txt,False
03/05/2014,Remarks,speech,"At the Federal Reserve Board, Washington, D.C.",Chair Janet L. Yellen,Remarks at the Ceremonial Swearing-in,https://www.federalreserve.gov/newsevents/speech/yellen20140305a.htm,data/processed/fed_texts/fed_speeches/2014-03-05_8edbda658c25.txt,False
03/21/2014,Speech,speech,"At the International Research Forum on Monetary Policy, Washington, D.C.",Governor Jeremy C. Stein,Incorporating Financial Stability Considerations into a Monetary Policy Framework,https://www.federalreserve.gov/newsevents/speech/stein20140321a.htm,data/processed/fed_texts/fed_speeches/2014-03-21_2672d7ba80ba.txt,False
03/24/2014,Welcoming Remarks,speech,"At the Crowdfunding for Community Development Finance Conference, Washington, D.C.",Governor Jeremy C. Stein,Welcoming Remarks,https://www.federalreserve.gov/newsevents/speech/stein20140324a.htm,data/processed/fed_texts/fed_speeches/2014-03-24_718892d49fb4.txt,False
03/25/2014,Remarks,speech,"At the Women’s History Month Reception, U.S. Capitol, Washington, D.C.",Chair Janet L. Yellen,Remarks on Women's History Month,https://www.federalreserve.gov/newsevents/speech/yellen20140325a.htm,data/processed/fed_texts/fed_speeches/2014-03-25_a7fce42c6629.txt,False
03/27/2014,Speech,speech,"At the Harvard Law School Symposium on Building the Financial System of the Twenty-first Century: An Agenda for Europe and the United States, Armonk, New York",Governor Daniel K. Tarullo,Regulating Large Foreign Banking Organizations,https://www.federalreserve.gov/newsevents/speech/tarullo20140327a.htm,data/processed/fed_texts/fed_speeches/2014-03-27_0e60d57e6bb0.txt,False
03/31/2014,Speech,speech,"At the 2014 National Interagency Community Reinvestment Conference, Chicago, Illinois",Chair Janet L. Yellen,What the Federal Reserve Is Doing to Promote a Stronger Job Market,https://www.federalreserve.gov/newsevents/speech/yellen20140331a.htm,data/processed/fed_texts/fed_speeches/2014-03-31_fd13bda30cd7.txt,False
04/09/2014,Speech,speech,"At the 23rd Annual Hyman P. Minsky Conference: Stabilizing Financial Systems for Growth and Full Employment, Washington, D.C.",Governor Daniel K. Tarullo,Longer-Term Challenges for the American Economy,https://www.federalreserve.gov/newsevents/speech/tarullo20140409a.htm,data/processed/fed_texts/fed_speeches/2014-04-09_24e69acb4e1c.txt,False
04/15/2014,Opening Remarks,speech,"At the Federal Reserve Bank of Atlanta's 2014 Financial Markets Conference, Atlanta, Georgia (via prerecorded video)",Chair Janet L. Yellen,Opening Remarks,https://www.federalreserve.gov/newsevents/speech/yellen20140415a.htm,data/processed/fed_texts/fed_speeches/2014-04-15_ea13c2debf62.txt,False
04/16/2014,Speech,speech,"At the Economic Club of New York, New York, New York",Chair Janet L. Yellen,Monetary Policy and the Economic Recovery,https://www.federalreserve.gov/newsevents/speech/yellen20140416a.htm,data/processed/fed_texts/fed_speeches/2014-04-16_9f99f9e15f23.txt,False
05/01/2014,Speech,speech,"At the Independent Community Bankers of America 2014 Washington Policy Summit, Washington, D.C.",Chair Janet L. Yellen,Tailored Supervision of Community Banks,https://www.federalreserve.gov/newsevents/speech/yellen20140501a.htm,data/processed/fed_texts/fed_speeches/2014-05-01_c8168e9ba499.txt,False
05/06/2014,Speech,speech,"At the Money Marketeers of New York University, New York, New York",Governor Jeremy C. Stein,Challenges for Monetary Policy Communication,https://www.federalreserve.gov/newsevents/speech/stein20140506a.htm,data/processed/fed_texts/fed_speeches/2014-05-06_190282c419cb.txt,False
05/08/2014,Speech,speech,"At the Federal Reserve Bank of Chicago Bank Structure Conference, Chicago, Illinois",Governor Daniel K. Tarullo,Rethinking the Aims of Prudential Regulation,https://www.federalreserve.gov/newsevents/speech/tarullo20140508a.htm,data/processed/fed_texts/fed_speeches/2014-05-08_4c0befd6045d.txt,False
05/15/2014,Speech,speech,"At the National Small Business Week Event, U.S. Chamber of Commerce, Washington, D.C.",Chair Janet L. Yellen,Small Businesses and the Recovery,https://www.federalreserve.gov/newsevents/speech/yellen20140515a.htm,data/processed/fed_texts/fed_speeches/2014-05-15_a1691531daad.txt,False
05/21/2014,Remarks,speech,"At New York University's 2014 Commencement, New York, New York",Chair Janet L. Yellen,Commencement Remarks,https://www.federalreserve.gov/newsevents/speech/yellen20140521a.htm,data/processed/fed_texts/fed_speeches/2014-05-21_7fa5429f509d.txt,False
06/06/2014,Speech,speech,"At the 2014 Spring Membership Meeting, Institute for International Finance, London, United Kingdom",Governor Jerome H. Powell,A Conversation on Central Banking Issues,https://www.federalreserve.gov/newsevents/speech/powell20140606a.htm,data/processed/fed_texts/fed_speeches/2014-06-06_6d04efbc0bde.txt,False
06/09/2014,Speech,speech,"At the Association of American Law Schools 2014 Midyear Meeting, Washington, D.C.",Governor Daniel K. Tarullo,Corporate Governance and Prudential Regulation,https://www.federalreserve.gov/newsevents/speech/tarullo20140609a.htm,data/processed/fed_texts/fed_speeches/2014-06-09_e3666f3a6aef.txt,False
06/25/2014,Speech,speech,"At the Federal Reserve Third Annual Stress Test Modeling Symposium, Boston, Massachusetts",Governor Daniel K. Tarullo,Stress Testing after Five Years,https://www.federalreserve.gov/newsevents/speech/tarullo20140625a.htm,data/processed/fed_texts/fed_speeches/2014-06-25_8eaaad264959.txt,False
07/02/2014,Speech,speech,"At the 2014 Michel Camdessus Central Banking Lecture, International Monetary Fund, Washington, D.C.",Chair Janet L. Yellen,Monetary Policy and Financial Stability,https://www.federalreserve.gov/newsevents/speech/yellen20140702a.htm,data/processed/fed_texts/fed_speeches/2014-07-02_c2f2e76c4fc5.txt,True
07/10/2014,Speech,speech,"At the Martin Feldstein Lecture, National Bureau of Economic Research, Cambridge, Massachusetts",,Financial Sector Reform: How Far Are We?,https://www.federalreserve.gov/newsevents/speech/fischer20140710a.htm,data/processed/fed_texts/fed_speeches/2014-07-10_ec601093feca.txt,False
08/11/2014,Speech,speech,"At the ""The Great Recession--Moving Ahead,"" a Conference Sponsored by the Swedish Ministry of Finance, Stockholm, Sweden",,The Great Recession: Moving Ahead,https://www.federalreserve.gov/newsevents/speech/fischer20140811a.htm,data/processed/fed_texts/fed_speeches/2014-08-11_bd79d7f2c58c.txt,False
08/22/2014,Speech,speech,"At the Federal Reserve Bank of Kansas City Economic Symposium, Jackson Hole, Wyoming",Chair Janet L. Yellen,Labor Market Dynamics and Monetary Policy,https://www.federalreserve.gov/newsevents/speech/yellen20140822a.htm,data/processed/fed_texts/fed_speeches/2014-08-22_0286f969976c.txt,False
09/04/2014,Speech,speech,"At the Money Marketeers of New York University, New York, New York",Governor Jerome H. Powell,Reforming U.S. Dollar LIBOR: The Path Forward,https://www.federalreserve.gov/newsevents/speech/powell20140904a.htm,data/processed/fed_texts/fed_speeches/2014-09-04_b4f05f81d17a.txt,False
09/18/2014,Speech,speech,"At the 2014 Assets Learning Conference of the Corporation for Enterprise Development, Washington, D.C. (via prerecorded video)",Chair Janet L. Yellen,The Importance of Asset Building for Low and Middle Income Households,https://www.federalreserve.gov/newsevents/speech/yellen20140918a.htm,data/processed/fed_texts/fed_speeches/2014-09-18_8aa303bc59a1.txt,False
09/23/2014,Remarks,speech,"At the Federal Reserve/Conference of State Bank Supervisors Community Banking Research Conference, St. Louis, Missouri",Governor Jerome H. Powell,Introductory Remarks,https://www.federalreserve.gov/newsevents/speech/powell20140923a.htm,data/processed/fed_texts/fed_speeches/2014-09-23_00ff6f147d80.txt,False
09/30/2014,Remarks,speech,"At the Panel Discussion on ""Debt Management in an Era of Quantitative Easing: What Should the Treasury and the Fed Do?"", Washington, D.C.",Governor Jerome H. Powell,"Remarks on ""Government Debt Management at the Zero Lower Bound""",https://www.federalreserve.gov/newsevents/speech/powell20140930a.htm,data/processed/fed_texts/fed_speeches/2014-09-30_5652d0c7637d.txt,False
10/11/2014,Speech,speech,"At the Per Jacobsson Foundation Lecture, 2014 Annual Meetings of the International Monetary Fund and the World Bank Group, Washington, D.C.","At the Per Jacobsson Foundation Lecture, 2014 Annual Meetings of the International Monetary Fund and the World Bank Group, Washington, D.C.",The Federal Reserve and the Global Economy,https://www.federalreserve.gov/newsevents/speech/fischer20141011a.htm,data/processed/fed_texts/fed_speeches/2014-10-11_9778e887ad05.txt,False
10/17/2014,Speech,speech,"At the Conference on Economic Opportunity and Inequality, Federal Reserve Bank of Boston, Boston, Massachusetts",Chair Janet L. Yellen,Perspectives on Inequality and Opportunity from the Survey of Consumer Finances,https://www.federalreserve.gov/newsevents/speech/yellen20141017a.htm,data/processed/fed_texts/fed_speeches/2014-10-17_41ddff60799b.txt,False
10/20/2014,Opening Remarks,speech,"At the Webinar on Community Banking, Washington, D.C.",Governor Jerome H. Powell,Opening Remarks,https://www.federalreserve.gov/newsevents/speech/powell20141020a.htm,data/processed/fed_texts/fed_speeches/2014-10-20_00f5efd55657.txt,False
10/20/2014,Speech,speech,"At the Federal Reserve Bank of New York Conference, ""Reforming Culture and Behavior in the Financial Services Industry"", New York, New York",Governor Daniel K. Tarullo,"Good Compliance, Not Mere Compliance",https://www.federalreserve.gov/newsevents/speech/tarullo20141020a.htm,data/processed/fed_texts/fed_speeches/2014-10-20_33faf12db030.txt,False
10/30/2014,Welcoming Remarks,speech,"At the National Summit on Diversity in the Economics Profession, Washington, D.C.",Chair Janet L. Yellen,Welcoming Remarks,https://www.federalreserve.gov/newsevents/speech/yellen20141030a.htm,data/processed/fed_texts/fed_speeches/2014-10-30_0be6415b5bd1.txt,False
11/06/2014,Speech,speech,"At the ""The New International Financial System: Analyzing the Cumulative Impact of Regulatory Reform"", 17th Annual International Banking Conference, Chicago, Illinois",Governor Jerome H. Powell,A Financial System Perspective on Central Clearing of Derivatives,https://www.federalreserve.gov/newsevents/speech/powell20141106a.htm,data/processed/fed_texts/fed_speeches/2014-11-06_7e1aff8025e7.txt,False
11/07/2014,Speech,speech,"At the Community Bankers Symposium, Chicago, Illinois",Governor Daniel K. Tarullo,A Tiered Approach to Regulation and Supervision of Community Banks,https://www.federalreserve.gov/newsevents/speech/tarullo20141107a.htm,data/processed/fed_texts/fed_speeches/2014-11-07_17e09b3e3ab7.txt,False
11/07/2014,Remarks,speech,"At the ""Central Banking: The Way Forward?"", International Symposium of the Banque de France, Paris, France",Chair Janet L. Yellen,"Remarks at the Panel Discussion on ""Shaping the Future of the Macroeconomic Policy Mix""",https://www.federalreserve.gov/newsevents/speech/yellen20141107a.htm,data/processed/fed_texts/fed_speeches/2014-11-07_d4ddd1b64eee.txt,False
11/14/2014,Speech,speech,"At the Global Research Forum on International Macroeconomics and Finance, Washington, D.C.",Governor Jerome H. Powell,"Monetary Policy Accommodation, Risk-Taking, and Spillovers",https://www.federalreserve.gov/newsevents/speech/powell20141114a.htm,data/processed/fed_texts/fed_speeches/2014-11-14_0325ea9ad91d.txt,False
11/20/2014,Speech,speech,"At the Clearing House 2014 Annual Conference, New York, New York",Governor Daniel K. Tarullo,Liquidity Regulation,https://www.federalreserve.gov/newsevents/speech/tarullo20141120a.htm,data/processed/fed_texts/fed_speeches/2014-11-20_c223f6d3d707.txt,False
12/02/2014,Opening Remarks,speech,"At the Economic Growth and Regulatory Paperwork Reduction Act Outreach Meeting, Los Angeles, California",Governor Lael Brainard,Opening Remarks,https://www.federalreserve.gov/newsevents/speech/brainard20141202a.htm,data/processed/fed_texts/fed_speeches/2014-12-02_fbee32ac82cc.txt,False
12/03/2014,Speech,speech,"At the Hutchins Center on Fiscal and Monetary Policy, The Brookings Institution, Washington, D.C.",Governor Lael Brainard,The Federal Reserve's Financial Stability Agenda,https://www.federalreserve.gov/newsevents/speech/brainard20141203a.htm,data/processed/fed_texts/fed_speeches/2014-12-03_cbb74575fc48.txt,False
01/20/2015,Speech,speech,"At ""Making Markets Fair and Effective for All,"" Sponsored by The Brookings Institution, Washington, D.C.",Governor Jerome H. Powell,Comments on the Fair and Effective Markets Review,https://www.federalreserve.gov/newsevents/speech/powell20150120a.htm,data/processed/fed_texts/fed_speeches/2015-01-20_03683bb37587.txt,False
01/30/2015,Speech,speech,"At the Office of Financial Research and Financial Stability Oversight Council's 4th Annual Conference on Evaluating Macroprudential Tools: Complementarities and Conflicts, Arlington, Virginia",Governor Daniel K. Tarullo,Advancing Macroprudential Policy Objectives,https://www.federalreserve.gov/newsevents/speech/tarullo20150130a.htm,data/processed/fed_texts/fed_speeches/2015-01-30_01105d0ed648.txt,False
02/04/2015,Welcoming Remarks,speech,"At the Economic Growth and Regulatory Paperwork Reduction Act Outreach Meeting, Dallas, Texas",Governor Jerome H. Powell,Welcoming Remarks,https://www.federalreserve.gov/newsevents/speech/powell20150204a.htm,data/processed/fed_texts/fed_speeches/2015-02-04_072621fe009e.txt,False
02/09/2015,Speech,speech,"At the Catholic University of America, Columbus School of Law, Washington, D.C.",Governor Jerome H. Powell,"""Audit the Fed"" and Other Proposals",https://www.federalreserve.gov/newsevents/speech/powell20150209a.htm,data/processed/fed_texts/fed_speeches/2015-02-09_e6451165dbea.txt,False
02/18/2015,Speech,speech,"At the Stern School of Business, New York University, New York, New York",Governor Jerome H. Powell,"Financial Institutions, Financial Markets, and Financial Stability",https://www.federalreserve.gov/newsevents/speech/powell20150218a.htm,data/processed/fed_texts/fed_speeches/2015-02-18_3f18293cdd9e.txt,False
02/27/2015,Speech,speech,"At the 2015 U.S. Monetary Policy Forum, Sponsored by the University of Chicago Booth School of Business, New York, New York",,Conducting Monetary Policy with a Large Balance Sheet,https://www.federalreserve.gov/newsevents/speech/fischer20150227a.htm,data/processed/fed_texts/fed_speeches/2015-02-27_5b7ad03243b1.txt,False
03/03/2015,Speech,speech,"At the Citizens Budget Commission, New York , New York",Chair Janet L. Yellen,Improving the Oversight of Large Financial Institutions,https://www.federalreserve.gov/newsevents/speech/yellen20150303a.htm,data/processed/fed_texts/fed_speeches/2015-03-03_70907cdb702e.txt,False
03/23/2015,Speech,speech,"At the Economic Club of New York, New York, New York",,Monetary Policy Lessons and the Way Ahead,https://www.federalreserve.gov/newsevents/speech/fischer20150323a.htm,data/processed/fed_texts/fed_speeches/2015-03-23_bbcf6844f1d9.txt,False
03/27/2015,Speech,speech,"At the ""Debt and Financial Stability--Regulatory Challenges"" conference, the Bundesbank and the German Ministry of Finance, Frankfurt, Germany",,The Importance of the Nonbank Financial Sector,https://www.federalreserve.gov/newsevents/speech/fischer20150327a.htm,data/processed/fed_texts/fed_speeches/2015-03-27_c6cda46c9c20.txt,True
03/27/2015,Speech,speech,"At the ""The New Normal Monetary Policy,"" a research conference sponsored by the Federal Reserve Bank of San Francisco, San Francisco, California",Chair Janet L. Yellen,Normalizing Monetary Policy: Prospects and Perspectives,https://www.federalreserve.gov/newsevents/speech/yellen20150327a.htm,data/processed/fed_texts/fed_speeches/2015-03-27_4a49878dfcfd.txt,False
03/30/2015,Speech,speech,"At the ""Central Banking in the Shadows: Monetary Policy and Financial Stability Postcrisis,"" 20th Annual Financial Markets Conference sponsored by the Federal Reserve Bank of Atlanta, Stone Mountain, Georgia",,"Nonbank Financial Intermediation, Financial Stability, and the Road Forward",https://www.federalreserve.gov/newsevents/speech/fischer20150330a.htm,data/processed/fed_texts/fed_speeches/2015-03-30_e56e5930c0cb.txt,False
04/02/2015,Speech,speech,"At the ""Economic Mobility: Research and Ideas on Strengthening Families, Communities, and the Economy"" Ninth Biennial Federal Reserve System Community Development Research Conference, Washington, D.C.",Governor Lael Brainard,Coming of Age in the Great Recession,https://www.federalreserve.gov/newsevents/speech/brainard20150402a.htm,data/processed/fed_texts/fed_speeches/2015-04-02_564ec8fabf3b.txt,False
04/02/2015,Opening Remarks,speech,"At the ""Economic Mobility: Research and Ideas on Strengthening Families, Communities, and the Economy,"" a community development research conference sponsored by the Federal Reserve System, Washington, D.C.",Chair Janet L. Yellen,Opening Remarks,https://www.federalreserve.gov/newsevents/speech/yellen20150402a.htm,data/processed/fed_texts/fed_speeches/2015-04-02_470f537e907e.txt,False
04/08/2015,Remarks,speech,"At the C. Peter McColough Series on International Economics Council on Foreign Relations, New York, New York",Governor Jerome H. Powell,Remarks on Monetary Policy,https://www.federalreserve.gov/newsevents/speech/powell20150408a.htm,data/processed/fed_texts/fed_speeches/2015-04-08_77d8ef3b3f1d.txt,False
04/30/2015,Speech,speech,"At the Independent Community Bankers of America 2015 Washington Policy Summit , Washington, D.C.",Governor Daniel K. Tarullo,Tailoring Community Bank Regulation and Supervision,https://www.federalreserve.gov/newsevents/speech/tarullo20150430a.htm,data/processed/fed_texts/fed_speeches/2015-04-30_b298bd0c9248.txt,False
05/04/2015,Opening Remarks,speech,"At the Economic Growth and Regulatory Paperwork Reduction Act Outreach Meeting, Boston, Massachusetts",Governor Daniel K. Tarullo,Opening Remarks,https://www.federalreserve.gov/newsevents/speech/tarullo20150504.htm,data/processed/fed_texts/fed_speeches/2015-05-04_478ffd394c8a.txt,False
05/06/2015,Speech,speech,"At the ""Finance and Society,"" a conference sponsored by Institute for New Economic Thinking, Washington, D.C.",Chair Janet L. Yellen,Finance and Society,https://www.federalreserve.gov/newsevents/speech/yellen20150506a.htm,data/processed/fed_texts/fed_speeches/2015-05-06_fc5642ac7c5d.txt,False
05/14/2015,Speech,speech,"At the Annual Community Bankers Conference sponsored by the Federal Reserve Bank of New York, New York, New York",Governor Jerome H. Powell,Regulation and Supervision of Community Banks,https://www.federalreserve.gov/newsevents/speech/powell20150514a.htm,data/processed/fed_texts/fed_speeches/2015-05-14_526cb7449266.txt,False
05/21/2015,Speech,speech,"At the ECB Forum on Central Banking conference ""Inflation and Unemployment in Europe"", Sintra, Portugal",,"Past, Present, and Future Challenges for the Euro Area",https://www.federalreserve.gov/newsevents/speech/fischer20150521.htm,data/processed/fed_texts/fed_speeches/2015-05-21_4a44745e2ece.txt,False
05/22/2015,Speech,speech,"At the Providence Chamber of Commerce, Providence, Rhode Island",Chair Janet L. Yellen,The Outlook for the Economy,https://www.federalreserve.gov/newsevents/speech/yellen20150522a.htm,data/processed/fed_texts/fed_speeches/2015-05-22_ef9fe9c4e262.txt,False
05/26/2015,Speech,speech,"At the conference held in honor of Professor Haim Ben-Shahar, former president of Tel Aviv University, Tel Aviv University, Tel Aviv, Israel","At the conference held in honor of Professor Haim Ben-Shahar, former president of Tel Aviv University, Tel Aviv University, Tel Aviv, Israel",The Federal Reserve and the Global Economy,https://www.federalreserve.gov/newsevents/speech/fischer20150526a.htm,data/processed/fed_texts/fed_speeches/2015-05-26_0bf578a20bc8.txt,False
06/01/2015,Speech,speech,"At the International Monetary Conference, Toronto, Canada",,What have we learned from the crises of the last 20 years?,https://www.federalreserve.gov/newsevents/speech/fischer20150601a.htm,data/processed/fed_texts/fed_speeches/2015-06-01_df63e027c2d7.txt,False
06/02/2015,Speech,speech,"At the Center for Strategic and International Studies, Washington, D.C.",Governor Lael Brainard,The U.S. Economic Outlook and Implications for Monetary Policy,https://www.federalreserve.gov/newsevents/speech/brainard20150602a.htm,data/processed/fed_texts/fed_speeches/2015-06-02_a472527f7500.txt,False
06/24/2015,Speech,speech,"At the Riksbank Macroprudential Conference, Stockholm, Sweden",,Supervisory Stress Testing of Large Systemic Financial Institutions,https://www.federalreserve.gov/newsevents/speech/fischer20150624a.htm,data/processed/fed_texts/fed_speeches/2015-06-24_ab90e936f3ae.txt,False
06/25/2015,Speech,speech,"At the Federal Reserve Bank of Kansas City Conference, ""The Puzzle of Payments Security: Fitting the Pieces Together to Protect the Retail Payments System"", Kansas City, Missouri",Governor Jerome H. Powell,Building a Safer Payment System,https://www.federalreserve.gov/newsevents/speech/powell20150625a.htm,data/processed/fed_texts/fed_speeches/2015-06-25_a3bec29c6337.txt,False
06/30/2015,Speech,speech,"At the Crockett Governors' Roundtable 2015 for African Central Bankers, University of Oxford, Oxford, United Kingdom",,Monetary Policy in the United States and in Developing Countries,https://www.federalreserve.gov/newsevents/speech/fischer20150630a.htm,data/processed/fed_texts/fed_speeches/2015-06-30_1c0bcf49fe17.txt,False
07/01/2015,Speech,speech,"At the Policy Makers' Panel on Financial Intermediation: Complexities and Risks for ""The Future of Financial Intermediation: Banking, Securities Markets, or Something New?"" Salzburg Global Forum on Finance in a Changing World, Salzburg, Austria",Governor Lael Brainard,Recent Changes in the Resilience of Market Liquidity,https://www.federalreserve.gov/newsevents/speech/brainard20150701a.htm,data/processed/fed_texts/fed_speeches/2015-07-01_47d7dd6accbd.txt,False
07/09/2015,Speech,speech,"At the ""Dodd-Frank at Five: Looking Back and Looking Forward"" Bipartisan Policy Center and Managed Funds Association, Washington, D.C.",Governor Lael Brainard,Dodd-Frank at Five: Assessing Progress on Too Big to Fail,https://www.federalreserve.gov/newsevents/speech/brainard20150709a.htm,data/processed/fed_texts/fed_speeches/2015-07-09_cb742a4975d2.txt,False
07/10/2015,Speech,speech,"At the City Club of Cleveland, Cleveland, Ohio",Chair Janet L. Yellen,Recent Developments and the Outlook for the Economy,https://www.federalreserve.gov/newsevents/speech/yellen20150710a.htm,data/processed/fed_texts/fed_speeches/2015-07-10_db29997d363a.txt,False
08/03/2015,Speech,speech,"At the The Brookings Institution, Washington, D.C.",Governor Jerome H. Powell,Structure and Liquidity in Treasury Markets,https://www.federalreserve.gov/newsevents/speech/powell20150803a.htm,data/processed/fed_texts/fed_speeches/2015-08-03_dbf79faffd56.txt,False
08/29/2015,Speech,speech,"At the Federal Reserve Bank of Kansas City Economic Symposium, Jackson Hole, Wyoming","At the Federal Reserve Bank of Kansas City Economic Symposium, Jackson Hole, Wyoming",U.S. Inflation Developments,https://www.federalreserve.gov/newsevents/speech/fischer20150829a.htm,data/processed/fed_texts/fed_speeches/2015-08-29_e2da53b0e1f8.txt,False
09/24/2015,Speech,speech,"At the Philip Gamble Memorial Lecture, University of Massachusetts, Amherst, Amherst, Massachusetts",Chair Janet L. Yellen,Inflation Dynamics and Monetary Policy,https://www.federalreserve.gov/newsevents/speech/yellen20150924a.htm,data/processed/fed_texts/fed_speeches/2015-09-24_b06fb3fe2561.txt,False
09/28/2015,Speech,speech,"At the Banque de France Conference: Financial Regulation--Stability versus Uniformity; A Focus on Non-bank Actors, Paris, France",Governor Daniel K. Tarullo,Capital Regulation Across Financial Intermediaries,https://www.federalreserve.gov/newsevents/speech/tarullo20150928a.htm,data/processed/fed_texts/fed_speeches/2015-09-28_e4d54e6a6539.txt,False
09/30/2015,Speech,speech,"At the Community Banking in the 21st Century, The Third Annual Community Banking Research and Policy Conference, Cosponsored by the Federal Reserve System and Conference of State Bank Supervisors, Federal Reserve Bank of St. Louis, St. Louis, Missouri",Governor Lael Brainard,"Community Banks, Small Business Credit, and Online Lending",https://www.federalreserve.gov/newsevents/speech/brainard20150930a.htm,data/processed/fed_texts/fed_speeches/2015-09-30_87fb31d64942.txt,False
09/30/2015,Welcoming Remarks,speech,"At the Community Banking in the 21st Century, The Third Annual Community Banking Research and Policy Conference, Cosponsored by the Federal Reserve System and Conference of State Bank Supervisors, Federal Reserve Bank of St. Louis, St. Louis, Missouri",Chair Janet L. Yellen,Welcoming Remarks,https://www.federalreserve.gov/newsevents/speech/yellen20150930a.htm,data/processed/fed_texts/fed_speeches/2015-09-30_9d457c7b3f9a.txt,False
10/02/2015,Speech,speech,"At the ""Macroprudential Monetary Policy,"" 59th Economic Conference of the Federal Reserve Bank of Boston, Boston, Massachusetts","At the ""Macroprudential Monetary Policy,"" 59th Economic Conference of the Federal Reserve Bank of Boston, Boston, Massachusetts",Macroprudential Policy in the U.S. Economy,https://www.federalreserve.gov/newsevents/speech/fischer20151002a.htm,data/processed/fed_texts/fed_speeches/2015-10-02_a841da4571a7.txt,False
10/11/2015,Speech,speech,"At the Group of Thirty International Banking Seminar, Lima, Peru",,U.S. Economy and Monetary Policy,https://www.federalreserve.gov/newsevents/speech/fischer20151011a.htm,data/processed/fed_texts/fed_speeches/2015-10-11_9035a79c3fb9.txt,False
10/12/2015,Speech,speech,"At the ""North America's Place in a Changing World Economy,"" 57th National Association for Business Economics Annual Meeting, Washington, D.C.",Governor Lael Brainard,Economic Outlook and Monetary Policy,https://www.federalreserve.gov/newsevents/speech/brainard20151012a.htm,data/processed/fed_texts/fed_speeches/2015-10-12_887e64a5b849.txt,False
10/19/2015,Speech,speech,"At the Economic Growth and Regulatory Paperwork Reduction Act Outreach Meeting, Federal Reserve Bank of Chicago, Chicago, Illinois",Governor Lael Brainard,Identifying Opportunities for Reducing Regulatory Burdens on Community Banks,https://www.federalreserve.gov/newsevents/speech/brainard20151019a.htm,data/processed/fed_texts/fed_speeches/2015-10-19_c8ceff08e009.txt,False
10/20/2015,Speech,speech,"At the Federal Reserve Bank of New York, New York, New York (via prerecorded video)",Governor Jerome H. Powell,The Evolving Structure of U.S. Treasury Markets,https://www.federalreserve.gov/newsevents/speech/powell20151020a.htm,data/processed/fed_texts/fed_speeches/2015-10-20_0a7691a690ba.txt,False
10/20/2015,Brief Remarks,speech,"At the Induction of Carroll D. Wright and Janet L. Norwood into the Department of Labor's Hall of Honor, U.S. Department of Labor, Washington, D.C.",Chair Janet L. Yellen,Brief Remarks,https://www.federalreserve.gov/newsevents/speech/yellen20151020a.htm,data/processed/fed_texts/fed_speeches/2015-10-20_6ad49508f9c7.txt,False
11/04/2015,Speech,speech,"At the 2015 Herbert Stein Memorial Lecture National Economists Club, Washington, D.C.",,Central Bank Independence,https://www.federalreserve.gov/newsevents/speech/fischer20151104a.htm,data/processed/fed_texts/fed_speeches/2015-11-04_3555b4676e28.txt,False
11/05/2015,Speech,speech,"At ""The Future of Large and Internationally Active Banks"" 18th Annual International Banking Conference, sponsored by the Federal Reserve Bank of Chicago and the World Bank, Chicago, Illinois",Governor Daniel K. Tarullo,Shared Responsibility for the Regulation of International Banks,https://www.federalreserve.gov/newsevents/speech/tarullo20151105a.htm,data/processed/fed_texts/fed_speeches/2015-11-05_ea0a29415c12.txt,False
11/06/2015,Speech,speech,"At the ""Unconventional Monetary and Exchange Rate Policies,"" 16th International Monetary Fund Jacques Polak Research Conference, Washington, D.C.",Governor Lael Brainard,Unconventional Monetary Policy and Cross-Border Spillovers,https://www.federalreserve.gov/newsevents/speech/brainard20151106a.htm,data/processed/fed_texts/fed_speeches/2015-11-06_25ff9e75a689.txt,False
11/12/2015,Speech,speech,"At the ""Monetary Policy Implementation and Transmission in the Post-Crisis Period,"" a research conference sponsored by the Board of Governors of the Federal Reserve System, Washington, D.C.",,The Transmission of Exchange Rate Changes to Output and Inflation,https://www.federalreserve.gov/newsevents/speech/fischer20151112a.htm,data/processed/fed_texts/fed_speeches/2015-11-12_9c5ac76a3949.txt,False
11/12/2015,Welcoming Remarks,speech,"At the ""Monetary Policy Implementation and Transmission in the Post-Crisis Period,"" a research conference sponsored by the Board of Governors of the Federal Reserve System, Washington, D.C.",Chair Janet L. Yellen,Welcoming Remarks,https://www.federalreserve.gov/newsevents/speech/yellen20151112a.htm,data/processed/fed_texts/fed_speeches/2015-11-12_172e3c4fab80.txt,False
11/17/2015,Speech,speech,"At the Clearing House Annual Conference, New York, New York",Governor Jerome H. Powell,Central Clearing in an Interdependent World,https://www.federalreserve.gov/newsevents/speech/powell20151117a.htm,data/processed/fed_texts/fed_speeches/2015-11-17_e7ccadb48bc3.txt,False
11/17/2015,Speech,speech,"At the Brookings Institution, Washington, D.C.",Governor Daniel K. Tarullo,Thinking Critically about Nonbank Financial Intermediation,https://www.federalreserve.gov/newsevents/speech/tarullo20151117a.htm,data/processed/fed_texts/fed_speeches/2015-11-17_a19dc03d7d86.txt,False
11/19/2015,Speech,speech,"At the ""Policy Challenges in a Diverging Global Economy"" 2015 Asia Economic Policy Conference sponsored by the Federal Reserve Bank of San Francisco, San Francisco, California",,Emerging Asia in Transition,https://www.federalreserve.gov/newsevents/speech/fischer20151119a.htm,data/processed/fed_texts/fed_speeches/2015-11-19_18a90eb641b7.txt,False
11/20/2015,Opening Remarks,speech,"At the 2015 Roundtable on Treasury Markets and Debt Management: Evolution of Treasury Market and Its Implications, New York, New York",Governor Jerome H. Powell,Opening Remarks,https://www.federalreserve.gov/newsevents/speech/powell20151120a.htm,data/processed/fed_texts/fed_speeches/2015-11-20_99870110df73.txt,False
12/01/2015,Speech,speech,"At the Stanford Institute for Economic Policy Research, Stanford, California",Governor Lael Brainard,Normalizing Monetary Policy When the Neutral Interest Rate Is Low,https://www.federalreserve.gov/newsevents/speech/brainard20151201a.htm,data/processed/fed_texts/fed_speeches/2015-12-01_8a2c01a13e5f.txt,False
12/02/2015,Opening Remarks,speech,"At the Economic Growth and Regulatory Paperwork Reduction Act Outreach Meeting, Arlington, Virginia",Governor Daniel K. Tarullo,Opening Remarks,https://www.federalreserve.gov/newsevents/speech/tarullo20151202a.htm,data/processed/fed_texts/fed_speeches/2015-12-02_7486549eaa68.txt,False
12/02/2015,Speech,speech,"At the Economic Club of Washington, Washington, D.C.",Chair Janet L. Yellen,The Economic Outlook and Monetary Policy,https://www.federalreserve.gov/newsevents/speech/yellen20151202a.htm,data/processed/fed_texts/fed_speeches/2015-12-02_a615f37199ff.txt,False
12/03/2015,Speech,speech,"At the ""Financial Stability: Policy Analysis and Data Needs"" 2015 Financial Stability Conference sponsored by the Federal Reserve Bank of Cleveland and the Office of Financial Research, Washington, D.C.",I would like to thank the Federal Reserve Bank of Cleveland and the Office of Financial Research (OFR) for inviting me to address this conference. 1,Financial Stability and Shadow Banks: What We Don't Know Could Hurt Us,https://www.federalreserve.gov/newsevents/speech/fischer20151203a.htm,data/processed/fed_texts/fed_speeches/2015-12-03_b4dfff3807d8.txt,False
01/03/2016,Speech,speech,"At the Annual Meeting of the American Economic Association, San Francisco, California",,"Monetary Policy, Financial Stability, and the Zero Lower Bound",https://www.federalreserve.gov/newsevents/speech/fischer20160103a.htm,data/processed/fed_texts/fed_speeches/2016-01-03_327896d2a48e.txt,False
02/01/2016,Speech,speech,"At the C. Peter McColough Series on International Economics, Council on Foreign Relations, New York, New York",,Recent Monetary Policy,https://www.federalreserve.gov/newsevents/speech/fischer20160201a.htm,data/processed/fed_texts/fed_speeches/2016-02-01_dc242e98bfa7.txt,False
02/10/2016,Speech,speech,"At ""The Lender of Last Resort: An International Perspective,"" a conference sponsored by the Committee on Capital Markets Regulation, Washington, D.C.","At ""The Lender of Last Resort: An International Perspective,"" a conference sponsored by the Committee on Capital Markets Regulation, Washington, D.C.",The Lender of Last Resort Function in the United States,https://www.federalreserve.gov/newsevents/speech/fischer20160210a.htm,data/processed/fed_texts/fed_speeches/2016-02-10_cea9a53a664e.txt,False
02/23/2016,Speech,speech,"At the ""Energy Transition: Strategies for a New World,"" 35th Annual IHS CERAWeek, Houston, Texas",,Recent Monetary Policy Developments,https://www.federalreserve.gov/newsevents/speech/fischer20160223a.htm,data/processed/fed_texts/fed_speeches/2016-02-23_bc5ecf002dbc.txt,False
02/26/2016,Speech,speech,"At the 2016 U.S. Monetary Policy Forum, New York, New York",Governor Lael Brainard,What Happened to the Great Divergence?,https://www.federalreserve.gov/newsevents/speech/brainard20160226a.htm,data/processed/fed_texts/fed_speeches/2016-02-26_efd500c5e211.txt,False
02/26/2016,Speech,speech,"At the 2016 U.S. Monetary Policy Forum, New York, New York",Governor Jerome H. Powell,"Discussion of the paper ""Language after Liftoff: Fed Communication Away from the Zero Lower Bound""",https://www.federalreserve.gov/newsevents/speech/powell20160226a.htm,data/processed/fed_texts/fed_speeches/2016-02-26_ceba318d3853.txt,False
03/07/2016,Speech,speech,"At the Institute of International Bankers Annual Washington Conference, Washington, D.C.",Governor Lael Brainard,"An Update on the Outlook, Liquidity, and Resilience",https://www.federalreserve.gov/newsevents/speech/brainard20160307a.htm,data/processed/fed_texts/fed_speeches/2016-03-07_3e46d0378b68.txt,False
03/07/2016,Speech,speech,"At the ""Policy Challenges in an Interconnected World"" 32nd Annual National Association for Business Economics Economic Policy Conference, Washington, D.C.",,Reflections on Macroeconomics Then and Now,https://www.federalreserve.gov/newsevents/speech/fischer20160307a.htm,data/processed/fed_texts/fed_speeches/2016-03-07_7b4c3d005247.txt,False
03/29/2016,Speech,speech,"At the Economic Club of New York, New York, New York",Chair Janet L. Yellen,"The Outlook, Uncertainty, and Monetary Policy",https://www.federalreserve.gov/newsevents/speech/yellen20160329a.htm,data/processed/fed_texts/fed_speeches/2016-03-29_c596bad8e99a.txt,False
04/14/2016,Speech,speech,"At the Institute of International Finance Blockchain Roundtable, Washington, D.C.",Governor Lael Brainard,"The Use of Distributed Ledger Technologies in Payment, Clearing, and Settlement",https://www.federalreserve.gov/newsevents/speech/brainard20160414a.htm,data/processed/fed_texts/fed_speeches/2016-04-14_4cefaf66b238.txt,False
05/19/2016,Speech,speech,"At ""A Conference in Honor of Michael Woodford’s Contributions to Economics"" cosponsored by the Federal Reserve Bank of New York, Columbia University Program for Economic Research, and Columbia University Department of Economics, New York, New York",,"(Money), Interest and Prices: Patinkin and Woodford",https://www.federalreserve.gov/newsevents/speech/fischer20160519.htm,data/processed/fed_texts/fed_speeches/2016-05-19_b724d08e0d1c.txt,False
05/20/2016,Speech,speech,"At the National Association of Insurance Commissioner’s International Insurance Forum, Washington, D.C.",Governor Daniel K. Tarullo,Insurance Companies and the Role of the Federal Reserve,https://www.federalreserve.gov/newsevents/speech/tarullo20160520a.htm,data/processed/fed_texts/fed_speeches/2016-05-20_855f3c08d8ea.txt,False
05/26/2016,Speech,speech,"At the Peterson Institute for International Economics, Washington, D.C.",Governor Jerome H. Powell,"Recent Economic Developments, the Productive Potential of the Economy, and Monetary Policy",https://www.federalreserve.gov/newsevents/speech/powell20160526a.htm,data/processed/fed_texts/fed_speeches/2016-05-26_634b8b20c549.txt,False
06/03/2016,Speech,speech,"At the Council on Foreign Relations, Washington, D.C.",Governor Lael Brainard,The Economic Outlook and Implications for Monetary Policy,https://www.federalreserve.gov/newsevents/speech/brainard20160603a.htm,data/processed/fed_texts/fed_speeches/2016-06-03_964b762e3c18.txt,False
06/06/2016,Speech,speech,"At The World Affairs Council of Philadelphia, Philadelphia, Pennsylvania",Chair Janet L. Yellen,Current Conditions and the Outlook for the U.S. Economy,https://www.federalreserve.gov/newsevents/speech/yellen20160606a.htm,data/processed/fed_texts/fed_speeches/2016-06-06_d5b0589b5f7a.txt,False
06/21/2016,Speech,speech,"At the Roundtable on the Interim Report of the Alternative Reference Rates Committee sponsored by the Federal Reserve Board and the Federal Reserve Bank of New York, New York, New York",Governor Jerome H. Powell,Introductory Comments,https://www.federalreserve.gov/newsevents/speech/powell20160621a.htm,data/processed/fed_texts/fed_speeches/2016-06-21_165705285b9c.txt,False
06/22/2016,Speech,speech,"At the Panel Discussion on Resolution Riksbank Macroprudential Conference, Stockholm, Sweden",,Comments on the Resolution Framework for Banks and Bank Holding Companies in the United States,https://www.federalreserve.gov/newsevents/speech/fischer20160622a.htm,data/processed/fed_texts/fed_speeches/2016-06-22_a51521b873d3.txt,False
06/28/2016,Speech,speech,"At the Chicago Council on Global Affairs, Chicago, Illinois",Governor Jerome H. Powell,"Recent Economic Developments, Monetary Policy Considerations and Longer-term Prospects",https://www.federalreserve.gov/newsevents/speech/powell20160628a.htm,data/processed/fed_texts/fed_speeches/2016-06-28_5e90177561a5.txt,False
07/12/2016,Opening Remarks,speech,"At the Center for American Progress and Americans for Financial Reform Conference, Washington, D.C.",Governor Daniel K. Tarullo,Opening Remarks,https://www.federalreserve.gov/newsevents/speech/tarullo20160712a.htm,data/processed/fed_texts/fed_speeches/2016-07-12_30705d0e5d15.txt,False
08/21/2016,Remarks,speech,"At the ""Program on the World Economy"" a conference sponsored by The Aspen Institute, Aspen, Colorado",,Remarks on the U.S. Economy,https://www.federalreserve.gov/newsevents/speech/fischer20160821a.htm,data/processed/fed_texts/fed_speeches/2016-08-21_801c72312b9d.txt,False
08/26/2016,Speech,speech,"At ""Designing Resilient Monetary Policy Frameworks for the Future,"" a symposium sponsored by the Federal Reserve Bank of Kansas City, Jackson Hole, Wyoming",Chair Janet L. Yellen,"The Federal Reserve's Monetary Policy Toolkit: Past, Present, and Future",https://www.federalreserve.gov/newsevents/speech/yellen20160826a.htm,data/processed/fed_texts/fed_speeches/2016-08-26_9a2e4160a216.txt,False
09/12/2016,Speech,speech,"At the Chicago Council on Global Affairs, Chicago, Illinois",Governor Lael Brainard,"The ""New Normal"" and What It Means for Monetary Policy",https://www.federalreserve.gov/newsevents/speech/brainard20160912a.htm,data/processed/fed_texts/fed_speeches/2016-09-12_fa61e3c992b6.txt,False
09/26/2016,Speech,speech,"At the Yale University School of Management Leaders Forum, New Haven, Connecticut",Governor Daniel K. Tarullo,Next Steps in the Evolution of Stress Testing,https://www.federalreserve.gov/newsevents/speech/tarullo20160926a.htm,data/processed/fed_texts/fed_speeches/2016-09-26_2d33d1ade272.txt,False
09/27/2016,Speech,speech,"At the Convocation for the Department of Economics, Howard University, Washington, D.C.",,Why Study Economics?,https://www.federalreserve.gov/newsevents/speech/fischer20160927a.htm,data/processed/fed_texts/fed_speeches/2016-09-27_a1735bce2899.txt,False
09/29/2016,Speech,speech,"At the ""Community Banking in the 21st Century"" Fourth Annual Community Banking Research and Policy Conference, sponsored by the Federal Reserve System and the Conference of State Bank Supervisors, St. Louis, Missouri",Governor Jerome H. Powell,Trends in Community Bank Performance over the Past 20 Years,https://www.federalreserve.gov/newsevents/speech/powell20160929a.htm,data/processed/fed_texts/fed_speeches/2016-09-29_645a4d62d166.txt,False
09/29/2016,Brief Remarks,speech,"At the ""Banking and the Economy: A Forum for Minority Bankers,"" sponsored by the Federal Reserve Bank of Kansas City, Kansas City, Missouri (via videoconference)",Chair Janet L. Yellen,Brief Remarks,https://www.federalreserve.gov/newsevents/speech/yellen20160929a.htm,data/processed/fed_texts/fed_speeches/2016-09-29_ee414e2749bb.txt,False
10/05/2016,Speech,speech,"At the 40th Annual Central Banking Seminar, sponsored by the Federal Reserve Bank of New York, New York, New York","At the 40th Annual Central Banking Seminar, sponsored by the Federal Reserve Bank of New York, New York, New York",Low Interest Rates,https://www.federalreserve.gov/newsevents/speech/fischer20161005a.htm,data/processed/fed_texts/fed_speeches/2016-10-05_4d8d29711c6a.txt,False
10/07/2016,Speech,speech,"At the Institute of International Finance Annual Meeting Panel on Blockchain, Washington, D.C.",Governor Lael Brainard,"Distributed Ledger Technology: Implications for Payments, Clearing, and Settlement",https://www.federalreserve.gov/newsevents/speech/brainard20161007a.htm,data/processed/fed_texts/fed_speeches/2016-10-07_a16a226240a8.txt,False
10/09/2016,Speech,speech,"At the 31st Annual Group of Thirty International Banking Seminar, Washington, D.C.",,The U.S. Economy and Monetary Policy,https://www.federalreserve.gov/newsevents/speech/fischer20161009a.htm,data/processed/fed_texts/fed_speeches/2016-10-09_e4809d66cb99.txt,False
10/14/2016,Speech,speech,"At ""The Elusive 'Great' Recovery: Causes and Implications for Future Business Cycle Dynamics"" 60th annual economic conference sponsored by the Federal Reserve Bank of Boston, Boston, Massachusetts",Chair Janet L. Yellen,Macroeconomic Research After the Crisis,https://www.federalreserve.gov/newsevents/speech/yellen20161014a.htm,data/processed/fed_texts/fed_speeches/2016-10-14_0d91c194ad33.txt,False
10/17/2016,Speech,speech,"At the Economic Club of New York, New York, New York",,Why Are Interest Rates So Low? Causes and Implications,https://www.federalreserve.gov/newsevents/speech/fischer20161017a.htm,data/processed/fed_texts/fed_speeches/2016-10-17_aa458ded6bd9.txt,False
10/21/2016,Speech,speech,"At the Conference on the New Pedagogy of Financial Regulation, Columbia Law School, New York, New York",Governor Daniel K. Tarullo,Pedagogy and Scholarship in a Post-Crisis World,https://www.federalreserve.gov/newsevents/speech/tarullo20161021a.htm,data/processed/fed_texts/fed_speeches/2016-10-21_ef0373b39d94.txt,False
10/24/2016,Opening Remarks,speech,"At The Evolving Structure of the U.S. Treasury Market: Second Annual Conference, Federal Reserve Bank of New York, New York, New York",Governor Jerome H. Powell,Opening Remarks on Government Securities Settlement,https://www.federalreserve.gov/newsevents/speech/powell20161024.htm,data/processed/fed_texts/fed_speeches/2016-10-24_1df79ef51d43.txt,False
11/04/2016,Speech,speech,"At the 17th Jacques Polak Annual Research Conference, sponsored by the International Monetary Fund, Washington, D.C.",,The Economic Outlook,https://www.federalreserve.gov/newsevents/speech/fischer20161104a.htm,data/processed/fed_texts/fed_speeches/2016-11-04_07c5cdc4dc93.txt,False
11/11/2016,Speech,speech,"At the 20th Annual Conference of the Central Bank of Chile, Santiago, Chile (via videoconference)","At the 20th Annual Conference of the Central Bank of Chile, Santiago, Chile (via videoconference)",U.S. Monetary Policy from an International Perspective,https://www.federalreserve.gov/newsevents/speech/fischer20161111a.htm,data/processed/fed_texts/fed_speeches/2016-11-11_d03464542127.txt,False
11/15/2016,Speech,speech,"At ""Do We Have a Liquidity Problem Post-Crisis?"", a conference sponsored by the Initiative on Business and Public Policy at the Brookings Institution, Washington, D.C.",,Is There a Liquidity Problem Post-Crisis?,https://www.federalreserve.gov/newsevents/speech/fischer20161115a.htm,data/processed/fed_texts/fed_speeches/2016-11-15_ffa111bd2ee7.txt,False
11/17/2016,Speech,speech,"At ""Evolution of Work,"" a convening cosponsored by the Board of Governors of the Federal Reserve System, the Federal Reserve Bank of New York, and the Freelancers Union, New York, New York",Governor Lael Brainard,"The ""Gig"" Economy: Implications of the Growth of Contingent Work",https://www.federalreserve.gov/newsevents/speech/brainard20161117a.htm,data/processed/fed_texts/fed_speeches/2016-11-17_083a0159877c.txt,False
11/18/2016,Speech,speech,"At ""CPBS 2016 Pacific Basin Research Conference,"" sponsored by the Center for Pacific Basin Studies at the Federal Reserve Bank of San Francisco, San Francisco, California",Governor Jerome H. Powell,The Global Trade Slowdown and Its Implications for Emerging Asia,https://www.federalreserve.gov/newsevents/speech/powell20161118a.htm,data/processed/fed_texts/fed_speeches/2016-11-18_252f37e18afb.txt,False
11/21/2016,Speech,speech,"At ""A Conversation with Stanley Fischer,"" sponsored by the Council on Foreign Relations, New York, New York",,Longer-Term Challenges for the U.S. Economy,https://www.federalreserve.gov/newsevents/speech/fischer20161121a.htm,data/processed/fed_texts/fed_speeches/2016-11-21_21807f9f67ee.txt,False
11/29/2016,Speech,speech,"At the The Economic Club of Indiana, Indianapolis, Indiana",Governor Jerome H. Powell,Recent Economic Developments and Longer-Run Challenges,https://www.federalreserve.gov/newsevents/speech/powell20161129a.htm,data/processed/fed_texts/fed_speeches/2016-11-29_919b65dcd4af.txt,False
11/30/2016,Speech,speech,"At the ""Understanding Fedspeak"" event cosponsored by the Hutchins Center on Fiscal and Monetary Policy at the Brookings Institution and the Center for Financial Economics at Johns Hopkins University, Washington, D.C.",Governor Jerome H. Powell,A View from the Fed,https://www.federalreserve.gov/newsevents/speech/powell20161130a.htm,data/processed/fed_texts/fed_speeches/2016-11-30_7b92f94d2993.txt,True
12/02/2016,Speech,speech,"At the Conference on Financial Innovation at the Board of Governors of the Federal Reserve System, Washington, D.C.",Governor Lael Brainard,The Opportunities and Challenges of Fintech,https://www.federalreserve.gov/newsevents/speech/brainard20161202a.htm,data/processed/fed_texts/fed_speeches/2016-12-02_e2612716bf71.txt,False
12/02/2016,Speech,speech,"At the Federal Reserve Bank of Cleveland and Office of Financial Research 2016 Financial Stability Conference, Washington, D.C.",Governor Daniel K. Tarullo,Financial Regulation Since the Crisis,https://www.federalreserve.gov/newsevents/speech/tarullo20161202a.htm,data/processed/fed_texts/fed_speeches/2016-12-02_5798631072bf.txt,False
12/19/2016,Remarks,speech,"At the University of Baltimore 2016 Midyear Commencement, Baltimore, Maryland",Chair Janet L. Yellen,Commencement Remarks,https://www.federalreserve.gov/newsevents/speech/yellen20161219a.htm,data/processed/fed_texts/fed_speeches/2016-12-19_9c2eb90e41eb.txt,False
01/07/2017,Speech,speech,"At the 77th Annual Meeting of the American Finance Association, Chicago, Illinois",Governor Jerome H. Powell,Low Interest Rates and the Financial System,https://www.federalreserve.gov/newsevents/speech/powell20170107a.htm,data/processed/fed_texts/fed_speeches/2017-01-07_687f28eb93ce.txt,False
01/12/2017,Welcoming Remarks,speech,"At the Conversation with the Chair: A Teacher Town Hall Meeting, Washington, D.C.",Chair Janet L. Yellen,Welcoming Remarks,https://www.federalreserve.gov/newsevents/speech/yellen20170112a.htm,data/processed/fed_texts/fed_speeches/2017-01-12_119498e91200.txt,False
01/17/2017,Speech,speech,"At the Brookings Institution, Washington, D.C.",Governor Lael Brainard,Monetary Policy in a Time of Uncertainty,https://www.federalreserve.gov/newsevents/speech/brainard20170117a.htm,data/processed/fed_texts/fed_speeches/2017-01-17_a0720d484dbe.txt,False
01/18/2017,Speech,speech,"At the Commonwealth Club, San Francisco, California",Chair Janet L. Yellen,The Goals of Monetary Policy and How We Pursue Them,https://www.federalreserve.gov/newsevents/speech/yellen20170118a.htm,data/processed/fed_texts/fed_speeches/2017-01-18_e46efe178267.txt,False
01/19/2017,Speech,speech,"At the Stanford Institute for Economic Policy Research, Stanford University, Stanford, California",Chair Janet L. Yellen,The Economic Outlook and the Conduct of Monetary Policy,https://www.federalreserve.gov/newsevents/speech/yellen20170119a.htm,data/processed/fed_texts/fed_speeches/2017-01-19_2ed0b1d22c60.txt,False
02/11/2017,Speech,speech,"At the Warwick Economics Summit, Coventry, United Kingdom",,"""I'd Rather Have Bob Solow Than an Econometric Model, But ...""",https://www.federalreserve.gov/newsevents/speech/fischer20170211a.htm,data/processed/fed_texts/fed_speeches/2017-02-11_c4d4d27b7b5b.txt,False
02/22/2017,Speech,speech,"At the Forecasters Club of New York Luncheon, New York, New York",Governor Jerome H. Powell,The Economic Outlook and Monetary Policy,https://www.federalreserve.gov/newsevents/speech/powell20170222a.htm,data/processed/fed_texts/fed_speeches/2017-02-22_cc2ef24199f2.txt,False
03/01/2017,Speech,speech,"At the John F. Kennedy School of Government, Harvard University, Cambridge, Massachusetts",Governor Lael Brainard,Transitions in the Outlook and Monetary Policy,https://www.federalreserve.gov/newsevents/speech/brainard20170301a.htm,data/processed/fed_texts/fed_speeches/2017-03-01_f42a615025eb.txt,False
03/03/2017,Speech,speech,"At the 2017 U.S. Monetary Policy Forum, sponsored by the Initiative on Global Markets at the University of Chicago Booth School of Business, New York, New York",,"Monetary Policy: By Rule, By Committee, or By Both?",https://www.federalreserve.gov/newsevents/speech/fischer20170303a.htm,data/processed/fed_texts/fed_speeches/2017-03-03_8ca790a75210.txt,False
03/03/2017,Speech,speech,"At Blockchain: The Future of Finance and Capital Markets? The Yale Law School Center for the Study of Corporate Law, New Haven, Connecticut",Governor Jerome H. Powell,"Innovation, Technology, and the Payments System",https://www.federalreserve.gov/newsevents/speech/powell20170303a.htm,data/processed/fed_texts/fed_speeches/2017-03-03_06e6f0008197.txt,False
03/03/2017,Speech,speech,"At The Executives' Club of Chicago, Chicago, Illinois",Chair Janet L. Yellen,From Adding Accommodation to Scaling It Back,https://www.federalreserve.gov/newsevents/speech/yellen20170303a.htm,data/processed/fed_texts/fed_speeches/2017-03-03_f47785e7ed3f.txt,False
03/23/2017,Welcoming Remarks,speech,"At ""Strong Foundations: The Economic Futures of Kids and Communities,"" the 10th Biennial Federal Reserve System Community Development Research Conference, Washington, D.C.",Chair Janet L. Yellen,Welcoming Remarks,https://www.federalreserve.gov/newsevents/speech/yellen20170323a.htm,data/processed/fed_texts/fed_speeches/2017-03-23_3646c1a33d91.txt,False
03/28/2017,Speech,speech,"At the West Virginia University College of Business and Economics Distinguished Speaker Series, Morgantown, West Virginia",Governor Jerome H. Powell,America's Central Bank: The History and Structure of the Federal Reserve,https://www.federalreserve.gov/newsevents/speech/powell20170328a.htm,data/processed/fed_texts/fed_speeches/2017-03-28_92f6d35b1590.txt,False
03/28/2017,Address,speech,"At ""Creating a Just Economy,"" the 2017 annual conference of the National Community Reinvestment Coalition, Washington, D.C.",Chair Janet L. Yellen,Addressing Workforce Development Challenges in Low-Income Communities,https://www.federalreserve.gov/newsevents/speech/yellen20170328a.htm,data/processed/fed_texts/fed_speeches/2017-03-28_2bf0ce33971a.txt,False
04/04/2017,Speech,speech,"At The Woodrow Wilson School, Princeton University, Princeton, New Jersey",Governor Daniel K. Tarullo,Departing Thoughts,https://www.federalreserve.gov/newsevents/speech/tarullo20170404a.htm,data/processed/fed_texts/fed_speeches/2017-04-04_f4cfe4cc6832.txt,False
04/05/2017,Welcoming Remarks,speech,"At ""Expanding the Impact: Increasing Capacity and Influence,"" the 2017 Interagency Minority Depository Institution and Community Development Financial Institution Bank National Conference, Los Angeles, California",Governor Jerome H. Powell,Welcoming Remarks,https://www.federalreserve.gov/newsevents/speech/powell20170405a.htm,data/processed/fed_texts/fed_speeches/2017-04-05_ae282ecddfd6.txt,False
04/17/2017,Speech,speech,"At the Columbia University School of International and Public Affairs, New York, New York",,Monetary Policy Expectations and Surprises,https://www.federalreserve.gov/newsevents/speech/fischer20170417a.htm,data/processed/fed_texts/fed_speeches/2017-04-17_3e73e5a1ce06.txt,False
04/19/2017,Speech,speech,"At The IBRN-IMF conference: The Transmission of Macroprudential and Monetary Policies Across Borders, Washington, D.C.",,International Effects of Recent Policy Tightening,https://www.federalreserve.gov/newsevents/speech/fischer20170419a.htm,data/processed/fed_texts/fed_speeches/2017-04-19_edc4090cf1fd.txt,False
04/20/2017,Brief Remarks,speech,"at The Global Finance Forum, Washington, D.C.",Governor Jerome H. Powell,Brief Remarks,https://www.federalreserve.gov/newsevents/speech/powell20170420a.htm,data/processed/fed_texts/fed_speeches/2017-04-20_0cbc197dd85b.txt,True
04/28/2017,Speech,speech,"At the Northwestern Kellogg Public-Private Interface Conference on ""New Developments in Consumer Finance: Research & Practice""",Governor Lael Brainard,Where Do Banks Fit in the Fintech Stack?,https://www.federalreserve.gov/newsevents/speech/brainard20170428a.htm,data/processed/fed_texts/fed_speeches/2017-04-28_86d6ae240924.txt,False
05/05/2017,Speech,speech,"At ""The Structural Foundations of Monetary Policy,"" a Hoover Institution Monetary Policy Conference, Stanford University, Stanford, California",,Committee Decisions and Monetary Policy Rules,https://www.federalreserve.gov/newsevents/speech/fischer20170505a.htm,data/processed/fed_texts/fed_speeches/2017-05-05_69d761a66562.txt,False
05/05/2017,Speech,speech,"At ""125 Years of Women at Brown Conference,"" sponsored by Brown University, Providence, Rhode Island",Chair Janet L. Yellen,So We All Can Succeed: 125 Years of Women's Participation in the Economy,https://www.federalreserve.gov/newsevents/speech/yellen20170505a.htm,data/processed/fed_texts/fed_speeches/2017-05-05_d27f76172560.txt,False
05/22/2017,Speech,speech,"At the Opportunity and Inclusive Growth Institute Conference, sponsored by the Federal Reserve Bank of Minneapolis",Governor Lael Brainard,Why Opportunity and Inclusion Matter to America’s Economic Strength,https://www.federalreserve.gov/newsevents/speech/brainard20170522a.htm,data/processed/fed_texts/fed_speeches/2017-05-22_566f9de0026a.txt,False
05/30/2017,Speech,speech,"At the New York Association for Business Economics, New York, New York",Governor Lael Brainard,Navigating the Different Signals from Inflation and Unemployment,https://www.federalreserve.gov/newsevents/speech/brainard20170530a.htm,data/processed/fed_texts/fed_speeches/2017-05-30_3203fece3f2c.txt,False
06/01/2017,Speech,speech,"At the Economic Club of New York, New York, New York",Governor Jerome H. Powell,Thoughts on the Normalization of Monetary Policy,https://www.federalreserve.gov/newsevents/speech/powell20170601a.htm,data/processed/fed_texts/fed_speeches/2017-06-01_f083e66ab605.txt,False
06/20/2017,Speech,speech,"At the DNB-Riksbank Macroprudential Conference Series, Amsterdam, Netherlands",,Housing and Financial Stability,https://www.federalreserve.gov/newsevents/speech/fischer20170620a.htm,data/processed/fed_texts/fed_speeches/2017-06-20_3b379cf41272.txt,False
06/23/2017,Speech,speech,"At the Federal Reserve Bank of Chicago Symposium on Central Clearing, Chicago, Illinois",Governor Jerome H. Powell,Central Clearing and Liquidity,https://www.federalreserve.gov/newsevents/speech/powell20170623a.htm,data/processed/fed_texts/fed_speeches/2017-06-23_aa93465fe88f.txt,False
06/26/2017,Remarks,speech,"At the Salzburg Global Seminar, Salzburg, Austria",Governor Jerome H. Powell,Remarks,https://www.federalreserve.gov/newsevents/speech/powell20170626a.htm,data/processed/fed_texts/fed_speeches/2017-06-26_b56e08de6a8a.txt,False
06/27/2017,Speech,speech,"At the IMF Workshop on Financial Surveillance and Communication: Best Practices from Latin America, the Caribbean, and Advanced Economies, Washington, D.C.",,An Assessment of Financial Stability in the United States,https://www.federalreserve.gov/newsevents/speech/fischer20170627a.htm,data/processed/fed_texts/fed_speeches/2017-06-27_2ba2e8272688.txt,False
07/06/2017,Speech,speech,"At the ""Washington Transformation? Politics, Policies, Prospects,"" a forum sponsored by the Summer Institute of Martha’s Vineyard Hebrew Center, Vineyard Haven, Massachusetts",,Government Policy and Labor Productivity,https://www.federalreserve.gov/newsevents/speech/fischer20170706a.htm,data/processed/fed_texts/fed_speeches/2017-07-06_841a5f33fb27.txt,False
07/06/2017,Speech,speech,"At the American Enterprise Institute, Washington, D.C.",Governor Jerome H. Powell,The Case for Housing Finance Reform,https://www.federalreserve.gov/newsevents/speech/powell20170706a.htm,data/processed/fed_texts/fed_speeches/2017-07-06_bc927a046954.txt,False
07/11/2017,Speech,speech,"At ""Normalizing Central Banks' Balance Sheets: What Is the New Normal?"" a conference sponsored by Columbia University’s School of International and Public Affairs and the Federal Reserve Bank of New York, New York, New York",Governor Lael Brainard,Cross-Border Spillovers of Balance Sheet Normalization,https://www.federalreserve.gov/newsevents/speech/brainard20170711a.htm,data/processed/fed_texts/fed_speeches/2017-07-11_0ddc6e5470e6.txt,False
07/13/2017,Speech,speech,"At the National Bureau of Economic Research’s Monetary Economics Summer Institute, Cambridge, Massachusetts",Governor Lael Brainard,Cross-Border Spillovers of Balance Sheet Normalization,https://www.federalreserve.gov/newsevents/speech/brainard20170713a.htm,data/processed/fed_texts/fed_speeches/2017-07-13_419ae7bd79bd.txt,False
07/28/2017,Speech,speech,"At the Conference for the 2017 Summer Training and Scholarship Program sponsored by the American Economic Association and the National Science Foundation and hosted by the Department of Economics, Michigan State University, East Lansing, Michigan",Governor Lael Brainard,Strengthening Diversity in Economics,https://www.federalreserve.gov/newsevents/speech/brainard20170728a.htm,data/processed/fed_texts/fed_speeches/2017-07-28_3667ed26cffc.txt,False
07/31/2017,Speech,speech,"At the Conference to Celebrate Arminio Fraga’s 60 Years, Casa das Garcas, Rio de Janeiro, Brazil",,The Low Level of Global Real Interest Rates,https://www.federalreserve.gov/newsevents/speech/fischer20170731a.htm,data/processed/fed_texts/fed_speeches/2017-07-31_feebc3c34f1a.txt,False
08/25/2017,Speech,speech,"At ""Fostering a Dynamic Global Recovery,"" a symposium sponsored by the Federal Reserve Bank of Kansas City, Jackson Hole, Wyoming",Chair Janet L. Yellen,Financial Stability a Decade after the Onset of the Crisis,https://www.federalreserve.gov/newsevents/speech/yellen20170825a.htm,data/processed/fed_texts/fed_speeches/2017-08-25_da8557f7a097.txt,False
08/30/2017,Speech,speech,"At the Large Bank Directors Conference, Chicago, Illinois",Governor Jerome H. Powell,The Role of Boards at Large Financial Firms,https://www.federalreserve.gov/newsevents/speech/powell20170830a.htm,data/processed/fed_texts/fed_speeches/2017-08-30_fd4f12dc1603.txt,False
09/05/2017,Speech,speech,"At The Economic Club of New York New York, New York",Governor Lael Brainard,Understanding the Disconnect between Employment and Inflation with a Low Neutral Rate,https://www.federalreserve.gov/newsevents/speech/brainard20170905a.htm,data/processed/fed_texts/fed_speeches/2017-09-05_4d219484ace9.txt,False
09/26/2017,Speech,speech,"At ""Disparities in the Labor Market: What Are We Missing?"" a research conference sponsored by the Board of Governors of the Federal Reserve System, Washington, D.C.",Governor Lael Brainard,Why Persistent Employment Disparities Matter for the Economy's Health,https://www.federalreserve.gov/newsevents/speech/brainard20170926a.htm,data/processed/fed_texts/fed_speeches/2017-09-26_0faae1e4bfd1.txt,False
09/26/2017,Speech,speech,"At the ""Prospects for Growth: Reassessing the Fundamentals"" 59th Annual Meeting of the National Association for Business Economics, Cleveland, Ohio",Chair Janet L. Yellen,"Inflation, Uncertainty, and Monetary Policy",https://www.federalreserve.gov/newsevents/speech/yellen20170926a.htm,data/processed/fed_texts/fed_speeches/2017-09-26_b9d9c27f5cd7.txt,False
09/27/2017,Speech,speech,"At ""Banking and the Economy: A Forum for Minority Bankers,"" a conference hosted by the Federal Reserve Bank of Kansas City, Kansas City, Missouri",Governor Lael Brainard,Labor Market Disparities and Economic Performance,https://www.federalreserve.gov/newsevents/speech/brainard20170927a.htm,data/processed/fed_texts/fed_speeches/2017-09-27_c2cfcfd0d640.txt,False
09/28/2017,Speech,speech,"At ""20 Years On,"" a conference sponsored by the Bank of England, London, England","At ""20 Years On,"" a conference sponsored by the Bank of England, London, England",The Independent Bank of England--20 Years On,https://www.federalreserve.gov/newsevents/speech/fischer20170928a.htm,data/processed/fed_texts/fed_speeches/2017-09-28_5d8bc4c6f999.txt,False
10/04/2017,Welcoming Remarks,speech,"At Community Banking in the 21st Century Fifth Annual Community Banking Research and Policy Conference cosponsored by the Federal Reserve System and Conference of State Bank Supervisors, Federal Reserve Bank of St. Louis, St. Louis, Missouri",Chair Janet L. Yellen,Welcoming Remarks,https://www.federalreserve.gov/newsevents/speech/yellen20171004a.htm,data/processed/fed_texts/fed_speeches/2017-10-04_c3c3d9316141.txt,False
10/05/2017,Speech,speech,"At TMPG Best Practices @ 10: A Look Back and a Look Ahead, Federal Reserve Bank of New York, New York, New York",Governor Jerome H. Powell,Treasury Markets and the TMPG,https://www.federalreserve.gov/newsevents/speech/powell20171005a.htm,data/processed/fed_texts/fed_speeches/2017-10-05_a7e7caa522d1.txt,False
10/12/2017,Speech,speech,"At the Panel on Monetary Policy ""Rethinking Macroeconomic Policy,"" a conference sponsored by the Peterson Institute for International Economics, Washington D.C.",Governor Lael Brainard,Rethinking Monetary Policy in a New Normal,https://www.federalreserve.gov/newsevents/speech/brainard20171012a.htm,data/processed/fed_texts/fed_speeches/2017-10-12_53845b3266c4.txt,False
10/12/2017,Speech,speech,"At the 2017 Annual Membership Meeting of the Institute of International Finance, Washington, D.C.",Governor Jerome H. Powell,Prospects for Emerging Market Economies in a Normalizing Global Economy,https://www.federalreserve.gov/newsevents/speech/powell20171012a.htm,data/processed/fed_texts/fed_speeches/2017-10-12_9a2f8ba3fd9b.txt,False
10/15/2017,Speech,speech,"At the Group of 30 International Banking Seminar, Washington, D.C.",Chair Janet L. Yellen,The U.S. Economy and Monetary Policy,https://www.federalreserve.gov/newsevents/speech/yellen20171015a.htm,data/processed/fed_texts/fed_speeches/2017-10-15_fef4c5a43db6.txt,False
10/18/2017,Speech,speech,"At the 41st Annual Central Banking Seminar, sponsored by the Federal Reserve Bank of New York, New York, New York",Governor Jerome H. Powell,Financial Innovation: A World in Transition,https://www.federalreserve.gov/newsevents/speech/powell20171018a.htm,data/processed/fed_texts/fed_speeches/2017-10-18_4221007b910a.txt,False
10/20/2017,Speech,speech,"At the 2017 Herbert Stein Memorial Lecture, National Economists Club, Washington, D.C.",Chair Janet L. Yellen,A Challenging Decade and a Question for the Future,https://www.federalreserve.gov/newsevents/speech/yellen20171020a.htm,data/processed/fed_texts/fed_speeches/2017-10-20_79ea26e1e4cc.txt,False
11/02/2017,Remarks,speech,"At the Roundtable of the Alternative Reference Rates Committee, The Federal Reserve Bank of New York, New York, New York (via prerecorded video)",Governor Jerome H. Powell,Introductory Remarks,https://www.federalreserve.gov/newsevents/speech/powell20171102a.htm,data/processed/fed_texts/fed_speeches/2017-11-02_cfc3214070ee.txt,True
11/07/2017,Remarks,speech,"At the Institute of Government and Public Affairs at the University of Illinois, Washington, D.C.",Chair Janet L. Yellen,Remarks accepting the 2017 Paul H. Douglas Award for Ethics in Government,https://www.federalreserve.gov/newsevents/speech/yellen20171107a.htm,data/processed/fed_texts/fed_speeches/2017-11-07_94089fc4bee6.txt,False
11/15/2017,Speech,speech,"At a Federal Reserve Bank of Boston Regional Food Systems Meeting, Boston, Massachusetts",Governor Lael Brainard,Regional Food Systems and Community Development,https://www.federalreserve.gov/newsevents/speech/brainard20171115a.htm,data/processed/fed_texts/fed_speeches/2017-11-15_4691ed429144.txt,False
11/16/2017,Speech,speech,"At ""FinTech Risks and Opportunities: An Interdisciplinary Approach,"" a conference sponsored by the University of Michigan, Ann Arbor, Michigan",Governor Lael Brainard,Where Do Consumers Fit in the Fintech Stack?,https://www.federalreserve.gov/newsevents/speech/brainard20171116a.htm,data/processed/fed_texts/fed_speeches/2017-11-16_2f578e4dd56e.txt,False
11/30/2017,Speech,speech,"At the 2017 Financial Stability and Fintech Conference sponsored by the Federal Reserve Bank of Cleveland, the Office of Financial Research, and the University of Maryland's Robert H. Smith School of Business, Washington, D.C.",,Thoughts on Prudent Innovation in the Payment System,https://www.federalreserve.gov/newsevents/speech/quarles20171130a.htm,data/processed/fed_texts/fed_speeches/2017-11-30_d25e7c646755.txt,False
12/13/2017,Speech,speech,"At ""Leading the Way: A Workforce Development Video Campaign"" awards ceremony hosted by the Federal Reserve Bank of New York and Pathways in Technology Early College High Schools in the Greater Rochester Area, Rochester, N.Y.",Governor Lael Brainard,Workforce Development in Today's Economy,https://www.federalreserve.gov/newsevents/speech/brainard20171213a.htm,data/processed/fed_texts/fed_speeches/2017-12-13_99622b90fc7d.txt,False
01/19/2018,Speech,speech,"At the American Bar Association Banking Law Committee Annual Meeting, Washington, D.C.","At the American Bar Association Banking Law Committee Annual Meeting, Washington, D.C.",Early Observations on Improving the Effectiveness of Post-Crisis Regulation,https://www.federalreserve.gov/newsevents/speech/quarles20180119a.htm,data/processed/fed_texts/fed_speeches/2018-01-19_8a6f2e8754c3.txt,False
02/13/2018,Remarks,speech,"At the Federal Reserve Board, Washington, D.C.","At the Federal Reserve Board, Washington, D.C.",Remarks at the Ceremonial Swearing-in,https://www.federalreserve.gov/newsevents/speech/powell20180213a.htm,data/processed/fed_texts/fed_speeches/2018-02-13_c69a2652ff49.txt,False
02/22/2018,Speech,speech,"At ""10 Years after the Global Financial Crisis: How Has the World Economy Changed and Where Will It Go?"" 26th International Financial Symposium sponsored by the Institute for International Monetary Affairs, Tokyo, Japan",,The U.S. Economy after the Global Financial Crisis,https://www.federalreserve.gov/newsevents/speech/quarles20180222a.htm,data/processed/fed_texts/fed_speeches/2018-02-22_e889d6b1c815.txt,False
02/26/2018,Speech,speech,"At ""Promoting Sustained Growth: Policy Tensions and Risks"" 34th Annual NABE Economic Policy Conference, Washington, D.C.",,An Assessment of the U.S. Economy,https://www.federalreserve.gov/newsevents/speech/quarles20180226a.htm,data/processed/fed_texts/fed_speeches/2018-02-26_d43b5f3a9a42.txt,False
02/26/2018,Speech,speech,"At the Financial Services Roundtable 2018 Spring Conference, Washington, D.C.",,Brief Thoughts on the Financial Regulatory System and Cybersecurity,https://www.federalreserve.gov/newsevents/speech/quarles20180226b.htm,data/processed/fed_texts/fed_speeches/2018-02-26_9509195b700b.txt,False
03/05/2018,Speech,speech,"At the Institute of International Bankers Annual Washington Conference, Washington, D.C.",,The Federal Reserve’s Regulatory Agenda for Foreign Banking Organizations: What Lies Ahead for Enhanced Prudential Standards and the Volcker Rule,https://www.federalreserve.gov/newsevents/speech/quarles20180305a.htm,data/processed/fed_texts/fed_speeches/2018-03-05_b412ba55a2a8.txt,False
03/06/2018,Speech,speech,"At the Money Marketeers of New York University, New York, New York",Governor Lael Brainard,Navigating Monetary Policy as Headwinds Shift to Tailwinds,https://www.federalreserve.gov/newsevents/speech/brainard20180306a.htm,data/processed/fed_texts/fed_speeches/2018-03-06_d973ccb61fa2.txt,False
03/26/2018,Speech,speech,"At the HOPE Global Forums Annual Meeting, Atlanta, Georgia",,The Roles of Consumer Protection and Small Business Access to Credit in Financial Inclusion,https://www.federalreserve.gov/newsevents/speech/quarles20180326a.htm,data/processed/fed_texts/fed_speeches/2018-03-26_2b7adc9bdd09.txt,False
04/03/2018,Speech,speech,"At the Center for Global Economy and Business, Stern School of Business, New York University, New York, New York",Governor Lael Brainard,An Update on the Federal Reserve's Financial Stability Agenda,https://www.federalreserve.gov/newsevents/speech/brainard20180403a.htm,data/processed/fed_texts/fed_speeches/2018-04-03_b8d6388afd08.txt,False
04/06/2018,Speech,speech,"At The Economic Club of Chicago, Chicago, Illinois",,The Outlook for the U.S. Economy,https://www.federalreserve.gov/newsevents/speech/powell20180406a.htm,data/processed/fed_texts/fed_speeches/2018-04-06_6bbba9a68105.txt,False
04/17/2018,Speech,speech,"At the Federal Reserve Bank of Richmond Baltimore Community Development Gathering, Baltimore, Maryland",Governor Lael Brainard,Community Development in Baltimore and A Few Observations on Community Reinvestment Act Modernization,https://www.federalreserve.gov/newsevents/speech/brainard20180417a.htm,data/processed/fed_texts/fed_speeches/2018-04-17_192f8cdf7b51.txt,False
04/19/2018,Speech,speech,"At the Global Finance Forum, Washington, D.C.",Governor Lael Brainard,Safeguarding Financial Resilience through the Cycle,https://www.federalreserve.gov/newsevents/speech/brainard20180419a.htm,data/processed/fed_texts/fed_speeches/2018-04-19_d69588b9ccdb.txt,False
05/04/2018,Speech,speech,"At ""Currencies, Capital, and Central Bank Balances: A Policy Conference,"" a Hoover Institution Monetary Policy Conference, Stanford University, Stanford, California",,Liquidity Regulation and the Size of the Fed's Balance Sheet,https://www.federalreserve.gov/newsevents/speech/quarles20180504a.htm,data/processed/fed_texts/fed_speeches/2018-05-04_20747c9d6013.txt,False
05/08/2018,Speech,speech,"At ""Challenges for Monetary Policy and the GFSN in an Evolving Global Economy"" Eighth High-Level Conference on the International Monetary System sponsored by the International Monetary Fund and Swiss National Bank, Zurich, Switzerland",,Monetary Policy Influences on Global Financial Conditions and International Capital Flows,https://www.federalreserve.gov/newsevents/speech/powell20180508a.htm,data/processed/fed_texts/fed_speeches/2018-05-08_1f458e1c5a46.txt,False
05/15/2018,Speech,speech,"At the Decoding Digital Currency ConferenceSponsored by the Federal Reserve Bank of San Francisco, San Francisco, California",Governor Lael Brainard,"Cryptocurrencies, Digital Currencies, and Distributed Ledger Technologies: What Are We Learning?",https://www.federalreserve.gov/newsevents/speech/brainard20180515a.htm,data/processed/fed_texts/fed_speeches/2018-05-15_7967364afc76.txt,False
05/16/2018,Speech,speech,"At ""Ring-Fencing the Global Banking System: The Shift towards Financial Regulatory Protectionism"" Symposium sponsored by Harvard Law School Program on International Financial Systems, Harvard Law School, Cambridge, Massachusetts",,Trust Everyone--But Brand Your Cattle: Finding the Right Balance in Cross-Border Resolution,https://www.federalreserve.gov/newsevents/speech/quarles20180516a.htm,data/processed/fed_texts/fed_speeches/2018-05-16_967db1a4f966.txt,False
05/18/2018,Speech,speech,"At the Association of Neighborhood and Housing Development Eighth Annual Community Development Conference Build.Community.Power, New York, New York",Governor Lael Brainard,Keeping Community at the Heart of the Community Reinvestment Act,https://www.federalreserve.gov/newsevents/speech/brainard20180518a.htm,data/processed/fed_texts/fed_speeches/2018-05-18_08f7c3dfc688.txt,False
05/25/2018,Speech,speech,"At ""350 years of Central Banking: The Past, the Present and the Future,"" A Sveriges Riksbank anniversary conference sponsored by the Riksbank and the Riksdag, Stockholm, Sweden",,Financial Stability and Central Bank Transparency,https://www.federalreserve.gov/newsevents/speech/powell20180525a.htm,data/processed/fed_texts/fed_speeches/2018-05-25_713b1d51c253.txt,False
05/31/2018,Speech,speech,"At the Forecasters Club of New York, New York, New York",Governor Lael Brainard,Sustaining Full Employment and Inflation around Target,https://www.federalreserve.gov/newsevents/speech/brainard20180531a.htm,data/processed/fed_texts/fed_speeches/2018-05-31_c788e6876c1f.txt,False
06/20/2018,Speech,speech,"At ""Price and Wage-Setting in Advanced Economies,"" an ECB Forum on Central Banking, Sintra, Portugal",,Monetary Policy at a Time of Uncertainty and Tight Labor Markets,https://www.federalreserve.gov/newsevents/speech/powell20180620a.htm,data/processed/fed_texts/fed_speeches/2018-06-20_d4a16832d606.txt,False
06/27/2018,Speech,speech,"At the Utah Bankers Association 110th Annual Convention, Sun Valley Inn, Sun Valley, Idaho",,America's Vital Interest in Global Efforts to Promote Financial Stability,https://www.federalreserve.gov/newsevents/speech/quarles20180627a.htm,data/processed/fed_texts/fed_speeches/2018-06-27_bec31b37c3c3.txt,False
07/18/2018,Speech,speech,"At American Bankers Association Summer Leadership Meeting, Salt Lake City, Utah",,Getting It Right: Factors for Tailoring Supervision and Regulation of Large Financial Institutions,https://www.federalreserve.gov/newsevents/speech/quarles20180718a.htm,data/processed/fed_texts/fed_speeches/2018-07-18_01f74ba03ad3.txt,False
07/19/2018,Remarks,speech,"At the Alternative Reference Rates Committee Roundtable, The Federal Reserve Bank of New York, New York, New York (via prerecorded video)","At the Alternative Reference Rates Committee Roundtable, The Federal Reserve Bank of New York, New York, New York (via prerecorded video)",Introductory Remarks,https://www.federalreserve.gov/newsevents/speech/quarles20180719a.htm,data/processed/fed_texts/fed_speeches/2018-07-19_0bab48ea6fa7.txt,False
08/24/2018,Speech,speech,"At ""Changing Market Structure and Implications for Monetary Policy,"" a symposium sponsored by the Federal Reserve Bank of Kansas City, Jackson Hole, Wyoming",,Monetary Policy in a Changing Economy,https://www.federalreserve.gov/newsevents/speech/powell20180824a.htm,data/processed/fed_texts/fed_speeches/2018-08-24_b8599444e6af.txt,False
09/12/2018,Speech,speech,"At the Detroit Economic Club, Detroit, Michigan",Governor Lael Brainard,What Do We Mean by Neutral and What Role Does It Play in Monetary Policy?,https://www.federalreserve.gov/newsevents/speech/brainard20180912a.htm,data/processed/fed_texts/fed_speeches/2018-09-12_92f1f00d6df0.txt,False
09/27/2018,Brief Remarks,speech,"At Rhode Island Business Leaders Day, Washington, D.C.",,Brief Remarks on the U.S. Economy,https://www.federalreserve.gov/newsevents/speech/powell20180927a.htm,data/processed/fed_texts/fed_speeches/2018-09-27_a0d4a6e58c5c.txt,False
10/02/2018,Speech,speech,"At the ""Revolution or Evolution? Reexamining Economic Paradigms"" 60th Annual Meeting of the National Association for Business Economics, Boston, Massachusetts",,Monetary Policy and Risk Management at a Time of Low Inflation and Low Unemployment,https://www.federalreserve.gov/newsevents/speech/powell20181002a.htm,data/processed/fed_texts/fed_speeches/2018-10-02_05b2fb9800e9.txt,False
10/03/2018,Speech,speech,"At the Fed Payments Improvement Community Forum, Sponsored by the Federal Reserve Bank of Chicago, Chicago, Illinois",Governor Lael Brainard,Supporting Fast Payments for All,https://www.federalreserve.gov/newsevents/speech/brainard20181003a.htm,data/processed/fed_texts/fed_speeches/2018-10-03_13bbee43367c.txt,False
10/04/2018,Speech,speech,"At ""Community Banking in the 21st Century"" Sixth Annual Community Banking Research and Policy Conference, sponsored by the Federal Reserve System, the Conference of State Bank Supervisors, and the Federal Deposit Insurance Corporation, St. Louis, Missouri",,Trends in Urban and Rural Community Banks,https://www.federalreserve.gov/newsevents/speech/quarles20181004a.htm,data/processed/fed_texts/fed_speeches/2018-10-04_d7eea358ec20.txt,False
10/15/2018,Speech,speech,"At the Federal Reserve Bank of Kansas City, Denver Branch, Denver, Colorado",Governor Lael Brainard,Community Investment in Denver,https://www.federalreserve.gov/newsevents/speech/brainard20181015a.htm,data/processed/fed_texts/fed_speeches/2018-10-15_2e5f140b8a37.txt,False
10/17/2018,Speech,speech,"At the FinTech, Financial Inclusion -- and the Potential to Transform Financial Services Hosted by the Federal Reserve Bank of Boston and the Aspen Institute Financial Security Program, Boston, Massachusetts",Governor Lael Brainard,FinTech and the Search for Full Stack Financial Inclusion,https://www.federalreserve.gov/newsevents/speech/brainard20181017a.htm,data/processed/fed_texts/fed_speeches/2018-10-17_640c9c7d31d0.txt,False
10/18/2018,Speech,speech,"At the Economic Club of New York Luncheon, New York, New York",,Don’t Chase the Needles: An Optimistic Assessment of the Economic Outlook and Monetary Policy,https://www.federalreserve.gov/newsevents/speech/quarles20181018a.htm,data/processed/fed_texts/fed_speeches/2018-10-18_7f19688aa8c8.txt,False
10/25/2018,Speech,speech,"At Peterson Institute for International Economics, Washington, D.C.",,Outlook for the U.S. Economy and Monetary Policy,https://www.federalreserve.gov/newsevents/speech/clarida20181025a.htm,data/processed/fed_texts/fed_speeches/2018-10-25_41d47f692564.txt,False
11/09/2018,Speech,speech,"At the Brookings Institution, Washington, D.C.",,A New Chapter in Stress Testing,https://www.federalreserve.gov/newsevents/speech/quarles20181109a.htm,data/processed/fed_texts/fed_speeches/2018-11-09_c5d2f94cb1b6.txt,False
11/13/2018,Speech,speech,"At Fintech and the New Financial Landscape, Philadelphia, Pennsylvania",Governor Lael Brainard,What Are We Learning about Artificial Intelligence in Financial Services?,https://www.federalreserve.gov/newsevents/speech/brainard20181113a.htm,data/processed/fed_texts/fed_speeches/2018-11-13_f990211cf395.txt,False
11/16/2018,Speech,speech,"At ""An International Perspective on the Future of Bank Stress Testing"" Symposium sponsored by Harvard Law School Program on International Financial Systems, Cambridge, Massachusetts",,Beginning Stress Testing’s New Chapter,https://www.federalreserve.gov/newsevents/speech/quarles20181116a.htm,data/processed/fed_texts/fed_speeches/2018-11-16_b09a816d305b.txt,False
11/27/2018,Speech,speech,"At The Clearing House and The Bank Policy Institute Annual Conference, New York, New York","At The Clearing House and The Bank Policy Institute Annual Conference, New York, New York",Data Dependence and U.S. Monetary Policy,https://www.federalreserve.gov/newsevents/speech/clarida20181127a.htm,data/processed/fed_texts/fed_speeches/2018-11-27_644fef1fe592.txt,False
11/28/2018,Speech,speech,"At The Economic Club of New York, New York, New York",,The Federal Reserve's Framework for Monitoring Financial Stability,https://www.federalreserve.gov/newsevents/speech/powell20181128a.htm,data/processed/fed_texts/fed_speeches/2018-11-28_2744b047e7e1.txt,False
12/03/2018,Speech,speech,"At ""The Evolving Structure of the U.S. Treasury Market"" Fourth Annual Conference Hosted by the Federal Reserve Bank of New York, New York, New York",Governor Lael Brainard,The Structure of the Treasury Market: What Are We Learning?,https://www.federalreserve.gov/newsevents/speech/brainard20181203a.htm,data/processed/fed_texts/fed_speeches/2018-12-03_85a456ace510.txt,False
12/03/2018,Speech,speech,"At the Inaugural Janet L. Yellen Award for Excellence in Community Development, Washington, D.C.",Governor Lael Brainard,Celebrating Excellence in Community Development,https://www.federalreserve.gov/newsevents/speech/brainard20181203b.htm,data/processed/fed_texts/fed_speeches/2018-12-03_b93ec5f589ba.txt,False
12/03/2018,Speech,speech,"At the Inaugural Janet L. Yellen Award for Excellence in Community Development, Washington, D.C.",,Celebrating Excellence in Community Development,https://www.federalreserve.gov/newsevents/speech/powell20181203a.htm,data/processed/fed_texts/fed_speeches/2018-12-03_7388abe59ba1.txt,False
12/05/2018,Speech,speech,"At the Stanford Institute for Economic Policy Research, Stanford University, Stanford, California",,Banks as Vital Infrastructure for Rural Communities of the West,https://www.federalreserve.gov/newsevents/speech/quarles20181205a.htm,data/processed/fed_texts/fed_speeches/2018-12-05_ce75eca30fab.txt,False
12/06/2018,Welcoming Remarks,speech,"At the Housing Assistance Council's 2018 Rural Housing Conference, Washington, D.C.",,Welcoming Remarks,https://www.federalreserve.gov/newsevents/speech/powell20181206a.htm,data/processed/fed_texts/fed_speeches/2018-12-06_c002fb7a8505.txt,False
12/07/2018,Speech,speech,"At the Peterson Institute for International Economics, Washington, D.C.",Governor Lael Brainard,Assessing Financial Stability over the Cycle,https://www.federalreserve.gov/newsevents/speech/brainard20181207a.htm,data/processed/fed_texts/fed_speeches/2018-12-07_8f641348db59.txt,False
01/09/2019,Speech,speech,"At the American Council of Life Insurers Executive Roundtable, Naples, Florida",,Insurance Supervision and International Engagement,https://www.federalreserve.gov/newsevents/speech/quarles20190109a.htm,data/processed/fed_texts/fed_speeches/2019-01-09_9dc6acd442cb.txt,False
01/10/2019,Speech,speech,"At the Money Marketeers of New York University, New York, New York",,Monetary Policy Outlook for 2019,https://www.federalreserve.gov/newsevents/speech/clarida20190110a.htm,data/processed/fed_texts/fed_speeches/2019-01-10_bf029407ec95.txt,False
02/01/2019,Speech,speech,"At ""Research Symposium on the Community Reinvestment Act"" hosted by the Federal Reserve Bank of Philadelphia, Philadelphia, Pennsylvania",Governor Lael Brainard,Strengthening the Community Reinvestment Act: What Are We Learning?,https://www.federalreserve.gov/newsevents/speech/brainard20190201a.htm,data/processed/fed_texts/fed_speeches/2019-02-01_5bd3b800a8d4.txt,False
02/06/2019,Welcoming Remarks,speech,"At Conversation with the Chairman: A Teacher Town Hall Meeting, Washington, D.C.",,Welcoming Remarks,https://www.federalreserve.gov/newsevents/speech/powell20190206a.htm,data/processed/fed_texts/fed_speeches/2019-02-06_aeb7557b0556.txt,False
02/06/2019,Speech,speech,,,Inviting Participation: The Public's Role in Stress Testing's Next Chapter,https://www.federalreserve.gov/newsevents/speech/quarles20190206a.htm,data/processed/fed_texts/fed_speeches/2019-02-06_a0e533a18ea6.txt,False
02/10/2019,Speech,speech,"At Bank for International Settlements Special Governors Meeting, Hong Kong",Vice Chairman for Supervision and Chair of the Financial Stability Board Randal K. Quarles,Ideas of Order: Charting a Course for the Financial Stability Board,https://www.federalreserve.gov/newsevents/speech/quarles20190210a.htm,data/processed/fed_texts/fed_speeches/2019-02-10_f02df5c8b755.txt,False
02/11/2019,Speech,speech,"At the Conference for Community Bankers, sponsored by the American Bankers Association, San Diego, California",Governor Michelle W. Bowman,A Conversation on Community Banking,https://www.federalreserve.gov/newsevents/speech/bowman20190211a.htm,data/processed/fed_texts/fed_speeches/2019-02-11_bdbf7e2ab941.txt,False
02/12/2019,Speech,speech,"At “Rural Places, Rural Spaces: Closing Financial Services Gaps in Persistent Poverty America,” a policy forum sponsored by Hope Enterprise Corporation, Mississippi Valley State University, Itta Bena, Mississippi",,Encouraging Economic Development in High-Poverty Rural Communities,https://www.federalreserve.gov/newsevents/speech/powell20190212a.htm,data/processed/fed_texts/fed_speeches/2019-02-12_5d257f627359.txt,False
02/22/2019,Speech,speech,"At the 2019 U.S. Monetary Policy Forum, sponsored by the Initiative on Global Markets at the University of Chicago Booth School of Business, New York, New York",Vice Chair Richard H. Clarida,"The Federal Reserve's Review of Its Monetary Policy Strategy, Tools, and Communication Practices",https://www.federalreserve.gov/newsevents/speech/clarida20190222a.htm,data/processed/fed_texts/fed_speeches/2019-02-22_e8cac9691955.txt,False
02/22/2019,Speech,speech,"At the 2019 U.S. Monetary Policy Forum, sponsored by the Initiative on Global Markets at the University of Chicago Booth School of Business, New York, New York",,The Future of the Federal Reserve's Balance Sheet,https://www.federalreserve.gov/newsevents/speech/quarles20190222a.htm,data/processed/fed_texts/fed_speeches/2019-02-22_d44fc1854bd9.txt,False
02/23/2019,Speech,speech,"At the Sadie T. M. Alexander Conference for Economics, Washington, D.C.",Governor Lael Brainard,Is Economics for Me? Increasing the Participation of Black Women in Economics,https://www.federalreserve.gov/newsevents/speech/brainard20190223a.htm,data/processed/fed_texts/fed_speeches/2019-02-23_a7a34359fc49.txt,False
02/28/2019,Speech,speech,"At ""Promoting Global Growth and Domestic Economic Security,"" 35th Annual NABE Economic Policy Conference, Washington, D.C.",Vice Chair Richard H. Clarida,U.S. Economic Outlook and Monetary Policy,https://www.federalreserve.gov/newsevents/speech/clarida20190228a.htm,data/processed/fed_texts/fed_speeches/2019-02-28_5c6f3e4d0f4b.txt,False
02/28/2019,Speech,speech,"At the Citizens Budget Commission 87th Annual Awards Dinner, New York, New York",Chair Jerome H. Powell,Recent Economic Developments and Longer-Term Challenges,https://www.federalreserve.gov/newsevents/speech/powell20190228b.htm,data/processed/fed_texts/fed_speeches/2019-02-28_998c2a64147a.txt,False
03/07/2019,Speech,speech,"At the Julis-Rabinowitz Center for Public Policy and Finance and the Bendheim Center for Finance, Woodrow Wilson School of Public and International Affairs, Princeton University, Princeton, New Jersey",Governor Lael Brainard,Navigating Cautiously,https://www.federalreserve.gov/newsevents/speech/brainard20190307a.htm,data/processed/fed_texts/fed_speeches/2019-03-07_9748fddea503.txt,False
03/08/2019,Speech,speech,"At the 2019 SIEPR Economic Summit, Stanford Institute of Economic Policy Research, Stanford, California",Chair Jerome H. Powell,Monetary Policy: Normalization and the Road Ahead,https://www.federalreserve.gov/newsevents/speech/powell20190308a.htm,data/processed/fed_texts/fed_speeches/2019-03-08_9a4736247787.txt,False
03/11/2019,Brief Remarks,speech,"At the ""Just Economy Conference"" sponsored by the National Community Reinvestment Coalition, Washington, D.C. (via prerecorded video)",Chair Jerome H. Powell,Brief Remarks,https://www.federalreserve.gov/newsevents/speech/powell20190311a.htm,data/processed/fed_texts/fed_speeches/2019-03-11_552b541eb117.txt,False
03/12/2019,Speech,speech,"At the 2019 Just Economy Conference, National Community Reinvestment Coalition, Washington, D.C.",Governor Lael Brainard,The Community Reinvestment Act: How Can We Preserve What Works and Make it Better?,https://www.federalreserve.gov/newsevents/speech/brainard20190312a.htm,data/processed/fed_texts/fed_speeches/2019-03-12_360db1e56284.txt,False
03/25/2019,Welcoming Remarks,speech,"At the National Agricultural Credit Conference, Washington, D.C.",Governor Michelle W. Bowman,Welcoming Remarks,https://www.federalreserve.gov/newsevents/speech/bowman20190325a.htm,data/processed/fed_texts/fed_speeches/2019-03-25_193cb908799f.txt,False
03/28/2019,Speech,speech,"At the Ag Lenders Conference, sponsored by The Independent Community Bankers Association of New Mexico, Deming, New Mexico",Governor Michelle W. Bowman,Agriculture and Community Banking,https://www.federalreserve.gov/newsevents/speech/bowman20190328a.htm,data/processed/fed_texts/fed_speeches/2019-03-28_04cd3ddc4bc0.txt,False
03/28/2019,Speech,speech,"At the ""The Euro Area: Staying the Course through Uncertainties"" BDF Symposium and 34th SUERF Colloquium sponsored by Banque de France and the European Money and Finance Forum, Paris, France",Vice Chair Richard H. Clarida,Global Shocks and the U.S. Economy,https://www.federalreserve.gov/newsevents/speech/clarida20190328a.htm,data/processed/fed_texts/fed_speeches/2019-03-28_5bd19e8bc299.txt,False
03/28/2019,Speech,speech,"At the Joint Conference of the European Central Bank and the Journal of Money, Credit, and Banking, Frankfurt, Germany",Vice Chair for Supervision and Chair of the Financial Stability Board Randal K. Quarles,The Financial Stability Board in 2019,https://www.federalreserve.gov/newsevents/speech/quarles20190328a.htm,data/processed/fed_texts/fed_speeches/2019-03-28_d73b78e551c7.txt,False
03/29/2019,Speech,speech,"At ""Strategic Approaches to the Fed's Balance Sheet and Communications"" Spring 2019 Meeting of the Manhattan Institute's Shadow Open Market Committee, New York, New York",Vice Chair for Supervision Randal K. Quarles,Frameworks for the Countercyclical Capital Buffer,https://www.federalreserve.gov/newsevents/speech/quarles20190329a.htm,data/processed/fed_texts/fed_speeches/2019-03-29_ad45d8069237.txt,False
04/02/2019,Speech,speech,"At the Conference of State Bank Supervisors, Washington, D.C.",Governor Michelle W. Bowman,Fostering Closer Supervisory Communication,https://www.federalreserve.gov/newsevents/speech/bowman20190402a.htm,data/processed/fed_texts/fed_speeches/2019-04-02_61120ce31658.txt,False
04/02/2019,Speech,speech,"At the 2019 European Bank Executive Committee Forum ""The Future of Banking: The Human Factor,"" Brussels, Belgium",Vice Chair for Supervision and Chair of the Financial Stability Board Randal K. Quarles,The Financial Stability Board: Beyond the Fog of Battle,https://www.federalreserve.gov/newsevents/speech/quarles20190402a.htm,data/processed/fed_texts/fed_speeches/2019-04-02_59b3ab9da703.txt,False
04/09/2019,Speech,speech,"At the ""Fed Listens: Distributional Consequences of the Cycle and Monetary Policy"" Conference hosted by the Opportunity and Inclusive Growth Institute, Federal Reserve Bank of Minneapolis, Minneapolis, Minnesota",Vice Chair Richard H. Clarida,"The Federal Reserve's Review of Its Monetary Policy Strategy, Tools, and Communication Practices",https://www.federalreserve.gov/newsevents/speech/clarida20190409a.htm,data/processed/fed_texts/fed_speeches/2019-04-09_3053182f9fb1.txt,False
04/10/2019,Speech,speech,"At the Financial Stability Board Roundtable on Reforming Major Interest Rate Benchmarks, Washington, D.C.",Vice Chair for Supervision and Chair of the Financial Stability Board Randal K. Quarles,Progress on the Transition to Risk-Free Rates,https://www.federalreserve.gov/newsevents/speech/quarles20190410a.htm,data/processed/fed_texts/fed_speeches/2019-04-10_6784febef199.txt,False
04/11/2019,Speech,speech,"At the ""Fed Family"" Luncheon at the Federal Reserve Bank of San Francisco, San Francisco, California",Governor Michelle W. Bowman,Community Banking in the Age of Innovation,https://www.federalreserve.gov/newsevents/speech/bowman20190411a.htm,data/processed/fed_texts/fed_speeches/2019-04-11_14e3f017aac4.txt,False
04/11/2019,Speech,speech,"At the Washington Policy Summit sponsored by Institute of International Finance, Washington, D.C.",Vice Chair Richard H. Clarida,U.S. Economic Outlook and Monetary Policy,https://www.federalreserve.gov/newsevents/speech/clarida20190411a.htm,data/processed/fed_texts/fed_speeches/2019-04-11_90ec56f53da1.txt,False
05/03/2019,Speech,speech,"At the Hoover Institution Monetary Policy Conference ""Strategies for Monetary Policy,"" Stanford University, Stanford, California",Vice Chair Richard H. Clarida,"Models, Markets, and Monetary Policy",https://www.federalreserve.gov/newsevents/speech/clarida20190503a.htm,data/processed/fed_texts/fed_speeches/2019-05-03_dda6424620ff.txt,False
05/08/2019,Speech,speech,"At the Federal Reserve Bank of Richmond, Richmond Community Listening Session, Richmond, Virginia",Governor Lael Brainard,"""Fed Listens"" in Richmond: How Does Monetary Policy Affect Your Community?",https://www.federalreserve.gov/newsevents/speech/brainard20190508a.htm,data/processed/fed_texts/fed_speeches/2019-05-08_4fb66876b791.txt,False
05/09/2019,Welcoming Remarks,speech,"At the 2019 Federal Reserve System Community Development Research Conference: ""Renewing the Promise of the Middle Class,"" Washington, D.C.",Chair Jerome H. Powell,Welcoming Remarks,https://www.federalreserve.gov/newsevents/speech/powell20190509a.htm,data/processed/fed_texts/fed_speeches/2019-05-09_1c38f99060d2.txt,False
05/10/2019,Speech,speech,"At ""Renewing the Promise of the Middle Class"" 2019 Federal Reserve System Community Development Research Conference, Washington, D.C.",Governor Lael Brainard,Is the Middle Class within Reach for Middle-Income Families?,https://www.federalreserve.gov/newsevents/speech/brainard20190510a.htm,data/processed/fed_texts/fed_speeches/2019-05-10_0e47510def0e.txt,False
05/13/2019,Speech,speech,"At ""New England Perspectives on Fed Policymaking: A 'Fed Listens' Conference"" hosted by the Federal Reserve Bank of Boston, Boston, Massachusetts",Vice Chair Richard H. Clarida,"The Federal Reserve’s Review of Its Monetary Policy Strategy, Tools, and Communication Practices",https://www.federalreserve.gov/newsevents/speech/clarida20190513a.htm,data/processed/fed_texts/fed_speeches/2019-05-13_4e2cf788c111.txt,False
05/16/2019,Speech,speech,"At ""Certain Uncertainty: Tax Policy in Unsettled Times"" National Tax Association 49th Annual Spring Symposium, Washington, D.C.",Governor Lael Brainard,The Disconnect between Inflation and Employment in the New Normal,https://www.federalreserve.gov/newsevents/speech/brainard20190516a.htm,data/processed/fed_texts/fed_speeches/2019-05-16_dc0588a90268.txt,False
05/17/2019,Speech,speech,"At ""Fed Listens: Education, Employment, and Monetary Policy in the Third District"" hosted by the Federal Reserve Bank of Philadelphia, Philadelphia, Pennsylvania",Vice Chair Richard H. Clarida,"The Federal Reserve’s Review of Its Monetary Policy Strategy, Tools, and Communication Practices",https://www.federalreserve.gov/newsevents/speech/clarida20190517a.htm,data/processed/fed_texts/fed_speeches/2019-05-17_d60a6696b201.txt,False
05/20/2019,Speech,speech,"At ""Fed Listens: A Capstone Roundtable"" hosted by the Federal Reserve Bank of New York, New York, New York",Vice Chair Richard H. Clarida,"The Federal Reserve's Review of Its Monetary Policy Strategy, Tools, and Communication Practices",https://www.federalreserve.gov/newsevents/speech/clarida20190520a.htm,data/processed/fed_texts/fed_speeches/2019-05-20_9815b3ead1db.txt,False
05/20/2019,Speech,speech,"At ""Mapping the Financial Frontier: What Does the Next Decade Hold?” 24th Annual Financial Markets Conference, sponsored by the Federal Reserve Bank of Atlanta, Amelia Island, Florida",Chair Jerome H. Powell,Business Debt and Our Dynamic Financial System,https://www.federalreserve.gov/newsevents/speech/powell20190520a.htm,data/processed/fed_texts/fed_speeches/2019-05-20_1f2137ae700f.txt,False
05/30/2019,Speech,speech,"At the Economic Club of New York, New York, New York",Vice Chair Richard H. Clarida,Sustaining Maximum Employment and Price Stability,https://www.federalreserve.gov/newsevents/speech/clarida20190530a.htm,data/processed/fed_texts/fed_speeches/2019-05-30_23989a89be40.txt,False
05/30/2019,Speech,speech,"At ""Developments in Empirical Macroeconomics,"" a research conference sponsored by the Federal Reserve Board and the Federal Reserve Bank of New York, Washington, D.C.",Vice Chair for Supervision Randal K. Quarles,Monetary Policy and Financial Stability,https://www.federalreserve.gov/newsevents/speech/quarles20190530a.htm,data/processed/fed_texts/fed_speeches/2019-05-30_5bcb24499e87.txt,False
06/03/2019,Speech,speech,"At the Alternative Reference Rates Committee Roundtable, cohosted by the Alternative Reference Rates Committee and the New York University Stern School of Business and Its Salomon Center for the Study of Financial Institutions, New York, New York",Vice Chair for Supervision Randal K. Quarles,The Next Stage in the LIBOR Transition (via prerecorded video),https://www.federalreserve.gov/newsevents/speech/quarles20190603a.htm,data/processed/fed_texts/fed_speeches/2019-06-03_71c4731e8f43.txt,False
06/04/2019,Opening Remarks,speech,"At the ""Conference on Monetary Policy Strategy, Tools, and Communications Practices"" sponsored by the Federal Reserve, Federal Reserve Bank of Chicago, Chicago, Illinois",Chair Jerome H. Powell,Opening Remarks,https://www.federalreserve.gov/newsevents/speech/powell20190604a.htm,data/processed/fed_texts/fed_speeches/2019-06-04_85dda23562fa.txt,False
06/05/2019,Speech,speech,"At the Conference on Monetary Policy Strategy, Tools, and Communication Practices (A Fed Listens Event), Federal Reserve Bank of Chicago, Chicago, Illinois",Vice Chair Richard H. Clarida,"The Federal Reserve's Review of Its Monetary Policy Strategy, Tools, and Communication Practices",https://www.federalreserve.gov/newsevents/speech/clarida20190605a.htm,data/processed/fed_texts/fed_speeches/2019-06-05_8f6cd8b09670.txt,False
06/21/2019,Speech,speech,"At Policy Summit 2019: Connecting People and Places to Opportunity, Federal Reserve Bank of Cleveland, Cincinnati, Ohio",Governor Lael Brainard,Fed Listens in Cincinnati: How Does Monetary Policy Affect Your Community?,https://www.federalreserve.gov/newsevents/speech/brainard20190621a.htm,data/processed/fed_texts/fed_speeches/2019-06-21_50b6fa0422cf.txt,False
06/25/2019,Speech,speech,"At the 2019 Interagency Minority Depository Institution and CDFI Bank Conference, Arlington, Virginia",Governor Michelle W. Bowman,Minority Depository Institutions,https://www.federalreserve.gov/newsevents/speech/bowman20190625a.htm,data/processed/fed_texts/fed_speeches/2019-06-25_2e02fe06835b.txt,False
06/25/2019,Speech,speech,"At the Council on Foreign Relations, New York, New York",Chair Jerome H. Powell,Economic Outlook and Monetary Policy Review,https://www.federalreserve.gov/newsevents/speech/powell20190625a.htm,data/processed/fed_texts/fed_speeches/2019-06-25_264855576e39.txt,False
07/01/2019,Speech,speech,"At ""The Bank of Finland Conference on Monetary Policy and Future of EMU [Economic and Monetary Union],"" Helsinki, Finland",Vice Chair Richard H. Clarida,"The Federal Reserve's Review of Its Monetary Policy Strategy, Tools, and Communication Practices",https://www.federalreserve.gov/newsevents/speech/clarida20190701a.htm,data/processed/fed_texts/fed_speeches/2019-07-01_1be0ef1988c6.txt,False
07/09/2019,Welcoming Remarks,speech,"At ""Stress Testing: A Discussion and Review,"" a research conference at the Federal Reserve Bank of Boston, Boston, Massachusetts",Chair Jerome H. Powell,Welcoming Remarks (via prerecorded video),https://www.federalreserve.gov/newsevents/speech/powell20190709a.htm,data/processed/fed_texts/fed_speeches/2019-07-09_68da7fe3c78b.txt,False
07/09/2019,Speech,speech,"At ""Stress Testing: A Discussion and Review,"" a research conference sponsored by the Federal Reserve Bank of Boston, Boston, Massachusetts",Vice Chair for Supervision Randal K. Quarles,Stress Testing: A Decade of Continuity and Change,https://www.federalreserve.gov/newsevents/speech/quarles20190709a.htm,data/processed/fed_texts/fed_speeches/2019-07-09_036db7def2e6.txt,False
07/11/2019,Speech,speech,"At the Community Bankers Roundtable, Scranton, Pennsylvania",Governor Lael Brainard,Perspectives on the Economy from Scranton,https://www.federalreserve.gov/newsevents/speech/brainard20190711a.htm,data/processed/fed_texts/fed_speeches/2019-07-11_b1641249a384.txt,False
07/16/2019,Speech,speech,"At ""Bretton Woods: 75 Years Later—Thinking about the Next 75,"" a conference organized by the Banque de France and the French Ministry for the Economy and Finance, Paris, France",Chair Jerome H. Powell,Monetary Policy in the Post-Crisis Era,https://www.federalreserve.gov/newsevents/speech/powell20190716a.htm,data/processed/fed_texts/fed_speeches/2019-07-16_35c24b23ca14.txt,False
08/05/2019,Speech,speech,"At the Federal Reserve Bank of Kansas City Town Hall, Kansas City, Missouri",Governor Lael Brainard,Delivering Fast Payments for All,https://www.federalreserve.gov/newsevents/speech/brainard20190805a.htm,data/processed/fed_texts/fed_speeches/2019-08-05_3116b0527e8e.txt,False
08/20/2019,Speech,speech,"At Utah Center for Neighborhood Stabilization 10-Year Celebration, Salt Lake City, Utah",Vice Chair for Supervision Randal K. Quarles,A Decade of Building Stronger Communities,https://www.federalreserve.gov/newsevents/speech/quarles20190820a.htm,data/processed/fed_texts/fed_speeches/2019-08-20_25d6a6288473.txt,False
08/23/2019,Speech,speech,"At the ""Challenges for Monetary Policy"" symposium, sponsored by the Federal Reserve Bank of Kansas City, Jackson Hole, Wyoming",Chair Jerome H. Powell,Challenges for Monetary Policy,https://www.federalreserve.gov/newsevents/speech/powell20190823a.htm,data/processed/fed_texts/fed_speeches/2019-08-23_83f55cd9b74a.txt,False
09/04/2019,Remarks,speech,"At a Fed Listens Event sponsored by the Federal Reserve Bank of St. Louis, St. Louis, Missouri",Governor Michelle W. Bowman,Introductory Remarks,https://www.federalreserve.gov/newsevents/speech/bowman20190904a.htm,data/processed/fed_texts/fed_speeches/2019-09-04_b905a365de76.txt,False
09/05/2019,Speech,speech,"At Program on International Financial Systems Conference, Frankfurt, Germany",Vice Chair for Supervision Randal K. Quarles,Refining the Stress Capital Buffer,https://www.federalreserve.gov/newsevents/speech/quarles20190905a.htm,data/processed/fed_texts/fed_speeches/2019-09-05_2bb1b2f7fb13.txt,False
09/26/2019,Speech,speech,"At “A Hot Economy: Sustainability and Trade-Offs,” a Fed Listens event sponsored by the Federal Reserve Bank of San Francisco, San Francisco, California",Vice Chair Richard H. Clarida,"The Federal Reserve’s Review of Its Monetary Policy Strategy, Tools, and Communication Practices",https://www.federalreserve.gov/newsevents/speech/clarida20190926a.htm,data/processed/fed_texts/fed_speeches/2019-09-26_2f2a2ea4f713.txt,False
09/26/2019,Speech,speech,"At the Financial Stability Board Workshop on Pre-Positioning, Ring-Fencing, and Market Fragmentation, Philadelphia, Pennsylvania",Vice Chair for Supervision and Chair of the Financial Stability Board Randal K. Quarles,Government of Union: Achieving Certainty in Cross-Border Finance,https://www.federalreserve.gov/newsevents/speech/quarles20190926a.htm,data/processed/fed_texts/fed_speeches/2019-09-26_dba8f5a60498.txt,False
09/27/2019,Speech,speech,"At the “Law and Macroeconomics,” a conference at Georgetown University Law Center, Washington, D.C.",Vice Chair for Supervision Randal K. Quarles,Law and Macroeconomics: The Global Evolution of Macroprudential Regulation,https://www.federalreserve.gov/newsevents/speech/quarles20190927a.htm,data/processed/fed_texts/fed_speeches/2019-09-27_715881ccbffd.txt,False
10/01/2019,Speech,speech,"At ""Community Banking in the 21st Century"" 2019 Community Banking Research and Policy Conference sponsored by the Federal Reserve System, the Conference of State Bank Supervisors, and the Federal Deposit Insurance Corporation, St. Louis, Missouri",Governor Michelle W. Bowman,Advancing Our Understanding of Community Banking,https://www.federalreserve.gov/newsevents/speech/bowman20191001a.htm,data/processed/fed_texts/fed_speeches/2019-10-01_7c5c98fef710.txt,False
10/01/2019,Remarks,speech,"At ""Nontraditional Data, Machine Learning, and Natural Language Processing in Macroeconomics,"" a research conference sponsored by the Federal Reserve Board, Washington, D.C.",Vice Chair Richard H. Clarida,Introductory Remarks,https://www.federalreserve.gov/newsevents/speech/clarida20191001a.htm,data/processed/fed_texts/fed_speeches/2019-10-01_7e679041cafa.txt,False
10/03/2019,Speech,speech,"At the European Banking Federation's European Banking Summit, Brussels, Belgium",Vice Chair for Supervision and Chair of the Financial Stability Board Randal K. Quarles,The Financial Stability Board at 10 Years—Looking Back and Looking Ahead,https://www.federalreserve.gov/newsevents/speech/quarles20191003a.htm,data/processed/fed_texts/fed_speeches/2019-10-03_e0c10f435698.txt,False
10/04/2019,Opening Remarks,speech,"At ""Perspectives on Maximum Employment and Price Stability"" a Fed Listens event sponsored by the Board of Governors of the Federal Reserve System, Washington, D.C.",Chair Jerome H. Powell,Opening Remarks,https://www.federalreserve.gov/newsevents/speech/powell20191004a.htm,data/processed/fed_texts/fed_speeches/2019-10-04_02598ec54a45.txt,False
10/07/2019,Brief Remarks,speech,"At the premiere of ""Marriner Eccles: Father of the Modern Federal Reserve,"" Salt Lake City, Utah",Chair Jerome H. Powell,Brief Remarks,https://www.federalreserve.gov/newsevents/speech/powell20191007a.htm,data/processed/fed_texts/fed_speeches/2019-10-07_2a4b9cfdabcc.txt,False
10/08/2019,Speech,speech,"At ""Trucks and Terabytes: Integrating the 'Old' and 'New' Economies"" 61st Annual Meeting of the National Association for Business Economics, Denver, Colorado",Chair Jerome H. Powell,Data-Dependent Monetary Policy in an Evolving Economy,https://www.federalreserve.gov/newsevents/speech/powell20191008a.htm,data/processed/fed_texts/fed_speeches/2019-10-08_abe46e726e47.txt,False
10/09/2019,Opening Remarks,speech,"At a “Community Listening Session,"" a Fed Listens event at the Federal Reserve Bank of Kansas City, Kansas City, Missouri",Chair Jerome H. Powell,Opening Remarks,https://www.federalreserve.gov/newsevents/speech/powell20191009a.htm,data/processed/fed_texts/fed_speeches/2019-10-09_d267291d0db8.txt,False
10/16/2019,Speech,speech,"At The Future of Money in the Digital Age, Sponsored by the Peterson Institute for International Economics and Princeton University’s Bendheim Center for Finance, Washington, D.C.",Governor Lael Brainard,"Digital Currencies, Stablecoins, and the Evolving Payments Landscape",https://www.federalreserve.gov/newsevents/speech/brainard20191016a.htm,data/processed/fed_texts/fed_speeches/2019-10-16_8d1fa24b4cc0.txt,False
10/17/2019,Opening Remarks,speech,"At ""Monetary Policy’s Impact on Workers and Their Communities,"" a Fed Listens event, sponsored by the Federal Reserve Bank of Chicago, Chicago, Illinois",Governor Michelle W. Bowman,Opening Remarks,https://www.federalreserve.gov/newsevents/speech/bowman20191017a.htm,data/processed/fed_texts/fed_speeches/2019-10-17_171e1cf48d92.txt,False
10/18/2019,Speech,speech,"At ""Late Cycle Investing: Opportunity and Risk"" Fixed-Income Management 2019, a conference sponsored by the CFA Institute and the CFA Society of Boston, Boston, Massachusetts",Vice Chair Richard H. Clarida,U.S. Economic Outlook and Monetary Policy,https://www.federalreserve.gov/newsevents/speech/clarida20191018a.htm,data/processed/fed_texts/fed_speeches/2019-10-18_02296abb5b2c.txt,False
10/21/2019,Remarks,speech,"At ""Gender and Career Progression"" European Central Bank, Frankfurt, Germany",Governor Michelle W. Bowman,Closing Remarks,https://www.federalreserve.gov/newsevents/speech/bowman20191021a.htm,data/processed/fed_texts/fed_speeches/2019-10-21_0dfcebe338b0.txt,False
11/01/2019,Speech,speech,"At the Japan Society, New York, New York",Vice Chair Richard H. Clarida,"The United States, Japan, and the Global Economy",https://www.federalreserve.gov/newsevents/speech/clarida20191101a.htm,data/processed/fed_texts/fed_speeches/2019-11-01_759ada45816a.txt,False
11/01/2019,Speech,speech,"At ""The Road to Serfdom at 75: The Future of Classical Liberalism and the Free Market"" Ninth Annual Conference of the William F. Buckley, Jr., Program at Yale, New Haven, Connecticut",Vice Chair for Supervision Randal K. Quarles,Friedrich Hayek and the Price System,https://www.federalreserve.gov/newsevents/speech/quarles20191101a.htm,data/processed/fed_texts/fed_speeches/2019-11-01_bbeef77362ba.txt,False
11/08/2019,Speech,speech,"At ""The Economics of Climate Change"" a research conference sponsored by the Federal Reserve Bank of San Francisco, San Francisco, California",Governor Lael Brainard,Why Climate Change Matters for Monetary Policy and Financial Stability,https://www.federalreserve.gov/newsevents/speech/brainard20191108a.htm,data/processed/fed_texts/fed_speeches/2019-11-08_1e1645a4920d.txt,False
11/12/2019,Speech,speech,"At the High-Level Conference on Global Risk, Uncertainty, And Volatility, co-sponsored by the Bank for International Settlements, the Board of Governors of the Federal Reserve System, and the Swiss National Bank, Zurich, Switzerland",Vice Chair Richard H. Clarida,"Monetary Policy, Price Stability, and Equilibrium Bond Yields: Success and Consequences",https://www.federalreserve.gov/newsevents/speech/clarida20191112a.htm,data/processed/fed_texts/fed_speeches/2019-11-12_b4fd1b7c8e42.txt,False
11/14/2019,Speech,speech,"At ""Fed Policy: A Shadow Review"" Cato Institute’s 37th Annual Monetary Conference, Washington, D.C.",Vice Chair Richard H. Clarida,"The Federal Reserve’s Review of Its Monetary Policy Strategy, Tools, and Communication Practices",https://www.federalreserve.gov/newsevents/speech/clarida20191114a.htm,data/processed/fed_texts/fed_speeches/2019-11-14_10cf743c8d27.txt,False
11/14/2019,Brief Remarks,speech,"At ""Supervision in a Digital Era,"" the 26th Annual Conference of the International Association of Insurance Supervisors, Abu Dhabi, the United Arab Emirates",Vice Chair for Supervision Randal K. Quarles,Brief Remarks (via pre-recorded video),https://www.federalreserve.gov/newsevents/speech/quarles20191114a.htm,data/processed/fed_texts/fed_speeches/2019-11-14_359673e7a551.txt,False
11/25/2019,Speech,speech,"At the Annual Meeting of the Greater Providence Chamber of Commerce, Providence, Rhode Island",Chair Jerome H. Powell,Building on the Gains from the Long Expansion,https://www.federalreserve.gov/newsevents/speech/powell20191125a.htm,data/processed/fed_texts/fed_speeches/2019-11-25_baaf5069ed8a.txt,False
11/26/2019,Speech,speech,"At the Presentation of the 2019 William F. Butler Award New York Association for Business Economics, New York, New York",Governor Lael Brainard,"Federal Reserve Review of Monetary Policy Strategy, Tools, and Communications: Some Preliminary Views",https://www.federalreserve.gov/newsevents/speech/brainard20191126a.htm,data/processed/fed_texts/fed_speeches/2019-11-26_7a000f1940fa.txt,False
12/18/2019,Speech,speech,,Governor Lael Brainard,"Update on Digital Currencies, Stablecoins, and the Challenges Ahead",https://www.federalreserve.gov/newsevents/speech/brainard20191218a.htm,data/processed/fed_texts/fed_speeches/2019-12-18_ac6bae2c8ae7.txt,False
01/08/2020,Speech,speech,"At the Urban Institute, Washington, D.C.",Governor Lael Brainard,Strengthening the Community Reinvestment Act by Staying True to Its Core Purpose,https://www.federalreserve.gov/newsevents/speech/brainard20200108a.htm,data/processed/fed_texts/fed_speeches/2020-01-08_e662eda472e7.txt,False
01/09/2020,Speech,speech,"At the C. Peter McColough Series on International Economics, Council on Foreign Relations, New York, New York",Vice Chair Richard H. Clarida,U.S. Economic Outlook and Monetary Policy,https://www.federalreserve.gov/newsevents/speech/clarida20200109a.htm,data/processed/fed_texts/fed_speeches/2020-01-09_c8fa7c08441d.txt,False
01/16/2020,Speech,speech,"At the 2020 Economic Forecast Breakfast, Home Builders Association of Greater Kansas City, Kansas City, Missouri",Governor Michelle W. Bowman,The Outlook for Housing,https://www.federalreserve.gov/newsevents/speech/bowman20200116a.htm,data/processed/fed_texts/fed_speeches/2020-01-16_679d849fc3f0.txt,False
01/17/2020,Speech,speech,"At the American Bar Association Banking Law Committee Meeting 2020, Washington, D.C.",Vice Chair for Supervision Randal K. Quarles,"Spontaneity and Order: Transparency, Accountability, and Fairness in Bank Supervision",https://www.federalreserve.gov/newsevents/speech/quarles20200117a.htm,data/processed/fed_texts/fed_speeches/2020-01-17_15aff6e6028d.txt,False
02/05/2020,Speech,speech,"At the Symposium on the Future of Payments, Stanford, California",Governor Lael Brainard,The Digitalization of Payments and Currency: Some Issues for Consideration,https://www.federalreserve.gov/newsevents/speech/brainard20200205a.htm,data/processed/fed_texts/fed_speeches/2020-02-05_7b5cb6fcaf59.txt,False
02/06/2020,Speech,speech,"At the Money Marketeers of New York University, New York, New York",Vice Chair for Supervision Randal K. Quarles,"The Economic Outlook, Monetary Policy, and the Demand for Reserves",https://www.federalreserve.gov/newsevents/speech/quarles20200206a.htm,data/processed/fed_texts/fed_speeches/2020-02-06_da16fb22dfb4.txt,False
02/10/2020,Speech,speech,"At the Conference for Community Bankers sponsored by The American Bankers Association, Orlando, Florida",Governor Michelle W. Bowman,Empowering Community Banks,https://www.federalreserve.gov/newsevents/speech/bowman20200210a.htm,data/processed/fed_texts/fed_speeches/2020-02-10_516302cc21c3.txt,False
02/11/2020,Speech,speech,"At the Yale Law School, New Haven, Connecticut",Vice Chair for Supervision Randal K. Quarles,"Spontaneity and Order: Transparency, Accountability, and Fairness in Bank Supervision",https://www.federalreserve.gov/newsevents/speech/quarles20200211a.htm,data/processed/fed_texts/fed_speeches/2020-02-11_d198aba90942.txt,False
02/21/2020,Speech,speech,"At the 2020 U.S. Monetary Policy Forum, sponsored by the Initiative on Global Markets at the University of Chicago Booth School of Business, New York, New York",Governor Lael Brainard,Monetary Policy Strategies and Tools When Inflation and Interest Rates Are Low,https://www.federalreserve.gov/newsevents/speech/brainard20200221a.htm,data/processed/fed_texts/fed_speeches/2020-02-21_c9e199032cfe.txt,False
02/21/2020,Speech,speech,"At the 2020 U.S. Monetary Policy Forum, sponsored by the Initiative on Global Markets at the University of Chicago Booth School of Business, New York, New York",Vice Chair Richard H. Clarida,Financial Markets and Monetary Policy: Is There a Hall of Mirrors Problem?,https://www.federalreserve.gov/newsevents/speech/clarida20200221a.htm,data/processed/fed_texts/fed_speeches/2020-02-21_28f170a45709.txt,False
02/25/2020,Speech,speech,"At the 36th Annual NABE Economic Policy Conference, Washington, D.C.",Vice Chair Richard H. Clarida,U.S. Economic Outlook and Monetary Policy,https://www.federalreserve.gov/newsevents/speech/clarida20200225a.htm,data/processed/fed_texts/fed_speeches/2020-02-25_c33d22e8abe8.txt,False
02/27/2020,Speech,speech,"At ""Age of Advancement: The Intricacies of a Digital World"" 2020 Banking Outlook Conference sponsored by the Federal Reserve Bank of Atlanta, Atlanta, Georgia",Governor Michelle W. Bowman,Direction of Supervision: Impact of Payment System Innovation on Community Banks,https://www.federalreserve.gov/newsevents/speech/bowman20200227a.htm,data/processed/fed_texts/fed_speeches/2020-02-27_df72c5459467.txt,False
04/09/2020,Speech,speech,"At the Hutchins Center on Fiscal and Monetary Policy, The Brookings Institution, Washington, D.C. (via webcast)",Chair Jerome H. Powell,COVID-19 and the Economy,https://www.federalreserve.gov/newsevents/speech/powell20200409a.htm,data/processed/fed_texts/fed_speeches/2020-04-09_e81640e87f5f.txt,False
05/05/2020,Welcoming Remarks,speech,"At the ""Investment Connection – Response to COVID-19: Colorado"" webinar series hosted by the Federal Reserve Bank of Kansas City, Kansas City, Missouri",Governor Lael Brainard,Welcoming Remarks for Investment Connection – Response to COVID-19: Colorado,https://www.federalreserve.gov/newsevents/speech/brainard20200505a.htm,data/processed/fed_texts/fed_speeches/2020-05-05_d4a158ff968f.txt,False
05/13/2020,Speech,speech,"At the Peterson Institute for International Economics, Washington, D.C. (via webcast)",Chair Jerome H. Powell,Current Economic Issues,https://www.federalreserve.gov/newsevents/speech/powell20200513a.htm,data/processed/fed_texts/fed_speeches/2020-05-13_602fac00f77a.txt,False
05/21/2020,Remarks,speech,"At “A Fed Listens Event: How Is COVID-19 Affecting Your Community?,” sponsored by the Board of Governors of the Federal Reserve System, Washington, D.C., (via webcast)",Governor Lael Brainard,Introductory remarks for the Fed Listens panel on the COVID-19 pandemic,https://www.federalreserve.gov/newsevents/speech/brainard20200521a.htm,data/processed/fed_texts/fed_speeches/2020-05-21_1eed93d97d04.txt,False
05/21/2020,Speech,speech,"At the New York Association for Business Economics, New York, New York (via webcast)",Vice Chair Richard H. Clarida,U.S. Economic Outlook and Monetary Policy,https://www.federalreserve.gov/newsevents/speech/clarida20200521a.htm,data/processed/fed_texts/fed_speeches/2020-05-21_34227365c29f.txt,False
05/21/2020,Opening Remarks,speech,"At ""A Fed Listens Event: How Is COVID-19 Affecting Your Community?,"" sponsored by the Board of Governors of the Federal Reserve System, Washington, D.C. (via webcast)",Chair Jerome H. Powell,Opening Remarks,https://www.federalreserve.gov/newsevents/speech/powell20200521a.htm,data/processed/fed_texts/fed_speeches/2020-05-21_7df2acc4ef32.txt,False
06/16/2020,Speech,speech,"At the Foreign Policy Association, New York, New York",Vice Chair Richard H. Clarida,U.S. Economic Outlook and Monetary Policy (via prerecorded video),https://www.federalreserve.gov/newsevents/speech/clarida20200616a.htm,data/processed/fed_texts/fed_speeches/2020-06-16_b2a256d57568.txt,False
06/19/2020,Speech,speech,"At ""Building a Resilient Workforce,"" a video conference sponsored by the Federal Reserve Bank of Cleveland, Youngstown, Ohio (via webcast)",Chair Jerome H. Powell,Introductory Comments,https://www.federalreserve.gov/newsevents/speech/powell20200619a.htm,data/processed/fed_texts/fed_speeches/2020-06-19_1c16de059252.txt,False
06/19/2020,Speech,speech,"At Women in Housing and Finance, Washington, D.C.",Vice Chair for Supervision Randal K. Quarles,The Adaptability of Stress Testing,https://www.federalreserve.gov/newsevents/speech/quarles20200619a.htm,data/processed/fed_texts/fed_speeches/2020-06-19_699e801270a4.txt,False
07/07/2020,Speech,speech,"At the Exchequer Club, Washington, D.C. (via webcast)",Vice Chair for Supervision and Chair of the Financial Stability Board Randal K. Quarles,Global in Life and Orderly in Death: Post-Crisis Reforms and the Too-Big-to-Fail Question,https://www.federalreserve.gov/newsevents/speech/quarles20200707a.htm,data/processed/fed_texts/fed_speeches/2020-07-07_2c9fe99008a7.txt,False
07/14/2020,Speech,speech,"At the Perspectives on the Pandemic Webinar Series, hosted by the National Association for Business Economics, Washington, D.C. (via webcast)",Governor Lael Brainard,Navigating Monetary Policy through the Fog of COVID,https://www.federalreserve.gov/newsevents/speech/brainard20200714a.htm,data/processed/fed_texts/fed_speeches/2020-07-14_5fb09a3c5177.txt,False
08/06/2020,Speech,speech,"At the FedNow Service Webinar, Washington, D.C. (via webcast)",Governor Lael Brainard,The Future of Retail Payments in the United States,https://www.federalreserve.gov/newsevents/speech/brainard20200806a.htm,data/processed/fed_texts/fed_speeches/2020-08-06_c73f0aee05be.txt,False
08/13/2020,Speech,speech,"At the Federal Reserve Board and Federal Reserve Bank of San Francisco's Innovation Office Hours, San Francisco, California (via webcast)",Governor Lael Brainard,An Update on Digital Currencies,https://www.federalreserve.gov/newsevents/speech/brainard20200813a.htm,data/processed/fed_texts/fed_speeches/2020-08-13_184239f60ddc.txt,False
08/19/2020,Brief Remarks,speech,"At the Outstanding Women of Kansas Awards Ceremony, Topeka, Kansas",Governor Michelle W. Bowman,Brief Remarks,https://www.federalreserve.gov/newsevents/speech/bowman20200819a.htm,data/processed/fed_texts/fed_speeches/2020-08-19_f4fc342f4aca.txt,False
08/26/2020,Speech,speech,"At the Kansas Bankers Association CEO and Senior Management Forum/Annual Meeting, Topeka, Kansas (via webcast)",Governor Michelle W. Bowman,The Pandemic’s Effect on the Economy and Banking,https://www.federalreserve.gov/newsevents/speech/bowman20200826a.htm,data/processed/fed_texts/fed_speeches/2020-08-26_a1b6bae517cc.txt,False
08/27/2020,Speech,speech,"At ""Navigating the Decade Ahead: Implications for Monetary Policy,"" an economic policy symposium sponsored by the Federal Reserve Bank of Kansas City, Jackson Hole, Wyoming (via webcast)",Chair Jerome H. Powell,New Economic Challenges and the Fed's Monetary Policy Review,https://www.federalreserve.gov/newsevents/speech/powell20200827a.htm,data/processed/fed_texts/fed_speeches/2020-08-27_e3206c08cc30.txt,False
08/31/2020,Speech,speech,"At the Peterson Institute for International Economics, Washington, D.C. (via webcast)",Vice Chair Richard H. Clarida,The Federal Reserve’s New Monetary Policy Framework: A Robust Evolution,https://www.federalreserve.gov/newsevents/speech/clarida20200831a.htm,data/processed/fed_texts/fed_speeches/2020-08-31_20090b975867.txt,False
09/01/2020,Statement,speech,"At ""How the Fed Will Respond to the COVID-19 Recession in an Era of Low Rates and Low Inflation,"" an event hosted by the Hutchins Center on Fiscal and Monetary Policy at the Brookings Institution, Washington, D.C. (via webcast)",Governor Lael Brainard,Bringing the Statement on Longer-Run Goals and Monetary Policy Strategy into Alignment with Longer-Run Changes in the Economy,https://www.federalreserve.gov/newsevents/speech/brainard20200901a.htm,data/processed/fed_texts/fed_speeches/2020-09-01_adaac8e52a6e.txt,False
09/21/2020,Speech,speech,"At the Urban Institute, Washington, D.C. (via webcast)",Governor Lael Brainard,Strengthening the CRA to Meet the Challenges of Our Time,https://www.federalreserve.gov/newsevents/speech/brainard20200921a.htm,data/processed/fed_texts/fed_speeches/2020-09-21_fd3504f13f7b.txt,False
09/23/2020,Speech,speech,"At the 2020 Virtual D.C. Summit, Institute of International Bankers, Washington, D.C. (via webcast)",Vice Chair for Supervision Randal K. Quarles,Optimism in the Time of COVID,https://www.federalreserve.gov/newsevents/speech/quarles20200923a.htm,data/processed/fed_texts/fed_speeches/2020-09-23_c8d13620f4ff.txt,False
09/30/2020,Speech,speech,"At ""Community Banking in the 21st Century,"" Research Conference, the Federal Reserve Bank of St. Louis, St. Louis, Missouri (via webcast)",Governor Michelle W. Bowman,Community Banks Rise to the Challenge,https://www.federalreserve.gov/newsevents/speech/bowman20200930a.htm,data/processed/fed_texts/fed_speeches/2020-09-30_54284afb2d18.txt,False
10/01/2020,Speech,speech,"At ""Opportunities and Challenges for Homeownership,"" a Virtual Roundtable Discussion, Jake Jabs College of Business and Entrepreneurship, Montana State University, Bozeman, Montana (via webcast)",Governor Michelle W. Bowman,Mortgage Market Regulation and Access to Mortgage Credit,https://www.federalreserve.gov/newsevents/speech/bowman20201001a.htm,data/processed/fed_texts/fed_speeches/2020-10-01_49d8e10abe11.txt,False
10/01/2020,Speech,speech,,Governor Lael Brainard,Modernizing and Strengthening CRA Regulations: Hearing from Community Banks,https://www.federalreserve.gov/newsevents/speech/brainard20201001a.htm,data/processed/fed_texts/fed_speeches/2020-10-01_26202c07ccb2.txt,False
10/06/2020,Speech,speech,At the National Association for Business Economics Virtual Annual Meeting,Chair Jerome H. Powell,Recent Economic Developments and the Challenges Ahead,https://www.federalreserve.gov/newsevents/speech/powell20201006a.htm,data/processed/fed_texts/fed_speeches/2020-10-06_ad20cfda8555.txt,False
10/14/2020,Speech,speech,"At the 2020 Annual Membership Meeting of the Institute of International Finance, Washington, D.C. (via webcast)",Vice Chair Richard H. Clarida,U.S. Economic Outlook and Monetary Policy,https://www.federalreserve.gov/newsevents/speech/clarida20201014a.htm,data/processed/fed_texts/fed_speeches/2020-10-14_1597cbded99e.txt,False
10/14/2020,Remarks,speech,"At the Hoover Institution, Stanford, California, via webcast",Vice Chair for Supervision Randal K. Quarles,Remarks at the Hoover Institution,https://www.federalreserve.gov/newsevents/speech/quarles20201014a.htm,data/processed/fed_texts/fed_speeches/2020-10-14_e5d2cc1a9fea.txt,False
10/15/2020,Speech,speech,,Governor Lael Brainard,Modernizing and Strengthening CRA Regulations: A Conversation with Minority Depository Institutions,https://www.federalreserve.gov/newsevents/speech/brainard20201015a.htm,data/processed/fed_texts/fed_speeches/2020-10-15_1390f64c672b.txt,False
10/15/2020,Speech,speech,"At the Institute of International Finance, Washington, D.C. (via webcast)",Vice Chair for Supervision Randal K. Quarles,What Happened? What Have We Learned From It? Lessons from COVID-19 Stress on the Financial System,https://www.federalreserve.gov/newsevents/speech/quarles20201015a.htm,data/processed/fed_texts/fed_speeches/2020-10-15_05a4507bb352.txt,False
10/19/2020,Speech,speech,"At the Unconventional Convention of the American Bankers Association, Washington, D.C. (via webcast)",Vice Chair Richard H. Clarida,"U.S. Economic Outlook, Monetary Policy, and Initiatives to Sustain the Flow of Credit to Households and Firms",https://www.federalreserve.gov/newsevents/speech/clarida20201019a.htm,data/processed/fed_texts/fed_speeches/2020-10-19_caa2c4134788.txt,False
10/20/2020,Speech,speech,At the National Housing Conference National Advisory Council Meeting,Governor Lael Brainard,Modernizing and Strengthening CRA Regulations: A Conversation with the Housing Community,https://www.federalreserve.gov/newsevents/speech/brainard20201020a.htm,data/processed/fed_texts/fed_speeches/2020-10-20_1deb9fcd1af0.txt,False
10/20/2020,Address,speech,At the Securities Industry and Financial Markets Association Annual Meeting (via webcast),Vice Chair for Supervision Randal K. Quarles,The Financial Stability Board’s Roadmap for Addressing NBFI Vulnerabilities,https://www.federalreserve.gov/newsevents/speech/quarles20201020a.htm,data/processed/fed_texts/fed_speeches/2020-10-20_15dbadb289eb.txt,False
10/21/2020,Speech,speech,"At the ""Post-COVID—Policy Challenges for the Global Economy"" Society of Professional Economists Annual Online Conference (via webcast)",Governor Lael Brainard,Achieving a Broad-Based and Inclusive Recovery,https://www.federalreserve.gov/newsevents/speech/brainard20201021a.htm,data/processed/fed_texts/fed_speeches/2020-10-21_791a8e555c6e.txt,False
11/10/2020,Speech,speech,At the National Congress of American Indians 77th Annual Convention & Marketplace (via webcast),Governor Lael Brainard,Modernizing and Strengthening CRA Regulations: A Conversation with the National Congress of American Indians,https://www.federalreserve.gov/newsevents/speech/brainard20201110a.htm,data/processed/fed_texts/fed_speeches/2020-11-10_7ae016ed4c21.txt,False
11/16/2020,Speech,speech,"At the ""The Economy and Monetary Policy"" event hosted by the Hutchins Center on Fiscal and Monetary Policy at the Brookings Institution, Washington, D.C. (via webcast)",Vice Chair Richard H. Clarida,The Federal Reserve's New Framework: Context and Consequences,https://www.federalreserve.gov/newsevents/speech/clarida20201116a.htm,data/processed/fed_texts/fed_speeches/2020-11-16_85de9d3cd6d9.txt,False
11/17/2020,Speech,speech,"At ""Exploring Careers in Economics,"" Federal Reserve Board, Washington, D.C. (via webcast)",Governor Lael Brainard,Strengthening Diversity and Inclusion in Economics,https://www.federalreserve.gov/newsevents/speech/brainard20201117a.htm,data/processed/fed_texts/fed_speeches/2020-11-17_c5eadb403346.txt,False
11/19/2020,Speech,speech,"At the “Financial Stability: Stress, Contagion, and Transmission” 2020 Financial Stability Conference hosted by the Federal Reserve Bank of Cleveland and the Office of Financial Research, Cleveland, Ohio (via webcast)",Governor Michelle W. Bowman,The Changing Structure of Mortgage Markets and Financial Stability,https://www.federalreserve.gov/newsevents/speech/bowman20201119a.htm,data/processed/fed_texts/fed_speeches/2020-11-19_c294f9246908.txt,False
12/01/2020,Speech,speech,"At The Chicago Community Trust, Chicago, Illinois",Governor Lael Brainard,Modernizing and Strengthening CRA Regulations: A Conversation with the Chicago Community Trust,https://www.federalreserve.gov/newsevents/speech/brainard20201201a.htm,data/processed/fed_texts/fed_speeches/2020-12-01_db5938692005.txt,False
12/04/2020,Speech,speech,At Independent Community Bankers of America ThinkTECH Policy Summit (virtual event),Governor Michelle W. Bowman,Technology and the Regulatory Agenda for Community Banking,https://www.federalreserve.gov/newsevents/speech/bowman20201204a.htm,data/processed/fed_texts/fed_speeches/2020-12-04_001e7ab207c2.txt,False
12/11/2020,Speech,speech,"At the Federal Reserve Board, Harvard Law School, and Wharton School Conference: Bank Supervision: Past, Present, and Future (via webcast)",Vice Chair for Supervision Randal K. Quarles,The Eye of Providence: Thoughts on the Evolution of Bank Supervision,https://www.federalreserve.gov/newsevents/speech/quarles20201211a.htm,data/processed/fed_texts/fed_speeches/2020-12-11_af028c8c2c09.txt,False
12/17/2020,Speech,speech,At the Consumer Bankers Association Community Reinvestment Act Committee Meeting,Governor Lael Brainard,Modernizing and Strengthening CRA Regulations: A Conversation with the Consumer Bankers Association,https://www.federalreserve.gov/newsevents/speech/brainard20201217a.htm,data/processed/fed_texts/fed_speeches/2020-12-17_33c899771a47.txt,False
12/18/2020,Speech,speech,"At ""The Financial System & Climate Change: A Regulatory Imperative"" hosted by the Center for American Progress, Washington, D.C.",Governor Lael Brainard,Strengthening the Financial System to Meet the Challenge of Climate Change,https://www.federalreserve.gov/newsevents/speech/brainard20201218a.htm,data/processed/fed_texts/fed_speeches/2020-12-18_74b012e7b370.txt,False
01/08/2021,Speech,speech,"At the C. Peter McColough Series on International Economics Council on Foreign Relations, New York, New York (via webcast)",Vice Chair Richard H. Clarida,U.S. Economic Outlook and Monetary Policy,https://www.federalreserve.gov/newsevents/speech/clarida20210108a.htm,data/processed/fed_texts/fed_speeches/2021-01-08_206dfe42d05f.txt,False
01/12/2021,Speech,speech,"At the AI Academic Symposium hosted by the Board of Governors of the Federal Reserve System, Washington, D.C. (Virtual Event)",Governor Lael Brainard,Supporting Responsible Use of AI and Equitable Outcomes in Financial Services,https://www.federalreserve.gov/newsevents/speech/brainard20210112a.htm,data/processed/fed_texts/fed_speeches/2021-01-12_c4734cfbe50b.txt,False
01/13/2021,Speech,speech,At the Inaugural Mike McCracken Lecture on Full Employment Sponsored by the Canadian Association for Business Economics (via webcast),Governor Lael Brainard,Full Employment in the New Monetary Policy Framework,https://www.federalreserve.gov/newsevents/speech/brainard20210113a.htm,data/processed/fed_texts/fed_speeches/2021-01-13_cfaf810b9684.txt,False
01/13/2021,Speech,speech,"At the ""The Road Ahead for Central Banks,"" a seminar sponsored by the Hoover Economic Policy Working Group, Hoover Institution, Stanford, California (via webcast)",Vice Chair Richard H. Clarida,The Federal Reserve's New Framework: Context and Consequences,https://www.federalreserve.gov/newsevents/speech/clarida20210113a.htm,data/processed/fed_texts/fed_speeches/2021-01-13_f7516289055d.txt,False
02/10/2021,Speech,speech,At the Economic Club of New York (via webcast),Chair Jerome H. Powell,Getting Back to a Strong Labor Market,https://www.federalreserve.gov/newsevents/speech/powell20210210a.htm,data/processed/fed_texts/fed_speeches/2021-02-10_ad36f079779c.txt,False
02/16/2021,Speech,speech,At the Conference for Community Bankers sponsored by the American Bankers Association (via prerecorded video),Governor Michelle W. Bowman,My Perspective on Bank Regulation and Supervision,https://www.federalreserve.gov/newsevents/speech/bowman20210216a.htm,data/processed/fed_texts/fed_speeches/2021-02-16_cbd046b053af.txt,False
02/18/2021,Speech,speech,"At the ""2021 IIF U.S. Climate Finance Summit: Financing a Pro Growth Pro Markets Transition to a Sustainable, Low-Carbon Economy"" hosted by the Institute of International Finance, Washington, D.C.",Governor Lael Brainard,The Role of Financial Institutions in Tackling the Challenges of Climate Change,https://www.federalreserve.gov/newsevents/speech/brainard20210218a.htm,data/processed/fed_texts/fed_speeches/2021-02-18_5da45d294190.txt,False
02/22/2021,Speech,speech,"At the ""Advance Together"" Celebration sponsored by the Federal Reserve Bank of Dallas (via webcast)",Governor Michelle W. Bowman,Economic Inclusion in Lower-Income Communities,https://www.federalreserve.gov/newsevents/speech/bowman20210222a.htm,data/processed/fed_texts/fed_speeches/2021-02-22_2bab141eea25.txt,False
02/24/2021,Speech,speech,"At the Ec10, Principles of Economics, Lecture, Faculty of Arts and Sciences, Harvard University, Cambridge, Massachusetts (via webcast)",Governor Lael Brainard,How Should We Think about Full Employment in the Federal Reserve's Dual Mandate?,https://www.federalreserve.gov/newsevents/speech/brainard20210224a.htm,data/processed/fed_texts/fed_speeches/2021-02-24_1faf959a007a.txt,False
02/24/2021,Speech,speech,"At the U.S. Chamber of Commerce, Washington, D.C. (via webcast)",Vice Chair Richard H. Clarida,U.S. Economic Outlook and Monetary Policy,https://www.federalreserve.gov/newsevents/speech/clarida20210224a.htm,data/processed/fed_texts/fed_speeches/2021-02-24_60559c0790f5.txt,False
02/25/2021,Speech,speech,"At the Federal Reserve Bank of Atlanta, Atlanta, Georgia (via webcast)",Vice Chair for Supervision Randal K. Quarles,Themistocles and the Mathematicians: The Role of Stress Testing,https://www.federalreserve.gov/newsevents/speech/quarles20210225a.htm,data/processed/fed_texts/fed_speeches/2021-02-25_9610e43ef7df.txt,False
03/01/2021,Speech,speech,"At the 2021 Annual Washington Conference, Institute of International Bankers (via webcast)",Governor Lael Brainard,Some Preliminary Financial Stability Lessons from the COVID-19 Shock,https://www.federalreserve.gov/newsevents/speech/brainard20210301a.htm,data/processed/fed_texts/fed_speeches/2021-03-01_459ff6736af2.txt,False
03/02/2021,Speech,speech,"At the C. Peter McColough Series on International Economics, Council on Foreign Relations, New York, New York (via webcast)",Governor Lael Brainard,U.S. Economic Outlook and Monetary Policy: An Update,https://www.federalreserve.gov/newsevents/speech/brainard20210302a.htm,data/processed/fed_texts/fed_speeches/2021-03-02_a04a48a43cc1.txt,False
03/18/2021,Remarks,speech,"At ""Pushing the Frontiers of Payments: Towards Faster, Cheaper, More Transparent and More Inclusive Cross Border Payments,"" a conference hosted by the Committee on Payments and Market Infrastructures, Basel, Switzerland (via prerecorded video)",Chair Jerome H. Powell,Closing Remarks,https://www.federalreserve.gov/newsevents/speech/powell20210318a.htm,data/processed/fed_texts/fed_speeches/2021-03-18_267614bb7fd5.txt,False
03/22/2021,Speech,speech,"At the Economic Club of Oklahoma, Oklahoma City, Oklahoma (via webcast)",Governor Michelle W. Bowman,The Economic Outlook and Prospects for Small Business,https://www.federalreserve.gov/newsevents/speech/bowman20210322a.htm,data/processed/fed_texts/fed_speeches/2021-03-22_548a49bd52dd.txt,False
03/22/2021,Keynote,speech,"At ""The SOFR Symposium: The Final Year,"" an event hosted by the Alternative Reference Rates Committee, New York, New York (via webcast)",Vice Chair for Supervision Randal K. Quarles,Keynote Remarks,https://www.federalreserve.gov/newsevents/speech/quarles20210322a.htm,data/processed/fed_texts/fed_speeches/2021-03-22_655af3128f21.txt,False
03/23/2021,Speech,speech,"At ""Transform Tomorrow Today"" Ceres 2021 Conference, Boston, Massachusetts (via webcast)",Governor Lael Brainard,Financial Stability Implications of Climate Change,https://www.federalreserve.gov/newsevents/speech/brainard20210323a.htm,data/processed/fed_texts/fed_speeches/2021-03-23_80d97a3ed797.txt,False
03/23/2021,Speech,speech,"At the National Association for Business Economics Virtual 37th Annual Economic Policy Conference, Washington, D.C. (via webcast)",Governor Lael Brainard,Remaining Patient as the Outlook Brightens,https://www.federalreserve.gov/newsevents/speech/brainard20210323b.htm,data/processed/fed_texts/fed_speeches/2021-03-23_bf529f212fb4.txt,False
03/25/2021,Speech,speech,"At the 2021 Institute of International Finance Washington Policy Summit, Washington, D.C. (via webcast)",Vice Chair Richard H. Clarida,U.S. Economic Outlook and Monetary Policy,https://www.federalreserve.gov/newsevents/speech/clarida20210325a.htm,data/processed/fed_texts/fed_speeches/2021-03-25_5fa35f41ee49.txt,False
03/29/2021,Speech,speech,"At the Peterson Institute for International Economics, Washington, D.C. (via webcast)",Governor Christopher J. Waller,Treasury–Federal Reserve Cooperation and the Importance of Central Bank Independence,https://www.federalreserve.gov/newsevents/speech/waller20210329a.htm,data/processed/fed_texts/fed_speeches/2021-03-29_e2ee85491ac6.txt,False
03/30/2021,Address,speech,"At the Peterson Institute for International Economics, Washington, D.C. (via webcast)",Vice Chair for Supervision and Chair of the Financial Stability Board Randal K. Quarles,"The FSB in 2021: Addressing Financial Stability Challenges in an Age of Interconnectedness, Innovation, and Change",https://www.federalreserve.gov/newsevents/speech/quarles20210330a.htm,data/processed/fed_texts/fed_speeches/2021-03-30_a586cfeb0eef.txt,False
04/14/2021,Speech,speech,"At ""SOMC: The Federal Reserve’s New Policy Framework"" a forum sponsored by the Manhattan Institute's Shadow Open Market Committee, New York, New York (via webcast)",Vice Chair Richard H. Clarida,The Federal Reserve's New Framework and Outcome-Based Forward Guidance,https://www.federalreserve.gov/newsevents/speech/clarida20210414a.htm,data/processed/fed_texts/fed_speeches/2021-04-14_c2dcfb721730.txt,False
05/03/2021,Speech,speech,"At the ""2021 Just Economy Conference"" sponsored by the National Community Reinvestment Coalition, Washington, D.C. (via webcast)",Chair Jerome H. Powell,Community Development,https://www.federalreserve.gov/newsevents/speech/powell20210503a.htm,data/processed/fed_texts/fed_speeches/2021-05-03_21eb1fcd0c51.txt,False
05/05/2021,Speech,speech,"At The Colorado Forum, Denver, Colorado (via webcast)",Governor Michelle W. Bowman,The Economic Outlook and Implications for Monetary Policy,https://www.federalreserve.gov/newsevents/speech/bowman20210505a.htm,data/processed/fed_texts/fed_speeches/2021-05-05_9e076ae0db0a.txt,False
05/11/2021,Speech,speech,"At ""The Road to Recovery and What's Next,"" a virtual conference sponsored by the Society for Advancing Business Editing and Writing (via webcast)",Governor Lael Brainard,Patience and Progress as the Economy Reopens and Recovers,https://www.federalreserve.gov/newsevents/speech/brainard20210511a.htm,data/processed/fed_texts/fed_speeches/2021-05-11_75d443ebc9cf.txt,False
05/12/2021,Speech,speech,"At the ""NABE International Symposium: A Vision of the Economy Post COVID,"" Washington, D.C. (via webcast)",Vice Chair Richard H. Clarida,U.S. Economic Outlook and Monetary Policy,https://www.federalreserve.gov/newsevents/speech/clarida20210512a.htm,data/processed/fed_texts/fed_speeches/2021-05-12_48c01ec8c512.txt,False
05/13/2021,Speech,speech,"At The Global Interdependence Center's 39th Annual Monetary and Trade Conference, The LeBow College of Business, Drexel University, Philadelphia, Pennsylvania (via webcast)",Governor Christopher J. Waller,The Economic Outlook and Monetary Policy,https://www.federalreserve.gov/newsevents/speech/waller20210513a.htm,data/processed/fed_texts/fed_speeches/2021-05-13_ae3b85c76752.txt,False
05/17/2021,Speech,speech,"At ""Fostering a Resilient Economy and Financial System: The Role of Central Banks"" 25th Annual Financial Markets Conference, sponsored by the Center for Financial Innovation and Stability, Federal Reserve Bank of Atlanta, Amelia Island, FL (via webcast)",Vice Chair Richard H. Clarida,"Sovereign Markets, Global Factors",https://www.federalreserve.gov/newsevents/speech/clarida20210517a.htm,data/processed/fed_texts/fed_speeches/2021-05-17_efcb75cb50f4.txt,False
05/24/2021,Speech,speech,"At the Consensus by CoinDesk 2021 Conference, Washington, D.C. (via webcast)",Governor Lael Brainard,Private Money and Central Bank Money as Payments Go Digital: an Update on CBDCs,https://www.federalreserve.gov/newsevents/speech/brainard20210524a.htm,data/processed/fed_texts/fed_speeches/2021-05-24_0d1595b9ed63.txt,False
05/26/2021,Remarks,speech,At the National Association of Insurance Commissioners International Insurance Forum (via prerecorded video),Vice Chair for Supervision Randal K. Quarles,Remarks,https://www.federalreserve.gov/newsevents/speech/quarles20210526a.htm,data/processed/fed_texts/fed_speeches/2021-05-26_4e22a4d29e9e.txt,False
05/26/2021,Speech,speech,"At the Hutchins Center on Fiscal and Monetary Policy, The Brookings Institution, Washington, D.C. (via webcast)",Vice Chair for Supervision Randal K. Quarles,The Economic Outlook and Monetary Policy,https://www.federalreserve.gov/newsevents/speech/quarles20210526b.htm,data/processed/fed_texts/fed_speeches/2021-05-26_0b6e4eff3e26.txt,False
06/01/2021,Speech,speech,"At The Economic Club of New York, New York, New York (via webcast)",Governor Lael Brainard,Remaining Steady as the Economy Reopens,https://www.federalreserve.gov/newsevents/speech/brainard20210601a.htm,data/processed/fed_texts/fed_speeches/2021-06-01_904d0ad6c65d.txt,False
06/03/2021,Speech,speech,At The Prudential Regulation Conference (via webcast),Vice Chair for Supervision Randal K. Quarles,"Jet Flight, Mail Bags, and Banking Regulation",https://www.federalreserve.gov/newsevents/speech/quarles20210603a.htm,data/processed/fed_texts/fed_speeches/2021-06-03_95bd04b882f7.txt,False
06/23/2021,Speech,speech,"At the Policy Summit 2021: Pathways to Economic Resilience in our Communities, Federal Reserve Bank of Cleveland, Cleveland, Ohio (via prerecorded video)",Governor Michelle W. Bowman,Building Economic Resilience in Communities,https://www.federalreserve.gov/newsevents/speech/bowman20210623a.htm,data/processed/fed_texts/fed_speeches/2021-06-23_e62a709086f3.txt,False
06/28/2021,Speech,speech,"At the 113th Annual Utah Bankers Association Convention, Sun Valley, Idaho",Vice Chair for Supervision Randal K. Quarles,Parachute Pants and Central Bank Money,https://www.federalreserve.gov/newsevents/speech/quarles20210628a.htm,data/processed/fed_texts/fed_speeches/2021-06-28_34d51415f320.txt,False
07/11/2021,Address,speech,"At the Venice International Conference on Climate Change, Venice, Italy",Vice Chair for Supervision Randal K. Quarles,Disclosures and Data: Building Strong Foundations for Addressing Climate-Related Financial Risks,https://www.federalreserve.gov/newsevents/speech/quarles20210711a.htm,data/processed/fed_texts/fed_speeches/2021-07-11_400b3b3d07d9.txt,False
07/30/2021,Speech,speech,"At ""Rebuilding the Post-Pandemic Economy"" 2021 Annual Meeting of the Aspen Economic Strategy Group, Aspen, Colorado",Governor Lael Brainard,Assessing Progress as the Economy Moves from Reopening to Recovery,https://www.federalreserve.gov/newsevents/speech/brainard20210730a.htm,data/processed/fed_texts/fed_speeches/2021-07-30_ed5bfa1f072e.txt,False
08/03/2021,Welcoming Remarks,speech,"At ""Toward an Inclusive Recovery: Improving Labor Force Attachment and Financial Security among Low-Income and Marginalized Workers,"" a research seminar sponsored by the Board of Governors of the Federal Reserve System, Washington, D.C. (via webcast)",Governor Michelle W. Bowman,Welcoming Remarks,https://www.federalreserve.gov/newsevents/speech/bowman20210803a.htm,data/processed/fed_texts/fed_speeches/2021-08-03_46e99fa8877d.txt,False
08/04/2021,Speech,speech,"At the Peterson Institute for International Economics, Washington, D.C. (via webcast)",Vice Chair Richard H. Clarida,"Outlooks, Outcomes, and Prospects for U.S. Monetary Policy",https://www.federalreserve.gov/newsevents/speech/clarida20210804a.htm,data/processed/fed_texts/fed_speeches/2021-08-04_a565acd16564.txt,False
08/05/2021,Speech,speech,"At the American Enterprise Institute, Washington, D.C. (via webcast)",Governor Christopher J. Waller,CBDC: A Solution in Search of a Problem?,https://www.federalreserve.gov/newsevents/speech/waller20210805a.htm,data/processed/fed_texts/fed_speeches/2021-08-05_dce8f3da8351.txt,False
08/17/2021,Welcoming Remarks,speech,"At Conversation with the Chair: A Virtual Teacher and Student Town Hall Meeting, Washington, D.C. (via webcast)",Chair Jerome H. Powell,Welcoming Remarks,https://www.federalreserve.gov/newsevents/speech/powell20210817a.htm,data/processed/fed_texts/fed_speeches/2021-08-17_5d9a7ba951f3.txt,False
08/27/2021,Speech,speech,"At the ""Macroeconomic Policy in an Uneven Economy,"" economic policy symposium sponsored by the Federal Reserve Bank of Kansas City, Jackson Hole, Wyoming (via webcast)",Chair Jerome H. Powell,Monetary Policy in the Time of COVID,https://www.federalreserve.gov/newsevents/speech/powell20210827a.htm,data/processed/fed_texts/fed_speeches/2021-08-27_e76d114bd181.txt,False
09/09/2021,Speech,speech,"At the Government Relations Council (GRC) meeting sponsored by The American Bankers Association, Washington, D.C. (virtual conference)",Governor Michelle W. Bowman,Community Bank Access to Innovation,https://www.federalreserve.gov/newsevents/speech/bowman20210909a.htm,data/processed/fed_texts/fed_speeches/2021-09-09_ad694768c316.txt,False
09/24/2021,Remarks,speech,"At ""Fed Listens: Perspectives on the Pandemic Recovery,"" sponsored by the Board of Governors of the Federal Reserve System, Washington, D.C. (via webcast)",Chair Jerome H. Powell,Introductory Remarks,https://www.federalreserve.gov/newsevents/speech/powell20210924a.htm,data/processed/fed_texts/fed_speeches/2021-09-24_65e76f048b9a.txt,False
09/27/2021,Speech,speech,"At ""Shocks, Shifts, and the Emerging Economic Landscape"" 2021 Annual Meeting of the National Association for Business Economics, Arlington, Virginia",Governor Lael Brainard,Navigating Delta Headwinds on the Path to a Full Recovery,https://www.federalreserve.gov/newsevents/speech/brainard20210927a.htm,data/processed/fed_texts/fed_speeches/2021-09-27_aee1ce174189.txt,False
09/28/2021,Speech,speech,"At the Community Banking in the 21st Century Research and Policy Conference, St. Louis, Missouri (virtual conference)",Governor Michelle W. Bowman,Creating a New Model for the Future of Supervision,https://www.federalreserve.gov/newsevents/speech/bowman20210928a.htm,data/processed/fed_texts/fed_speeches/2021-09-28_8be0b8a49941.txt,False
10/05/2021,Speech,speech,"At The Structured Finance Association Conference, Las Vegas, Nevada",Vice Chair for Supervision Randal K. Quarles,Goodbye to All That: The End of LIBOR,https://www.federalreserve.gov/newsevents/speech/quarles20211005a.htm,data/processed/fed_texts/fed_speeches/2021-10-05_566474a3a64f.txt,False
10/07/2021,Speech,speech,"At the 2021 Federal Reserve Stress Testing Research Conference, Federal Reserve Bank of Boston, Boston, Massachusetts (via webcast)",Governor Lael Brainard,Building Climate Scenario Analysis on the Foundations of Economic Research,https://www.federalreserve.gov/newsevents/speech/brainard20211007a.htm,data/processed/fed_texts/fed_speeches/2021-10-07_8978d5192337.txt,False
10/12/2021,Speech,speech,"At the 2021 Institute of International Finance Annual Membership Meeting: Sustainable Economic Growth and Financial Stability in a Diverging, Decarbonizing, Digitizing, Indebted World, Washington, D.C. (via webcast)",Vice Chair Richard H. Clarida,U.S. Economic Outlook and Monetary Policy,https://www.federalreserve.gov/newsevents/speech/clarida20211012a.htm,data/processed/fed_texts/fed_speeches/2021-10-12_85c618738458.txt,False
10/13/2021,Speech,speech,"At the Dykhouse Scholar Program Speakers Series in Money, Banking, and Regulation South Dakota State University, Brookings, South Dakota",Governor Michelle W. Bowman,The View from Here: The Outlook for the U.S. Economy and Implications for Monetary Policy,https://www.federalreserve.gov/newsevents/speech/bowman20211013a.htm,data/processed/fed_texts/fed_speeches/2021-10-13_064871e34848.txt,False
10/13/2021,Speech,speech,"At Fed Listens: Roundtable with Oklahoma Tribal Leaders, Oklahoma City, Oklahoma",Governor Lael Brainard,Financial Inclusion and Economic Challenges in the Shadow of the Pandemic: A Conversation with Tribal Leaders,https://www.federalreserve.gov/newsevents/speech/brainard20211013a.htm,data/processed/fed_texts/fed_speeches/2021-10-13_5cbc61335177.txt,False
10/18/2021,Speech,speech,"At the Third Conference on Financial Stability, Madrid, Spain",Governor Randal K. Quarles,Financial Stability and Coordination in Times of Crisis,https://www.federalreserve.gov/newsevents/speech/quarles20211018a.htm,data/processed/fed_texts/fed_speeches/2021-10-18_e7a8deb502c7.txt,False
10/19/2021,Welcoming Remarks,speech,"At the Women in Banking Symposium, Federal Reserve Bank of Richmond, Richmond, Virginia (via webcast)",Governor Michelle W. Bowman,Welcoming Remarks,https://www.federalreserve.gov/newsevents/speech/bowman20211019a.htm,data/processed/fed_texts/fed_speeches/2021-10-19_342b93f2d9eb.txt,False
10/19/2021,Speech,speech,"At the Stanford Institute for Economic Policy Research Associates Meeting, Stanford, California (via webcast)",Governor Christopher J. Waller,The Economic Outlook and a Cautionary Tale on “Idiosyncratic” Price Changes and Inflation,https://www.federalreserve.gov/newsevents/speech/waller20211019a.htm,data/processed/fed_texts/fed_speeches/2021-10-19_c40114a76c41.txt,False
10/20/2021,Speech,speech,"At the 2021 Milken Institute Global Conference ""Charting a New Course,"" Beverly Hills, California",Governor Randal K. Quarles,How Long is Too Long? How High is Too High?: Managing Recent Inflation Developments within the FOMC’s Monetary Policy Framework,https://www.federalreserve.gov/newsevents/speech/quarles20211020a.htm,data/processed/fed_texts/fed_speeches/2021-10-20_20a931a9dafe.txt,False
10/22/2021,Speech,speech,"At the 2021 Community Bankers Symposium: Banking on the Future, Federal Reserve Bank of Chicago, Chicago, Illinois",Governor Michelle W. Bowman,The Lack of New Bank Formations is a Significant Issue for the Banking Industry,https://www.federalreserve.gov/newsevents/speech/bowman20211022a.htm,data/processed/fed_texts/fed_speeches/2021-10-22_46b50aaa64ce.txt,False
11/08/2021,Speech,speech,"At the Women in Housing and Finance Public Policy Luncheon, Washington, D.C.",Governor Michelle W. Bowman,The U.S. Housing and Mortgage Market: Risks and Resilience,https://www.federalreserve.gov/newsevents/speech/bowman20211108a.htm,data/processed/fed_texts/fed_speeches/2021-11-08_d2d540da39c7.txt,False
11/08/2021,Speech,speech,"At the Symposium on Monetary Policy Frameworks, The Brookings Institution, Washington, D.C. (via webcast)",Vice Chair Richard H. Clarida,Flexible Average Inflation Targeting and Prospects for U.S. Monetary Policy,https://www.federalreserve.gov/newsevents/speech/clarida20211108a.htm,data/processed/fed_texts/fed_speeches/2021-11-08_5130ab845cbf.txt,False
11/08/2021,Opening Remarks,speech,"At the Gender and the Economy Conference, a symposium hosted by the Division of Consumer and Community Affairs, Board of Governors of the Federal Reserve System, Washington, D.C. (via webcast)",Chair Jerome H. Powell,Opening Remarks,https://www.federalreserve.gov/newsevents/speech/powell20211108a.htm,data/processed/fed_texts/fed_speeches/2021-11-08_78446b999931.txt,False
11/09/2021,Opening Remarks,speech,"At the Conference on Diversity and Inclusion in Economics, Finance, and Central Banking, sponsored by the Bank of Canada, the Bank of England, the Board of Governors of the Federal Reserve System, and the European Central Bank (via webcast)",Chair Jerome H. Powell,Opening Remarks,https://www.federalreserve.gov/newsevents/speech/powell20211109a.htm,data/processed/fed_texts/fed_speeches/2021-11-09_c2c16dabaa7f.txt,False
11/17/2021,Speech,speech,"At ""Planning for Surprises, Learning from Crises"" 2021 Financial Stability Conference, cohosted by the Federal Reserve Bank of Cleveland and the Office of Financial Research, Cleveland, Ohio (via webcast)",Governor Christopher J. Waller,Reflections on Stablecoins and Payments Innovations,https://www.federalreserve.gov/newsevents/speech/waller20211117a.htm,data/processed/fed_texts/fed_speeches/2021-11-17_05591b6a10aa.txt,False
11/19/2021,Speech,speech,"At the ""Macroeconomic Policy and Global Economic Recovery"" 2021 Asia Economic Policy Conference, sponsored by the Federal Reserve Bank of San Francisco Center for Pacific Basin Studies, San Francisco, California (via webcast)",Vice Chair Richard H. Clarida,"Perspectives on Global Monetary Policy Coordination, Cooperation, and Correlation",https://www.federalreserve.gov/newsevents/speech/clarida20211119a.htm,data/processed/fed_texts/fed_speeches/2021-11-19_7c2404100a61.txt,False
11/19/2021,Speech,speech,"At the Center for Financial Stability, New York, New York",Governor Christopher J. Waller,Economic Outlook,https://www.federalreserve.gov/newsevents/speech/waller20211119a.htm,data/processed/fed_texts/fed_speeches/2021-11-19_d94594fe3d7e.txt,False
11/29/2021,Speech,speech,"At Virtual Symposium on Indigenous Economies: Bank of Canada, Tulo Centre of Indigenous Economics, the Reserve Bank of New Zealand",Governor Michelle W. Bowman,"Engagement, Research and Policy: Integrating Indigenous Voices into Economic Inclusion at the Federal Reserve",https://www.federalreserve.gov/newsevents/speech/bowman20211129a.htm,data/processed/fed_texts/fed_speeches/2021-11-29_b2bcc605b2cf.txt,False
11/29/2021,Opening Remarks,speech,"At the Introducing the New York Innovation Center Event, Washington, D.C. (via webcast)",Chair Jerome H. Powell,Opening Remarks,https://www.federalreserve.gov/newsevents/speech/powell20211129a.htm,data/processed/fed_texts/fed_speeches/2021-11-29_cd725556cb32.txt,False
11/30/2021,Speech,speech,"At the Federal Reserve Bank of Cleveland, Cleveland, Ohio (via livestream)",Vice Chair Richard H. Clarida,Federal Reserve Independence: Foundations and Responsibilities,https://www.federalreserve.gov/newsevents/speech/clarida20211130a.htm,data/processed/fed_texts/fed_speeches/2021-11-30_0d6a73445ce2.txt,False
12/02/2021,Speech,speech,"At the American Enterprise Institute, Washington, D.C.",Governor Randal K. Quarles,Between the Hither and the Farther Shore: Thoughts on Unfinished Business,https://www.federalreserve.gov/newsevents/speech/quarles20211202a.htm,data/processed/fed_texts/fed_speeches/2021-12-02_297b48e4406e.txt,False
12/17/2021,Speech,speech,"At the Forecasters Club of New York, New York, New York",Governor Christopher J. Waller,A Hopeless and Imperative Endeavor: Lessons from the Pandemic for Economic Forecasters,https://www.federalreserve.gov/newsevents/speech/waller20211217a.htm,data/processed/fed_texts/fed_speeches/2021-12-17_59fa46baf766.txt,False
02/18/2022,Speech,speech,"At the 2022 U.S. Monetary Policy Forum, New York, New York",Governor Lael Brainard,Preparing for the Financial System of the Future,https://www.federalreserve.gov/newsevents/speech/brainard20220218a.htm,data/processed/fed_texts/fed_speeches/2022-02-18_f34e6960aab0.txt,False
02/18/2022,Speech,speech,"At the 2022 U.S. Monetary Policy Forum, New York, New York",Governor Christopher J. Waller,"Comments on ""Some Benefits and Risks of a Hot Economy""",https://www.federalreserve.gov/newsevents/speech/waller20220218a.htm,data/processed/fed_texts/fed_speeches/2022-02-18_209d38b74bf8.txt,False
02/21/2022,Speech,speech,"At the American Bankers Association Community Banking Conference, Palm Desert, California",Governor Michelle W. Bowman,High Inflation and the Outlook for Monetary Policy,https://www.federalreserve.gov/newsevents/speech/bowman20220221a.htm,data/processed/fed_texts/fed_speeches/2022-02-21_ab06a5d0d953.txt,False
02/24/2022,Speech,speech,"At the Economic Forecast Project, University of California, Santa Barbara, Santa Barbara, California",Governor Christopher J. Waller,Fighting Inflation with Rate Hikes and Balance Sheet Reduction,https://www.federalreserve.gov/newsevents/speech/waller20220224a.htm,data/processed/fed_texts/fed_speeches/2022-02-24_34111b2f7ccd.txt,False
03/18/2022,Welcoming Remarks,speech,"At Fed Listens: Helping Youth Thrive—A Discussion with Leaders, Federal Reserve Bank of Cleveland, Cleveland, Ohio (via livestream)",Governor Michelle W. Bowman,Welcoming Remarks,https://www.federalreserve.gov/newsevents/speech/bowman20220318a.htm,data/processed/fed_texts/fed_speeches/2022-03-18_a437b5825b30.txt,False
03/21/2022,Speech,speech,"At ""Policy Options for Sustainable and Inclusive Growth"" 38th Annual Economic Policy Conference National Association for Business Economics, Washington, D.C.",Chair Pro Tempore Jerome H. Powell,Restoring Price Stability,https://www.federalreserve.gov/newsevents/speech/powell20220321a.htm,data/processed/fed_texts/fed_speeches/2022-03-21_2bbb10f2d694.txt,False
03/24/2022,Speech,speech,"At the ""Recent Fiscal and Monetary Policy: Implications for U.S. and Israeli Real Estate Markets"" conference",Governor Christopher J. Waller,The Red Hot Housing Market: the Role of Policy and Implications for Housing Affordability,https://www.federalreserve.gov/newsevents/speech/waller20220324a.htm,data/processed/fed_texts/fed_speeches/2022-03-24_9643dda85145.txt,False
04/05/2022,Speech,speech,"At the Spring 2022 Institute Research Conference, Opportunity and Inclusive Growth Institute, Federal Reserve Bank of Minneapolis, Minneapolis, Minnesota (via webcast)",Governor Lael Brainard,Variation in the Inflation Experiences of Households,https://www.federalreserve.gov/newsevents/speech/brainard20220405a.htm,data/processed/fed_texts/fed_speeches/2022-04-05_d1fef5d3ab14.txt,False
05/06/2022,Speech,speech,"At the 2022 Hoover Institution Monetary Conference, Stanford, California",Governor Christopher J. Waller,Reflections on Monetary Policy in 2021,https://www.federalreserve.gov/newsevents/speech/waller20220506a.htm,data/processed/fed_texts/fed_speeches/2022-05-06_798768e8b921.txt,False
05/24/2022,Welcoming Remarks,speech,"At the Reservation Economic Summit 2022 hosted by the National Center for American Indian Enterprise Development, Las Vegas, Nevada (via prerecorded video)",Chair Jerome H. Powell,Welcoming Remarks,https://www.federalreserve.gov/newsevents/speech/powell20220524a.htm,data/processed/fed_texts/fed_speeches/2022-05-24_c5bbb1f002c8.txt,False
05/25/2022,Remarks,speech,"At the 2022 Commencement of the School for Advanced International Studies, Johns Hopkins University, Washington, D.C.",Vice Chair Lael Brainard,Commencement Remarks,https://www.federalreserve.gov/newsevents/speech/brainard20220525a.htm,data/processed/fed_texts/fed_speeches/2022-05-25_bbf2239af9c1.txt,False
05/30/2022,Speech,speech,"At the Institute for Monetary and Financial Stability (IMFS) Distinguished Lecture, Goethe University Frankfurt, Germany",Governor Christopher J. Waller,"Responding to High Inflation, with Some Thoughts on a Soft Landing",https://www.federalreserve.gov/newsevents/speech/waller20220530a.htm,data/processed/fed_texts/fed_speeches/2022-05-30_d990c51379d3.txt,False
06/03/2022,Speech,speech,"At the SNB-CIF Conference on Cryptoassets and Financial Innovation, Zürich, Switzerland",Governor Christopher J. Waller,Risk in the Crypto Markets,https://www.federalreserve.gov/newsevents/speech/waller20220603a.htm,data/processed/fed_texts/fed_speeches/2022-06-03_dfba783b8491.txt,False
06/17/2022,Welcoming Remarks,speech,"At the ""International Roles of the U.S. Dollar,"" a research conference sponsored by the Federal Reserve Board, Washington, DC",Chair Jerome H. Powell,Welcoming Remarks,https://www.federalreserve.gov/newsevents/speech/powell20220617a.htm,data/processed/fed_texts/fed_speeches/2022-06-17_a934be0e8d66.txt,False
06/18/2022,Speech,speech,"At “Monetary Policy at a Crossroads,” a panel discussion hosted by the Dallas Society for Computational Economics, Dallas, Texas",Governor Christopher J. Waller,Lessons Learned on Normalizing Monetary Policy,https://www.federalreserve.gov/newsevents/speech/waller20220618a.htm,data/processed/fed_texts/fed_speeches/2022-06-18_197a90e740fc.txt,False
06/23/2022,Speech,speech,"At Executive Officers Conference, Massachusetts Bankers Association, Harwich, Massachusetts",Governor Michelle W. Bowman,The Outlook for Inflation and Monetary Policy,https://www.federalreserve.gov/newsevents/speech/bowman20220623a.htm,data/processed/fed_texts/fed_speeches/2022-06-23_222a6304eea5.txt,False
07/08/2022,Speech,speech,"At Bank of England Conference, London, United Kingdom",Vice Chair Lael Brainard,Crypto-Assets and Decentralized Finance through a Financial Stability Lens,https://www.federalreserve.gov/newsevents/speech/brainard20220708a.htm,data/processed/fed_texts/fed_speeches/2022-07-08_6d3692b85e0a.txt,False
07/14/2022,Speech,speech,"At Rocky Mountain Economic Summit Global Interdependence Center, Victor, Idaho",Governor Christopher J. Waller,Monetary Policy in a World of Conflicting Data,https://www.federalreserve.gov/newsevents/speech/waller20220714a.htm,data/processed/fed_texts/fed_speeches/2022-07-14_cc424e941329.txt,False
07/19/2022,Speech,speech,At National Native Coalition Virtual Series on the Community Reinvestment Act Notice of Proposed Rulemaking (via webcast),Vice Chair Lael Brainard,Strengthening the CRA: A Conversation with Representatives of Native Communities,https://www.federalreserve.gov/newsevents/speech/brainard20220719a.htm,data/processed/fed_texts/fed_speeches/2022-07-19_338b9f02943a.txt,False
08/06/2022,Speech,speech,"At the 2022 CEO & Senior Management Summit sponsored by the Kansas Bankers Association, Colorado Springs, Colorado",Governor Michelle W. Bowman,Fighting Inflation in Challenging Times,https://www.federalreserve.gov/newsevents/speech/bowman20220806a.htm,data/processed/fed_texts/fed_speeches/2022-08-06_1b3eeaf56984.txt,False
08/17/2022,Speech,speech,"At the VenCent Fintech Conference, Little Rock, Arkansas",Governor Michelle W. Bowman,"Technology, Innovation, and Financial Services",https://www.federalreserve.gov/newsevents/speech/bowman20220817a.htm,data/processed/fed_texts/fed_speeches/2022-08-17_8aecb6c0cd58.txt,False
08/17/2022,Speech,speech,"At Arkansas Women's Commission Meeting, Russellville, Arkansas",Governor Michelle W. Bowman,Working Women in the Pandemic Era,https://www.federalreserve.gov/newsevents/speech/bowman20220817b.htm,data/processed/fed_texts/fed_speeches/2022-08-17_bb605ca894f7.txt,False
08/26/2022,Speech,speech,"At “Reassessing Constraints on the Economy and Policy,” an economic policy symposium sponsored by the Federal Reserve Bank of Kansas City, Jackson Hole, Wyoming",Chair Jerome H. Powell,Monetary Policy and Price Stability,https://www.federalreserve.gov/newsevents/speech/powell20220826a.htm,data/processed/fed_texts/fed_speeches/2022-08-26_36cc8bcfd624.txt,False
08/29/2022,Speech,speech,"At FedNow Early Adopter Workshop, Rosemont, Illinois (via webcast)",Vice Chair Lael Brainard,Progress on Fast Payments for All: An Update on FedNow,https://www.federalreserve.gov/newsevents/speech/brainard20220829a.htm,data/processed/fed_texts/fed_speeches/2022-08-29_c760873738fd.txt,False
09/07/2022,Speech,speech,"At the Brookings Institution, Washington, D.C.",Vice Chair for Supervision Michael S. Barr,Making the Financial System Safer and Fairer,https://www.federalreserve.gov/newsevents/speech/barr20220907a.htm,data/processed/fed_texts/fed_speeches/2022-09-07_a25461489426.txt,False
09/07/2022,Speech,speech,"At the Clearing House and Bank Policy Institute 2022 Annual Conference, New York, New York",Vice Chair Lael Brainard,Bringing Inflation Down,https://www.federalreserve.gov/newsevents/speech/brainard20220907a.htm,data/processed/fed_texts/fed_speeches/2022-09-07_f11bd6c36219.txt,False
09/09/2022,Speech,speech,"At the 17th Annual Vienna Macroeconomics Workshop (2022), Vienna, Austria",Governor Christopher J. Waller,The Economic Outlook: Time to Let the Data Do the Talking,https://www.federalreserve.gov/newsevents/speech/waller20220909a.htm,data/processed/fed_texts/fed_speeches/2022-09-09_a875245c7474.txt,False
09/28/2022,Speech,speech,"At the 2022 Community Banking Research Conference, sponsored by the Federal Reserve, the Conference of State Bank Supervisors, and the Federal Deposit Insurance Corporation, St. Louis, Missouri",Governor Michelle W. Bowman,The New Landscape for Banking Competition,https://www.federalreserve.gov/newsevents/speech/bowman20220928a.htm,data/processed/fed_texts/fed_speeches/2022-09-28_5ef73ecc3fb1.txt,False
09/28/2022,Welcoming Remarks,speech,"At the 2022 Community Banking Research Conference, sponsored by the Federal Reserve, the Conference of State Bank Supervisors, and the Federal Deposit Insurance Corporation, St. Louis, Missouri (via pre-recorded video)",Chair Jerome H. Powell,Welcoming Remarks,https://www.federalreserve.gov/newsevents/speech/powell20220928a.htm,data/processed/fed_texts/fed_speeches/2022-09-28_1811d8cca2a6.txt,False
09/30/2022,Speech,speech,"At the Institute of International Finance (IIF) Event: In Conversation with Michelle Bowman, Washington, D.C. (virtual)",Governor Michelle W. Bowman,Large Bank Supervision and Regulation,https://www.federalreserve.gov/newsevents/speech/bowman20220930a.htm,data/processed/fed_texts/fed_speeches/2022-09-30_125216845f8c.txt,False
09/30/2022,Speech,speech,"At “Financial Stability Considerations for Monetary Policy,” a research conference organized by the Board of Governors of the Federal Reserve System and the Federal Reserve Bank of New York, New York, New York",Vice Chair Lael Brainard,Global Financial Stability Considerations for Monetary Policy in a High-Inflation Environment,https://www.federalreserve.gov/newsevents/speech/brainard20220930a.htm,data/processed/fed_texts/fed_speeches/2022-09-30_c44031034b02.txt,False
10/04/2022,Speech,speech,"At “Technology-Enabled Disruption: Lessons from the Pandemic and the Path Ahead,” a conference organized by the Federal Reserve Banks of Atlanta, Dallas, and Richmond",Governor Philip N. Jefferson,Technology’s Impact on the Post-Pandemic Economy,https://www.federalreserve.gov/newsevents/speech/jefferson20221004a.htm,data/processed/fed_texts/fed_speeches/2022-10-04_4361c73ec98c.txt,False
10/06/2022,Speech,speech,"At the Peterson Institute for International Economics, Washington, D.C.",Governor Lisa D. Cook,Economic Outlook,https://www.federalreserve.gov/newsevents/speech/cook20221006a.htm,data/processed/fed_texts/fed_speeches/2022-10-06_c2819a3f0224.txt,False
10/06/2022,Speech,speech,"At the Mark C. Berger Workshop Series, University of Kentucky, Lexington, Kentucky",Governor Christopher J. Waller,The Economic Outlook with a Look at the Housing Market,https://www.federalreserve.gov/newsevents/speech/waller20221006a.htm,data/processed/fed_texts/fed_speeches/2022-10-06_e655b4671a3c.txt,False
10/10/2022,Speech,speech,"At ""Shocks and Aftershocks: Finding Balance in an Unstable World"" 64th National Association for Business Economics Annual Meeting, Chicago, Illinois",Vice Chair Lael Brainard,Restoring Price Stability in an Uncertain Economic Environment,https://www.federalreserve.gov/newsevents/speech/brainard20221010a.htm,data/processed/fed_texts/fed_speeches/2022-10-10_e93ffb860af4.txt,False
10/12/2022,Speech,speech,"At D.C. Fintech Week, Washington, D.C.",Vice Chair for Supervision Michael S. Barr,Managing the Promise and Risk of Financial Innovation,https://www.federalreserve.gov/newsevents/speech/barr20221012a.htm,data/processed/fed_texts/fed_speeches/2022-10-12_735b27576862.txt,False
10/12/2022,Speech,speech,"At the Money Marketeers of New York University, New York, New York",Governor Michelle W. Bowman,Forward Guidance as a Monetary Policy Tool: Considerations for the Current Economic Environment,https://www.federalreserve.gov/newsevents/speech/bowman20221012a.htm,data/processed/fed_texts/fed_speeches/2022-10-12_94369cfe03b4.txt,False
10/14/2022,Speech,speech,"At ""Digital Currencies and National Security Tradeoffs,"" a symposium presented by the Harvard National Security Journal, Cambridge, Massachusetts",Governor Christopher J. Waller,The U.S. Dollar and Central Bank Digital Currencies,https://www.federalreserve.gov/newsevents/speech/waller20221014a.htm,data/processed/fed_texts/fed_speeches/2022-10-14_d38cab04cd88.txt,False
10/20/2022,Welcoming Remarks,speech,"At ""Toward an Inclusive Recovery,"" a research seminar sponsored by the Board of Governors of the Federal Reserve System, Washington, D.C. (via webcast)",Governor Michelle W. Bowman,Welcoming Remarks,https://www.federalreserve.gov/newsevents/speech/bowman20221020a.htm,data/processed/fed_texts/fed_speeches/2022-10-20_8248bbca6146.txt,False
11/16/2022,Speech,speech,"At the 59th Annual Economic Forecast Luncheon, Phoenix, Arizona",Governor Christopher J. Waller,The Economic Outlook and a Word of Caution on Inflation,https://www.federalreserve.gov/newsevents/speech/waller20221116a.htm,data/processed/fed_texts/fed_speeches/2022-11-16_c09ae7940a58.txt,False
11/17/2022,Speech,speech,"At the Financial Literacy and Education Commission Public Meeting, Financial Literacy and Education Commission, Washington, DC (via webcast)",Governor Michelle W. Bowman,Financial Education,https://www.federalreserve.gov/newsevents/speech/bowman20221117a.htm,data/processed/fed_texts/fed_speeches/2022-11-17_2c55fdd25ed4.txt,False
11/17/2022,Speech,speech,"At the 2022 Institute Research Conference, hosted by the Opportunity and Inclusive Growth Institute, Federal Reserve Bank of Minneapolis, Minneapolis, Minnesota",Governor Philip N. Jefferson,Opportunity and Inclusive Economic Growth,https://www.federalreserve.gov/newsevents/speech/jefferson20221117a.htm,data/processed/fed_texts/fed_speeches/2022-11-17_74e7bea7828c.txt,False
11/28/2022,Speech,speech,"At the 21st BIS Annual Conference Central Banking after the Pandemic: Challenges Ahead, Bank for International Settlements, Basel, Switzerland",Vice Chair Lael Brainard,"What Can We Learn from the Pandemic and the War about Supply Shocks, Inflation, and Monetary Policy?",https://www.federalreserve.gov/newsevents/speech/brainard20221128a.htm,data/processed/fed_texts/fed_speeches/2022-11-28_3188f53eaf1b.txt,False
11/30/2022,Speech,speech,"At the Detroit Economic Club, Detroit, Michigan",Governor Lisa D. Cook,The Economic Outlook and U.S. Productivity,https://www.federalreserve.gov/newsevents/speech/cook20221130a.htm,data/processed/fed_texts/fed_speeches/2022-11-30_194c6384d213.txt,False
11/30/2022,Speech,speech,"At the Hutchins Center on Fiscal and Monetary Policy, Brookings Institution, Washington, D.C.",Chair Jerome H. Powell,Inflation and the Labor Market,https://www.federalreserve.gov/newsevents/speech/powell20221130a.htm,data/processed/fed_texts/fed_speeches/2022-11-30_e2a015f81910.txt,False
12/01/2022,Speech,speech,"At the American Enterprise Institute, Washington, D.C. (virtual)",Vice Chair for Supervision Michael S. Barr,Why Bank Capital Matters,https://www.federalreserve.gov/newsevents/speech/barr20221201a.htm,data/processed/fed_texts/fed_speeches/2022-12-01_18d3e39a6366.txt,False
01/06/2023,Speech,speech,"At the 2023 Allied Social Science Associations (ASSA) Annual Meeting, New Orleans, Louisiana",Governor Lisa D. Cook,Thoughts on Inflation in a Supply-Constrained Economy,https://www.federalreserve.gov/newsevents/speech/cook20230106a.htm,data/processed/fed_texts/fed_speeches/2023-01-06_b543d64b09d3.txt,False
01/10/2023,Brief Remarks,speech,"At the Florida Bankers Association Leadership Luncheon Events, Miami, Florida",Governor Michelle W. Bowman,Brief Remarks on the Economy and Bank Supervision,https://www.federalreserve.gov/newsevents/speech/bowman20230110a.htm,data/processed/fed_texts/fed_speeches/2023-01-10_987016b668ff.txt,False
01/10/2023,Speech,speech,"At the Symposium on Central Bank Independence, Sveriges Riksbank, Stockholm, Sweden",Chair Jerome H. Powell,"Panel on ""Central Bank Independence and the Mandate—Evolving Views""",https://www.federalreserve.gov/newsevents/speech/powell20230110a.htm,data/processed/fed_texts/fed_speeches/2023-01-10_8aa3f08848f3.txt,False
01/19/2023,Speech,speech,"At the University of Chicago Booth School of Business, Chicago, Illinois",Vice Chair Lael Brainard,Staying the Course to Bring Inflation Down,https://www.federalreserve.gov/newsevents/speech/brainard20230119a.htm,data/processed/fed_texts/fed_speeches/2023-01-19_f08cae2e5c42.txt,False
01/20/2023,Speech,speech,"At the C. Peter McColough Series on International Economics, Council on Foreign Relations, New York, New York",Governor Christopher J. Waller,A Case for Cautious Optimism,https://www.federalreserve.gov/newsevents/speech/waller20230120a.htm,data/processed/fed_texts/fed_speeches/2023-01-20_516386eaaf08.txt,False
01/21/2023,Remarks,speech,"At the “110 Years of Deltas Embracing the Past while Shaping the Future” event, Norfolk, Virginia",Governor Lisa D. Cook,Remarks to Delta Sigma Theta,https://www.federalreserve.gov/newsevents/speech/cook20230121a.htm,data/processed/fed_texts/fed_speeches/2023-01-21_7febf2b980b0.txt,False
02/07/2023,Remarks,speech,"At the Hope Economic Mobility Forum at Jackson State University, Jackson, Mississippi",Vice Chair for Supervision Michael S. Barr,Remarks at the “Banking on Financial Inclusion” Conference,https://www.federalreserve.gov/newsevents/speech/barr20230207a.htm,data/processed/fed_texts/fed_speeches/2023-02-07_6cb89463bbb1.txt,False
02/08/2023,Speech,speech,"At the 2023 Arkansas State University Agribusiness Conference, Jonesboro, Arkansas",Governor Christopher J. Waller,"The Inflation Rate for Necessities: A Look at Food, Energy and Shelter Inflation",https://www.federalreserve.gov/newsevents/speech/waller20230208a.htm,data/processed/fed_texts/fed_speeches/2023-02-08_ec87df6473e3.txt,False
02/10/2023,Speech,speech,"At the Global Interdependence Center Conference: Digital Money, Decentralized Finance, and the Puzzle of Crypto, La Jolla, California",Governor Christopher J. Waller,Thoughts on the Crypto Ecosystem,https://www.federalreserve.gov/newsevents/speech/waller20230210a.htm,data/processed/fed_texts/fed_speeches/2023-02-10_dff56bec150d.txt,False
02/13/2023,Speech,speech,"At the American Bankers Association Community Banking Conference, Orlando, Florida",Governor Michelle W. Bowman,"Independence, Predictability, and Tailoring in Banking Regulation and Supervision",https://www.federalreserve.gov/newsevents/speech/bowman20230213a.htm,data/processed/fed_texts/fed_speeches/2023-02-13_074b272c4c6f.txt,False
02/15/2023,Welcoming Remarks,speech,"At the Midwest Cyber Workshop, organized by the Federal Reserve Banks of Chicago, Kansas City, and St. Louis",Governor Michelle W. Bowman,Welcoming Remarks,https://www.federalreserve.gov/newsevents/speech/bowman20230215a.htm,data/processed/fed_texts/fed_speeches/2023-02-15_cb0f910dc726.txt,False
02/16/2023,Remarks,speech,"At the Sadie Collective Research Reception, Washington, D.C.",Governor Lisa D. Cook,Welcome Remarks,https://www.federalreserve.gov/newsevents/speech/cook20230216a.htm,data/processed/fed_texts/fed_speeches/2023-02-16_2161fd054907.txt,False
02/24/2023,Speech,speech,"At the U.S. Monetary Policy Forum, New York, New York",Governor Philip N. Jefferson,"Discussion of the Paper ""Managing Disinflations"" by Stephen G. Cecchetti, Michael E. Feroli, Peter Hooper, Frederic S. Mishkin, and Kermit L. Schoenholtz",https://www.federalreserve.gov/newsevents/speech/jefferson20230224a.htm,data/processed/fed_texts/fed_speeches/2023-02-24_907bae9b94d6.txt,False
02/27/2023,Speech,speech,"At the Ec10, Principles of Economics, Lecture, Faculty of Arts and Sciences, Harvard University, Cambridge, Massachusetts",Governor Philip N. Jefferson,Recent Inflation and the Dual Mandate,https://www.federalreserve.gov/newsevents/speech/jefferson20230227a.htm,data/processed/fed_texts/fed_speeches/2023-02-27_1d73dabe863e.txt,False
03/02/2023,Speech,speech,"At the Mid-Size Bank Coalition of America, Los Angeles, California (via webcast)",Governor Christopher J. Waller,February’s Hot Data Releases,https://www.federalreserve.gov/newsevents/speech/waller20230302a.htm,data/processed/fed_texts/fed_speeches/2023-03-02_406cf896da0c.txt,False
03/03/2023,Speech,speech,"At The Chicago Booth Initiative on Global Markets Workshop on Market Dysfunction, Chicago, Illinois",Governor Michelle W. Bowman,Panel on “Design Issues for Central Bank Facilities in the Future”,https://www.federalreserve.gov/newsevents/speech/bowman20230303a.htm,data/processed/fed_texts/fed_speeches/2023-03-03_3b35fd20b961.txt,False
03/09/2023,Speech,speech,"At the Peterson Institute for International Economics, Washington, D.C.",Vice Chair for Supervision Michael S. Barr,Supporting Innovation with Guardrails: The Federal Reserve’s Approach to Supervision and Regulation of Banks’ Crypto-related Activities,https://www.federalreserve.gov/newsevents/speech/barr20230309a.htm,data/processed/fed_texts/fed_speeches/2023-03-09_cd15618ec985.txt,False
03/14/2023,Speech,speech,"At the Independent Community Bankers of America ICBA Live 2023 Conference, Honolulu, Hawaii",Governor Michelle W. Bowman,The Innovation Imperative: Modernizing Traditional Banking,https://www.federalreserve.gov/newsevents/speech/bowman20230314a.htm,data/processed/fed_texts/fed_speeches/2023-03-14_e63840648063.txt,False
03/27/2023,Speech,speech,"At the H. Parker Willis Lecture, Washington and Lee University, Lexington, Virginia",Governor Philip N. Jefferson,Implementation and Transmission of Monetary Policy,https://www.federalreserve.gov/newsevents/speech/jefferson20230327a.htm,data/processed/fed_texts/fed_speeches/2023-03-27_6052e3046034.txt,False
03/29/2023,Brief Remarks,speech,"At the National Community Reinvestment Coalition Just Economy Conference, Washington, D.C. (via prerecorded video)",Vice Chair for Supervision Michael S. Barr,Brief Remarks,https://www.federalreserve.gov/newsevents/speech/barr20230329a.htm,data/processed/fed_texts/fed_speeches/2023-03-29_a96a6566de07.txt,False
03/31/2023,Speech,speech,"At the 2023 Midwest Economics Association 87th Annual Meeting, Cleveland, Ohio",Governor Lisa D. Cook,The U.S. Economic Outlook and Monetary Policy,https://www.federalreserve.gov/newsevents/speech/cook20230331a.htm,data/processed/fed_texts/fed_speeches/2023-03-31_c45536fb668a.txt,False
03/31/2023,Speech,speech,"At the Macroeconomics and Monetary Policy, a conference sponsored by the Federal Reserve Bank of San Francisco, San Francisco, California",Governor Christopher J. Waller,The Unstable Phillips Curve,https://www.federalreserve.gov/newsevents/speech/waller20230331a.htm,data/processed/fed_texts/fed_speeches/2023-03-31_194bdbd70539.txt,False
04/04/2023,Welcoming Remarks,speech,"At ""Exploring Careers in Economics,"" a conference sponsored by the Board of Governors of the Federal Reserve System, Washington, D.C.",Governor Lisa D. Cook,Welcoming Remarks,https://www.federalreserve.gov/newsevents/speech/cook20230404a.htm,data/processed/fed_texts/fed_speeches/2023-04-04_7111ec2b3b7b.txt,False
04/14/2023,Speech,speech,"At the Wharton Financial Regulation Conference, Philadelphia, Pennsylvania",Governor Michelle W. Bowman,The Consequences of Fewer Banks in the U.S. Banking System,https://www.federalreserve.gov/newsevents/speech/bowman20230414a.htm,data/processed/fed_texts/fed_speeches/2023-04-14_71e55aeec76a.txt,False
04/14/2023,Speech,speech,"At the Graybar National Training Conference, San Antonio, Texas",Governor Christopher J. Waller,Financial Stabilization and Macroeconomic Stabilization: Two Tools for Two Problems,https://www.federalreserve.gov/newsevents/speech/waller20230414a.htm,data/processed/fed_texts/fed_speeches/2023-04-14_3871bfe225d7.txt,False
04/18/2023,Speech,speech,"At the Georgetown University McDonough School of Business Psaros Center for Financial Markets and Policy, Washington, DC",Governor Michelle W. Bowman,Considerations for a Central Bank Digital Currency,https://www.federalreserve.gov/newsevents/speech/bowman20230418a.htm,data/processed/fed_texts/fed_speeches/2023-04-18_68bbafca8dc5.txt,False
04/20/2023,Brief Remarks,speech,"At the Fed Listens Event hosted by the Federal Reserve Bank of Dallas, Odessa, Texas",Governor Michelle W. Bowman,Brief Remarks,https://www.federalreserve.gov/newsevents/speech/bowman20230420a.htm,data/processed/fed_texts/fed_speeches/2023-04-20_49870e660d8c.txt,False
04/20/2023,Speech,speech,"At the Cryptocurrency and the Future of Global Finance, Sarasota, Florida",Governor Christopher J. Waller,Innovation and the Future of Finance,https://www.federalreserve.gov/newsevents/speech/waller20230420a.htm,data/processed/fed_texts/fed_speeches/2023-04-20_eb418f2e594c.txt,False
04/21/2023,Speech,speech,"At the Carroll Round Keynote Speech, Georgetown University McDonough School of Business, Washington, D.C.",Governor Lisa D. Cook,Important Questions for Economic Research,https://www.federalreserve.gov/newsevents/speech/cook20230421a.htm,data/processed/fed_texts/fed_speeches/2023-04-21_b1d95dbb885e.txt,False
05/05/2023,Address,speech,"At the 2023 Spring Convocation, Michigan State University, East Lansing, Michigan",Governor Lisa D. Cook,Commencement Address,https://www.federalreserve.gov/newsevents/speech/cook20230505a.htm,data/processed/fed_texts/fed_speeches/2023-05-05_e2e7b2ecfd60.txt,False
05/11/2023,Speech,speech,"At the IE University – Banco de España – Federal Reserve Bank of St. Louis Conference Current Challenges in Economics and Finance, Madrid, Spain",Governor Christopher J. Waller,Climate Change and Financial Stability,https://www.federalreserve.gov/newsevents/speech/waller20230511a.htm,data/processed/fed_texts/fed_speeches/2023-05-11_5e3bccf60218.txt,False
05/12/2023,Speech,speech,"At the 21st Annual Symposium on Building the Financial System of the 21st Century: An Agenda for Europe and the United States, European Central Bank, Frankfurt, Germany",Governor Michelle W. Bowman,"The Evolving Nature of Banking, Bank Culture, and Bank Runs",https://www.federalreserve.gov/newsevents/speech/bowman20230512a.htm,data/processed/fed_texts/fed_speeches/2023-05-12_ac8a14caeb6c.txt,False
05/12/2023,Speech,speech,"At the ""How to Get Back on Track: A Policy Conference,"" Hoover Institution, Stanford, California",Governor Philip N. Jefferson,On the Assessment of Current Monetary Policy,https://www.federalreserve.gov/newsevents/speech/jefferson20230512a.htm,data/processed/fed_texts/fed_speeches/2023-05-12_04eacc5a9f38.txt,False
05/13/2023,Address,speech,"At the 2023 Spring Commencement, Tuskegee University, Tuskegee, Alabama",Governor Lisa D. Cook,Commencement Address,https://www.federalreserve.gov/newsevents/speech/cook20230513a.htm,data/processed/fed_texts/fed_speeches/2023-05-13_1a9aa2b22792.txt,False
05/15/2023,Address,speech,"At the Spring 2023 Economics Commencement Ceremony, University of California, Berkeley, Berkeley, California",Governor Lisa D. Cook,Commencement Address,https://www.federalreserve.gov/newsevents/speech/cook20230515a.htm,data/processed/fed_texts/fed_speeches/2023-05-15_349240c2b50f.txt,False
05/18/2023,Speech,speech,"At the 2023 International Insurance Forum, National Association of Insurance Commissioners (NAIC), Washington, D.C.",Governor Philip N. Jefferson,The U.S. Economic Outlook and Considerations for Monetary Policy,https://www.federalreserve.gov/newsevents/speech/jefferson20230518a.htm,data/processed/fed_texts/fed_speeches/2023-05-18_31e21f618bcd.txt,False
05/19/2023,Speech,speech,"At the Texas Bankers Association Annual Convention, San Antonio, Texas",Governor Michelle W. Bowman,Considerations for Revisions to the Bank Regulatory Framework,https://www.federalreserve.gov/newsevents/speech/bowman20230519a.htm,data/processed/fed_texts/fed_speeches/2023-05-19_cddc667a6b01.txt,False
05/24/2023,Speech,speech,"At the 2023 Santa Barbara County Economic Summit, University of California, Santa Barbara Economic Forecast Project, Santa Barbara, California (via webcast)",Governor Christopher J. Waller,"Hike, Skip, or Pause?",https://www.federalreserve.gov/newsevents/speech/waller20230524a.htm,data/processed/fed_texts/fed_speeches/2023-05-24_25b606ae1fa9.txt,False
05/31/2023,Brief Remarks,speech,"At a Fed Listens Event on Transitioning to the Post-Pandemic Economy, Federal Reserve Bank of Boston, Boston, Massachusetts",Governor Michelle W. Bowman,Brief Remarks,https://www.federalreserve.gov/newsevents/speech/bowman20230531a.htm,data/processed/fed_texts/fed_speeches/2023-05-31_8cf76ebdda95.txt,False
05/31/2023,Speech,speech,"At the 22nd Annual International Conference on Policy Challenges for the Financial Sector, Washington, D.C.",Governor Philip N. Jefferson,Financial Stability and the U.S. Economy,https://www.federalreserve.gov/newsevents/speech/jefferson20230531a.htm,data/processed/fed_texts/fed_speeches/2023-05-31_7843052e8f27.txt,False
06/16/2023,Speech,speech,"At ""The Future of Macroeconomic Policy,” a conference sponsored by the Norges Bank, the International Monetary Fund, and the IMF Economic Review, Oslo, Norway",Governor Christopher J. Waller,Financial Stability and Macroeconomic Policy,https://www.federalreserve.gov/newsevents/speech/waller20230616a.htm,data/processed/fed_texts/fed_speeches/2023-06-16_7c3cc738e357.txt,False
06/22/2023,Opening Remarks,speech,"At “Fed Listens: Transitioning to the Post-Pandemic Economy,” a plenary session at Policy Summit 2023: Communities Thriving in a Changing Economy, hosted by the Federal Reserve Bank of Cleveland, Cleveland, Ohio",Governor Michelle W. Bowman,Opening Remarks,https://www.federalreserve.gov/newsevents/speech/bowman20230622a.htm,data/processed/fed_texts/fed_speeches/2023-06-22_8817582b8d62.txt,False
06/22/2023,Welcoming Remarks,speech,"At the 2023 International Journal of Central Banking Conference, Dublin, Ireland",Governor Christopher J. Waller,Welcoming Remarks,https://www.federalreserve.gov/newsevents/speech/waller20230622a.htm,data/processed/fed_texts/fed_speeches/2023-06-22_2f65f2e40f4a.txt,False
06/25/2023,Speech,speech,"At the Salzburg Global Seminar on Global Turbulence and Financial Resilience: Implications for Financial Services and Society, Salzburg, Austria",Governor Michelle W. Bowman,Responsive and Responsible Bank Regulation and Supervision,https://www.federalreserve.gov/newsevents/speech/bowman20230625a.htm,data/processed/fed_texts/fed_speeches/2023-06-25_8136f47dc8f4.txt,False
06/29/2023,Speech,speech,"At the Banco de Espana Fourth Conference on Financial Stability, Madrid, Spain",Chair Jerome H. Powell,Financial Stability and Economic Developments,https://www.federalreserve.gov/newsevents/speech/powell20230629a.htm,data/processed/fed_texts/fed_speeches/2023-06-29_8b28ab95c566.txt,False
07/10/2023,Speech,speech,"At the Bipartisan Policy Center, Washington, D.C.",Vice Chair for Supervision Michael S. Barr,Holistic Capital Review,https://www.federalreserve.gov/newsevents/speech/barr20230710a.htm,data/processed/fed_texts/fed_speeches/2023-07-10_0421d9a06fd9.txt,False
07/13/2023,Speech,speech,"At the Money Marketeers of New York University, New York, New York",Governor Christopher J. Waller,Big Shocks Travel Fast: Why Policy Lags May Be Shorter Than You Think,https://www.federalreserve.gov/newsevents/speech/waller20230713a.htm,data/processed/fed_texts/fed_speeches/2023-07-13_542f59edce01.txt,False
07/18/2023,Speech,speech,"At ""Fair Housing at 55—Advancing a Blueprint for Equity"" National Fair Housing Alliance 2023 National Conference, Washington, D.C.",Vice Chair for Supervision Michael S. Barr,Furthering the Vision of the Fair Housing Act,https://www.federalreserve.gov/newsevents/speech/barr20230718a.htm,data/processed/fed_texts/fed_speeches/2023-07-18_6525fb032fe6.txt,False
08/05/2023,Brief Remarks,speech,"At the 2023 CEO and Senior Management Summit and Annual Meeting, sponsored by the Kansas Bankers Association, Colorado Springs, Colorado",Governor Michelle W. Bowman,Brief Remarks on the Economy and Monetary Policy,https://www.federalreserve.gov/newsevents/speech/bowman20230805a.htm,data/processed/fed_texts/fed_speeches/2023-08-05_181cbe4a18d7.txt,False
08/07/2023,Welcoming Remarks,speech,"At ""Fed Listens: Community Listening Session"" hosted by the Federal Reserve Bank of Atlanta, Atlanta, Georgia",Governor Michelle W. Bowman,Welcoming Remarks,https://www.federalreserve.gov/newsevents/speech/bowman20230807a.htm,data/processed/fed_texts/fed_speeches/2023-08-07_fcc764e9edb2.txt,False
08/22/2023,Welcoming Remarks,speech,"At “Fed Listens: Joining the Labor Force after COVID, A Discussion on Youth Employment,” hosted by the Federal Reserve Bank of Chicago, Chicago, Illinois",Governor Michelle W. Bowman,Welcoming Remarks,https://www.federalreserve.gov/newsevents/speech/bowman20230822a.htm,data/processed/fed_texts/fed_speeches/2023-08-22_130149f6dda8.txt,False
08/25/2023,Speech,speech,"At “Structural Shifts in the Global Economy,” an economic policy symposium sponsored by the Federal Reserve Bank of Kansas City, Jackson Hole, Wyoming",Chair Jerome H. Powell,Inflation: Progress and the Path Ahead,https://www.federalreserve.gov/newsevents/speech/powell20230825a.htm,data/processed/fed_texts/fed_speeches/2023-08-25_fd3175baed5e.txt,False
09/08/2023,Speech,speech,"At the Federal Reserve Bank of Philadelphia Seventh Annual Fintech Conference, Philadelphia, Pennsylvania",Vice Chair for Supervision Michael S. Barr,The Federal Reserve’s Role in Supporting Responsible Innovation,https://www.federalreserve.gov/newsevents/speech/barr20230908a.htm,data/processed/fed_texts/fed_speeches/2023-09-08_28a40f5ca5db.txt,False
09/22/2023,Brief Remarks,speech,"At Independent Community Bankers of Colorado, Golden Jubilee, Vail, Colorado",Governor Michelle W. Bowman,Brief Remarks on the Economy and Monetary Policy,https://www.federalreserve.gov/newsevents/speech/bowman20230922a.htm,data/processed/fed_texts/fed_speeches/2023-09-22_84cafff5a1f7.txt,False
09/22/2023,Speech,speech,"At the National Bureau of Economic Research Economics of Artificial Intelligence Conference, Fall 2023, Toronto, Canada",Governor Lisa D. Cook,"Generative AI, Productivity, the Labor Market, and Choice Behavior",https://www.federalreserve.gov/newsevents/speech/cook20230922a.htm,data/processed/fed_texts/fed_speeches/2023-09-22_d8c329c7ba10.txt,False
09/26/2023,Welcoming Remarks,speech,"At the FedCommunities event ""Keys to Opportunity in the Housing Market: Research on Strategies for Preserving and Expanding Rental Housing Affordability,"" Washington, D.C.",Governor Michelle W. Bowman,Welcoming Remarks,https://www.federalreserve.gov/newsevents/speech/bowman20230926a.htm,data/processed/fed_texts/fed_speeches/2023-09-26_e55d3ebeb56c.txt,False
09/27/2023,Remarks,speech,"At the 2023 Symposium on Indigenous Inclusion, The Central Bank Network for Indigenous Inclusion and The Reserve Bank of New Zealand—Te Pūtea Matua, Auckland, New Zealand",Governor Michelle W. Bowman,Panel Remarks,https://www.federalreserve.gov/newsevents/speech/bowman20230927a.htm,data/processed/fed_texts/fed_speeches/2023-09-27_998c525dac9c.txt,False
09/28/2023,Remarks,speech,"At the Minorities in Banking Forum, Federal Reserve Bank of Dallas, Dallas, Texas",Governor Lisa D. Cook,Closing Remarks,https://www.federalreserve.gov/newsevents/speech/cook20230928a.htm,data/processed/fed_texts/fed_speeches/2023-09-28_6d5f878ce1fd.txt,False
09/28/2023,Welcoming Remarks,speech,"At Conversation with the Chair: A Teacher Town Hall Meeting, Washington, D.C. (and by webcast)",Chair Jerome H. Powell,Welcoming Remarks,https://www.federalreserve.gov/newsevents/speech/powell20230928a.htm,data/processed/fed_texts/fed_speeches/2023-09-28_1fd1b44a2abe.txt,False
10/02/2023,Speech,speech,"At the Forecasters Club of New York, New York, New York",Vice Chair for Supervision Michael S. Barr,Monetary Policy and Financial Stability,https://www.federalreserve.gov/newsevents/speech/barr20231002a.htm,data/processed/fed_texts/fed_speeches/2023-10-02_706e344e377f.txt,False
10/02/2023,Brief Remarks,speech,"At the CEO/Executive Management Conference sponsored by the Mississippi Bankers Association and the Tennessee Bankers Association, Banff, Canada",Governor Michelle W. Bowman,Brief Remarks on the Economy and Bank Regulation,https://www.federalreserve.gov/newsevents/speech/bowman20231002a.htm,data/processed/fed_texts/fed_speeches/2023-10-02_c151e08f51e4.txt,False
10/04/2023,Speech,speech,"At the 2023 Community Banking Research Conference sponsored by the Federal Reserve System, the Conference of State Bank Supervisors, and the Federal Deposit Insurance Corporation, St. Louis, Missouri",Governor Michelle W. Bowman,"The Role of Research, Data, and Analysis in Banking Reforms",https://www.federalreserve.gov/newsevents/speech/bowman20231004a.htm,data/processed/fed_texts/fed_speeches/2023-10-04_aa1fd1e73651.txt,False
10/07/2023,Brief Remarks,speech,"At the Connecticut Bankers Association Annual Meeting, White Sulphur Springs, West Virginia",Governor Michelle W. Bowman,Brief Remarks on the Economy and Insights from Past Bank Regulatory Reform Efforts,https://www.federalreserve.gov/newsevents/speech/bowman20231007a.htm,data/processed/fed_texts/fed_speeches/2023-10-07_b0719c07b277.txt,False
10/09/2023,Speech,speech,"At the American Bankers Association Annual Convention, Nashville, Tennessee",Vice Chair for Supervision Michael S. Barr,Capital Supports Lending,https://www.federalreserve.gov/newsevents/speech/barr20231009a.htm,data/processed/fed_texts/fed_speeches/2023-10-09_d7cca0f24b28.txt,False
10/09/2023,Speech,speech,"At ""Beyond the Business Cycle: Adapting to a New Global Paradigm"" 65th Annual Meeting of the National Association for Business Economics, Dallas, Texas",Vice Chair Philip N. Jefferson,U.S. Economic Outlook and Monetary Policy Transmission,https://www.federalreserve.gov/newsevents/speech/jefferson20231009a.htm,data/processed/fed_texts/fed_speeches/2023-10-09_c3a28efe5ab9.txt,False
10/10/2023,Speech,speech,"At ""The Legacy of Bennett McCallum and Lessons for Monetary Policy Today,"" a conference sponsored by the Mercatus Center at George Mason University, Washington, D.C.",Governor Christopher J. Waller,Monetary Policy Analysis and the Development of Federal Reserve Policymaking,https://www.federalreserve.gov/newsevents/speech/waller20231010a.htm,data/processed/fed_texts/fed_speeches/2023-10-10_854595a02d94.txt,False
10/11/2023,Speech,speech,"At the Reinventing Bretton Woods Committee and Policy Center for the New South Marrakech Economic Festival, Marrakech, Morocco",Governor Michelle W. Bowman,Financial Stability in Uncertain Times,https://www.federalreserve.gov/newsevents/speech/bowman20231011a.htm,data/processed/fed_texts/fed_speeches/2023-10-11_2e2771ba5a18.txt,False
10/17/2023,Speech,speech,"At Roundtable on Central Bank Digital Currency, Harvard Law School Program on International Financial Systems, Washington, D.C.",Governor Michelle W. Bowman,Responsible Innovation in Money and Payments,https://www.federalreserve.gov/newsevents/speech/bowman20231017a.htm,data/processed/fed_texts/fed_speeches/2023-10-17_93561d8dc1b9.txt,False
10/18/2023,Brief Remarks,speech,"At a Fed Listens event on Transitioning to the Post-Pandemic Economy, hosted by the Federal Reserve Bank of Richmond, Richmond, Virginia",Governor Michelle W. Bowman,Brief Remarks,https://www.federalreserve.gov/newsevents/speech/bowman20231018a.htm,data/processed/fed_texts/fed_speeches/2023-10-18_efcb7211e276.txt,False
10/18/2023,Speech,speech,"At the Louis E. Martin Awards Ceremony at the 2023 Future of Black Communities Summit, Joint Center for Political and Economic Studies, Washington, D.C.",Governor Lisa D. Cook,The Evolution of the Federal Reserve’s Employment Mandate,https://www.federalreserve.gov/newsevents/speech/cook20231018a.htm,data/processed/fed_texts/fed_speeches/2023-10-18_aa64b5751693.txt,False
10/18/2023,Speech,speech,"At the Distinguished Speaker Seminar, European Economics and Financial Center, London, United Kingdom",Governor Christopher J. Waller,Something’s Got to Give,https://www.federalreserve.gov/newsevents/speech/waller20231018a.htm,data/processed/fed_texts/fed_speeches/2023-10-18_8ae4a4cf0d6c.txt,False
10/19/2023,Speech,speech,"At the Stress Test Research Conference at the Federal Reserve Bank of Boston, Boston, Massachusetts",Vice Chair for Supervision Michael S. Barr,Multiple Scenarios in Stress Testing,https://www.federalreserve.gov/newsevents/speech/barr20231019a.htm,data/processed/fed_texts/fed_speeches/2023-10-19_ec86aec4a5a2.txt,False
10/19/2023,Opening Remarks,speech,"At the 18th Central Bank Conference on the Microstructure of Financial Markets, Board of Governors of the Federal Reserve System, Washington, D.C.",Vice Chair Philip N. Jefferson,Opening Remarks,https://www.federalreserve.gov/newsevents/speech/jefferson20231019a.htm,data/processed/fed_texts/fed_speeches/2023-10-19_1f4d75b2ce9a.txt,False
10/19/2023,Opening Remarks,speech,"At the Economic Club of New York Luncheon, New York, New York",Chair Jerome H. Powell,Opening Remarks,https://www.federalreserve.gov/newsevents/speech/powell20231019a.htm,data/processed/fed_texts/fed_speeches/2023-10-19_6ea33931f6a8.txt,False
10/25/2023,Remarks,speech,"At the 2023 Daniel Patrick Moynihan Lecture on Social Science and Public Policy, hosted by the American Academy of Political and Social Science, Washington, D.C.",Chair Jerome H. Powell,Introductory Remarks,https://www.federalreserve.gov/newsevents/speech/powell20231025a.htm,data/processed/fed_texts/fed_speeches/2023-10-25_da8cb4bff178.txt,False
10/26/2023,Remarks,speech,"At the Economics of Payments XII Conference, Washington D.C.",Governor Christopher J. Waller,Welcome Remarks,https://www.federalreserve.gov/newsevents/speech/waller20231026a.htm,data/processed/fed_texts/fed_speeches/2023-10-26_b59c25050858.txt,False
10/27/2023,Opening Remarks,speech,"At the Economics of Payments XII Conference, Federal Reserve Board, Washington, D.C.",Vice Chair for Supervision Michael S. Barr,Opening Remarks,https://www.federalreserve.gov/newsevents/speech/barr20231027a.htm,data/processed/fed_texts/fed_speeches/2023-10-27_2a77d35a68f0.txt,False
11/06/2023,Speech,speech,"At Duke University, Durham, North Carolina",Governor Lisa D. Cook,Financial Stability: Resilience and Challenges,https://www.federalreserve.gov/newsevents/speech/cook20231106a.htm,data/processed/fed_texts/fed_speeches/2023-11-06_7506609488c4.txt,False
11/07/2023,Remarks,speech,"At the 2023 Ohio Bankers League ""Main Event,"" Columbus, Ohio",Governor Michelle W. Bowman,Remarks on the Economy and Bank Supervision and Regulation,https://www.federalreserve.gov/newsevents/speech/bowman20231107a.htm,data/processed/fed_texts/fed_speeches/2023-11-07_a839946ee0a6.txt,True
11/07/2023,Speech,speech,"At ""Beyond the Numbers,"" a conference hosted by the Research Division of the Federal Reserve Bank of St. Louis, St. Louis, Missouri",Governor Christopher J. Waller,Using Economic Data to Understand the Economy,https://www.federalreserve.gov/newsevents/speech/waller20231107a.htm,data/processed/fed_texts/fed_speeches/2023-11-07_0dc37ac1f9cc.txt,False
11/08/2023,Speech,speech,"At the Central Bank of Ireland, Dublin, Ireland",Governor Lisa D. Cook,"Financial Stability: Resilience, Challenges, and Global Connections",https://www.federalreserve.gov/newsevents/speech/cook20231108a.htm,data/processed/fed_texts/fed_speeches/2023-11-08_df5d4e3c89dd.txt,False
11/08/2023,Speech,speech,"At ""A Look at the Past, Present, and Future,"" a conference celebrating the Centennial of the Division of Research and Statistics, Board of Governors of the Federal Reserve System, Washington, D.C.",Vice Chair Philip N. Jefferson,"Research and Statistics Centennial Anniversary: Past, Present and Future",https://www.federalreserve.gov/newsevents/speech/jefferson20231108a.htm,data/processed/fed_texts/fed_speeches/2023-11-08_dda61a23cd8b.txt,False
11/08/2023,Opening Remarks,speech,"At ""A Look at the Past, Present, and Future,"" a conference celebrating the Centennial of the Division of Research and Statistics, Board of Governors of the Federal Reserve System, Washington, D.C.",Chair Jerome H. Powell,Opening Remarks,https://www.federalreserve.gov/newsevents/speech/powell20231108a.htm,data/processed/fed_texts/fed_speeches/2023-11-08_95341d9feb3c.txt,False
11/09/2023,Remarks,speech,"At New York Bankers Association's Financial Services Forum, Palm Beach, Florida",Governor Michelle W. Bowman,Remarks on the Economy and Prioritization of Bank Supervision and Regulation,https://www.federalreserve.gov/newsevents/speech/bowman20231109a.htm,data/processed/fed_texts/fed_speeches/2023-11-09_362166bcf92f.txt,False
11/09/2023,Opening Remarks,speech,"At ""Monetary Policy Challenges in a Global Economy,"" a policy panel at the 24th Jacques Polak Annual Research Conference, hosted by the International Monetary Fund, Washington, D.C.",Chair Jerome H. Powell,Opening Remarks,https://www.federalreserve.gov/newsevents/speech/powell20231109a.htm,data/processed/fed_texts/fed_speeches/2023-11-09_25a46af54180.txt,False
11/13/2023,Welcoming Remarks,speech,"At the 5th Annual Conference on ""Nontraditional Data, Machine Learning, and Natural Language Processing in Macroeconomics,"" Washington, D.C.",Governor Lisa D. Cook,Welcoming Remarks,https://www.federalreserve.gov/newsevents/speech/cook20231113a.htm,data/processed/fed_texts/fed_speeches/2023-11-13_aefc5728f969.txt,False
11/14/2023,Speech,speech,"At “Global Risk, Uncertainty, and Volatility,” a research conference sponsored by the Federal Reserve Board of Governors, Swiss National Bank and the Bank for International Settlements, Zurich, Switzerland (virtual)",Vice Chair Philip N. Jefferson,Elevated Economic Uncertainty: Causes and Consequences,https://www.federalreserve.gov/newsevents/speech/jefferson20231114a.htm,data/processed/fed_texts/fed_speeches/2023-11-14_a24eeb9c0b50.txt,False
11/16/2023,Speech,speech,"At the Federal Reserve Bank of New York, New York, New York",Vice Chair for Supervision Michael S. Barr,The 2023 U.S. Treasury Market Conference,https://www.federalreserve.gov/newsevents/speech/barr20231116a.htm,data/processed/fed_texts/fed_speeches/2023-11-16_8f3b8d96ec51.txt,False
11/16/2023,Speech,speech,"At “Global Linkages in a Post-Pandemic World” 2023 Asia Economic Policy Conference, sponsored by the Federal Reserve Bank of San Francisco Center for Pacific Basin Studies, San Francisco, California",Governor Lisa D. Cook,"Global Linkages: Supply, Spillovers, and Common Challenges",https://www.federalreserve.gov/newsevents/speech/cook20231116a.htm,data/processed/fed_texts/fed_speeches/2023-11-16_b769960cd0ca.txt,False
11/28/2023,Speech,speech,"At the Modernized Community Reinvestment Act and Indian Country, the Federal Reserve Bank of Minneapolis, Minneapolis, Minnesota (virtual)",Vice Chair for Supervision Michael S. Barr,Serving Indian Country with the Modernized Community Reinvestment Act,https://www.federalreserve.gov/newsevents/speech/barr20231128a.htm,data/processed/fed_texts/fed_speeches/2023-11-28_234502132f83.txt,False
11/28/2023,Speech,speech,"At the Utah Bankers Association and Salt Lake City Chamber Banker and Business Leader Breakfast, Salt Lake City, Utah",Governor Michelle W. Bowman,Reflections on the Economy and Monetary Policy,https://www.federalreserve.gov/newsevents/speech/bowman20231128a.htm,data/processed/fed_texts/fed_speeches/2023-11-28_381dd92585dc.txt,False
11/28/2023,Speech,speech,"At the American Enterprise Institute, Washington, D.C.",Governor Christopher J. Waller,Something Appears to Be Giving,https://www.federalreserve.gov/newsevents/speech/waller20231128a.htm,data/processed/fed_texts/fed_speeches/2023-11-28_356995329ad8.txt,False
12/01/2023,Speech,speech,"At the ECB Forum on Banking Supervision, Frankfurt, Germany",Vice Chair for Supervision Michael S. Barr,The Importance of Effective Liquidity Risk Management,https://www.federalreserve.gov/newsevents/speech/barr20231201a.htm,data/processed/fed_texts/fed_speeches/2023-12-01_2889d976200a.txt,False
12/01/2023,Opening Remarks,speech,"At a Fireside Chat at Spelman College, Atlanta, Georgia",Chair Jerome H. Powell,Opening Remarks,https://www.federalreserve.gov/newsevents/speech/powell20231201a.htm,data/processed/fed_texts/fed_speeches/2023-12-01_ba4f0344513c.txt,False
12/05/2023,Speech,speech,"At the Aspen Institute, Washington, D.C. (via pre-recorded video)",Governor Michelle W. Bowman,Building a More Inclusive Financial System through Collaboration and Action,https://www.federalreserve.gov/newsevents/speech/bowman20231205a.htm,data/processed/fed_texts/fed_speeches/2023-12-05_3fde61f41048.txt,False
01/08/2024,Speech,speech,"At the South Carolina Bankers Association 2024 Community Bankers Conference, Columbia, South Carolina",Governor Michelle W. Bowman,New Year’s Resolutions for Bank Regulatory Policymakers,https://www.federalreserve.gov/newsevents/speech/bowman20240108a.htm,data/processed/fed_texts/fed_speeches/2024-01-08_d5071819c88e.txt,False
01/16/2024,Speech,speech,"At The Brookings Institution, Washington, D.C.",Governor Christopher J. Waller,Almost as Good as It Gets…But Will It Last?,https://www.federalreserve.gov/newsevents/speech/waller20240116a.htm,data/processed/fed_texts/fed_speeches/2024-01-16_fc9048c1151e.txt,False
01/17/2024,Opening Remarks,speech,"At the Conference on Measuring Cyber Risk in the Financial Services Sector, Boston, Massachusetts",Vice Chair for Supervision Michael S. Barr,Opening Remarks,https://www.federalreserve.gov/newsevents/speech/barr20240117a.htm,data/processed/fed_texts/fed_speeches/2024-01-17_499bd84f491a.txt,False
01/17/2024,Speech,speech,"At Protect Main Street sponsored by the Center for Capital Markets at the U.S. Chamber of Commerce, Washington, D.C. (virtual)",Governor Michelle W. Bowman,The Path Forward for Bank Capital Reform,https://www.federalreserve.gov/newsevents/speech/bowman20240117a.htm,data/processed/fed_texts/fed_speeches/2024-01-17_66de58a3415c.txt,False
02/02/2024,Speech,speech,"At the 157th Assembly for Bank Directors, Southwestern Graduate School of Banking, Maui, Hawaii",Governor Michelle W. Bowman,The Future of Banking,https://www.federalreserve.gov/newsevents/speech/bowman20240202a.htm,data/processed/fed_texts/fed_speeches/2024-02-02_a9dfe550f5b8.txt,False
02/07/2024,Speech,speech,"At the Uneven Outcomes in the Labor Market Conference, Washington, D.C. (via pre-recorded video)",Governor Michelle W. Bowman,Supporting Entrepreneurship & Small Businesses,https://www.federalreserve.gov/newsevents/speech/bowman20240207a.htm,data/processed/fed_texts/fed_speeches/2024-02-07_5568df53ebf7.txt,False
02/07/2024,Speech,speech,"At the Brookings Institution, Washington, D.C.",Governor Adriana D. Kugler,The Outlook for the Economy and Monetary Policy,https://www.federalreserve.gov/newsevents/speech/kugler20240207a.htm,data/processed/fed_texts/fed_speeches/2024-02-07_1622d6e3b253.txt,False
02/12/2024,Speech,speech,"At the American Bankers Association 2024 Conference for Community Bankers, San Antonio, Texas",Governor Michelle W. Bowman,Defining a Bank,https://www.federalreserve.gov/newsevents/speech/bowman20240212a.htm,data/processed/fed_texts/fed_speeches/2024-02-12_01325238e866.txt,False
02/14/2024,Speech,speech,"At the 40th Annual National Association for Business Economics (NABE) Economic Policy Conference, Washington, D.C.",Vice Chair for Supervision Michael S. Barr,"The Intersection of Monetary Policy, Market Functioning, and Liquidity Risk Management",https://www.federalreserve.gov/newsevents/speech/barr20240214a.htm,data/processed/fed_texts/fed_speeches/2024-02-14_face89182998.txt,False
02/15/2024,Speech,speech,"At the 19th BCBS-FSI High-Level Meeting for Africa, Cape Town, South Africa",Governor Michelle W. Bowman,Advancing Cross-Border Payments and Financial Inclusion,https://www.federalreserve.gov/newsevents/speech/bowman20240215a.htm,data/processed/fed_texts/fed_speeches/2024-02-15_2cc997dee98d.txt,False
02/15/2024,Speech,speech,"At ""Climate, Currency, and Central Banking,"" a conference sponsored by the Global Interdependence Center and the University of the Bahamas, Nassau, Bahamas",Governor Christopher J. Waller,The Dollar's International Role,https://www.federalreserve.gov/newsevents/speech/waller20240215a.htm,data/processed/fed_texts/fed_speeches/2024-02-15_9a2e6aa4b527.txt,False
02/16/2024,Speech,speech,"At the Annual Columbia Law School Banking Conference, New York, New York",Vice Chair for Supervision Michael S. Barr,"Supervision with Speed, Force, and Agility",https://www.federalreserve.gov/newsevents/speech/barr20240216a.htm,data/processed/fed_texts/fed_speeches/2024-02-16_a2ccedee8db4.txt,False
02/22/2024,Speech,speech,"At ""Macrofinance in the Long Run: New Insights on the Global Economy"" 2024 Annual Conference of the Julis-Rabinowitz Center for Public Policy & Finance at Princeton's School of Public and International Affairs, Princeton, New Jersey",Governor Lisa D. Cook,Sources of Uncertainty in the Short Run and the Long Run,https://www.federalreserve.gov/newsevents/speech/cook20240222a.htm,data/processed/fed_texts/fed_speeches/2024-02-22_993866450d42.txt,False
02/22/2024,Speech,speech,"At the Peterson Institute for International Economics, Washington, D.C.",Vice Chair Philip N. Jefferson,Is This Time Different? Recent Monetary Policy Cycles in Retrospect,https://www.federalreserve.gov/newsevents/speech/jefferson20240222a.htm,data/processed/fed_texts/fed_speeches/2024-02-22_4d29f140fc80.txt,False
02/22/2024,Speech,speech,"At the Finding Forward Speaker Series, University of St. Thomas, Opus College of Business, Minneapolis, MN",Governor Christopher J. Waller,What’s the Rush?,https://www.federalreserve.gov/newsevents/speech/waller20240222a.htm,data/processed/fed_texts/fed_speeches/2024-02-22_c3cbbbd489d5.txt,False
02/27/2024,Speech,speech,"At Basel Committee on Banking Supervision-Federal Reserve Counterparty Credit Risk Conference, New York, New York",Vice Chair for Supervision Michael S. Barr,The Importance of Counterparty Credit Risk Management,https://www.federalreserve.gov/newsevents/speech/barr20240227a.htm,data/processed/fed_texts/fed_speeches/2024-02-27_2aa15e3aadc9.txt,False
02/27/2024,Speech,speech,"At the Florida Bankers Association Leadership Luncheon Events, Miami, Florida",Governor Michelle W. Bowman,Reflections on the Economy and Bank Regulation,https://www.federalreserve.gov/newsevents/speech/bowman20240227a.htm,data/processed/fed_texts/fed_speeches/2024-02-27_2c26be707052.txt,False
03/01/2024,Speech,speech,"At the 2024 Stanford Institute for Economic Policy Research Economic Summit, Stanford University, Stanford, California",Governor Adriana D. Kugler,Disinflation without a Rise in Unemployment? What Is Different This Time Around,https://www.federalreserve.gov/newsevents/speech/kugler20240301a.htm,data/processed/fed_texts/fed_speeches/2024-03-01_909deee0c45c.txt,False
03/01/2024,Remarks,speech,"At the 2024 U.S. Monetary Policy Forum, New York, New York",Governor Christopher J. Waller,"Thoughts on Quantitative Tightening, Including Remarks on the Paper ""Quantitative Tightening around the Globe: What Have We Learned?""",https://www.federalreserve.gov/newsevents/speech/waller20240301a.htm,data/processed/fed_texts/fed_speeches/2024-03-01_b9ced72710c7.txt,False
03/05/2024,Speech,speech,"At the Harvard Law School Faculty Club, Cambridge, Massachusetts",Governor Michelle W. Bowman,"Tailoring, Fidelity to the Rule of Law, and Unintended Consequences",https://www.federalreserve.gov/newsevents/speech/bowman20240305a.htm,data/processed/fed_texts/fed_speeches/2024-03-05_b6f8753f186c.txt,False
03/07/2024,Speech,speech,"At the New Jersey Bankers Association Annual Economic Leadership Forum, Somerset, New Jersey",Governor Michelle W. Bowman,Reflections on the Economy and Bank Regulation,https://www.federalreserve.gov/newsevents/speech/bowman20240307a.htm,data/processed/fed_texts/fed_speeches/2024-03-07_23bda94d1712.txt,False
03/25/2024,Speech,speech,"At Ec10b Principles of Economics Lecture, Department of Economics, Faculty of Arts and Sciences, Harvard University, Cambridge, Massachusetts",Governor Lisa D. Cook,The Dual Mandate and the Balance of Risks,https://www.federalreserve.gov/newsevents/speech/cook20240325a.htm,data/processed/fed_texts/fed_speeches/2024-03-25_58cf66e6b0a3.txt,False
03/27/2024,Speech,speech,"At the Economic Club of New York, New York, New York",Governor Christopher J. Waller,There’s Still No Rush,https://www.federalreserve.gov/newsevents/speech/waller20240327a.htm,data/processed/fed_texts/fed_speeches/2024-03-27_48d48b8f565c.txt,False
04/01/2024,Speech,speech,"At the Samuel DuBois Cook Center Career Achievement Awards Ceremony, the University Club, Washington, D.C.",Governor Lisa D. Cook,"Hope, Promise, and Mentors",https://www.federalreserve.gov/newsevents/speech/cook20240401a.htm,data/processed/fed_texts/fed_speeches/2024-04-01_061d5d38e921.txt,False
04/02/2024,Speech,speech,"At A Workshop on the Future of Banking, hosted by the Federal Reserve Bank of Kansas City, Kansas City, Missouri",Governor Michelle W. Bowman,"Bank Mergers and Acquisitions, and De Novo Bank Formation: Implications for the Future of the Banking System",https://www.federalreserve.gov/newsevents/speech/bowman20240402a.htm,data/processed/fed_texts/fed_speeches/2024-04-02_0186dd6443c8.txt,False
04/03/2024,Speech,speech,"At The Roundtable on the Lender of Last Resort: The 2023 Banking Crisis and COVID, sponsored by the Committee on Capital Markets Regulation, Washington, D.C.",Governor Michelle W. Bowman,"Bank Liquidity, Regulation, and the Fed's Role as Lender of Last Resort",https://www.federalreserve.gov/newsevents/speech/bowman20240403a.htm,data/processed/fed_texts/fed_speeches/2024-04-03_bc9380370343.txt,False
04/03/2024,Speech,speech,"At the Weidenbaum Center on the Economy, Government, and Public Policy, Washington University in St. Louis, St. Louis, Missouri",Governor Adriana D. Kugler,The Outlook for the U.S. Economy and Monetary Policy,https://www.federalreserve.gov/newsevents/speech/kugler20240403a.htm,data/processed/fed_texts/fed_speeches/2024-04-03_404ba39e6f37.txt,False
04/03/2024,Opening Remarks,speech,"At the Stanford Business, Government, and Society Forum, Stanford Graduate School of Business, Stanford, California",Chair Jerome H. Powell,Opening Remarks,https://www.federalreserve.gov/newsevents/speech/powell20240403a.htm,data/processed/fed_texts/fed_speeches/2024-04-03_aefcf9cee976.txt,False
04/04/2024,Speech,speech,"At Women in Economics Symposium, Federal Reserve Bank of St. Louis, St. Louis, Missouri",Governor Adriana D. Kugler,Enriching Data and Analysis in Economics with Real Life Experiences,https://www.federalreserve.gov/newsevents/speech/kugler20240404a.htm,data/processed/fed_texts/fed_speeches/2024-04-04_cbce59917012.txt,False
04/05/2024,Speech,speech,"At “Frameworks for Monetary Policy, Regulation, and Bank Capital” Spring 2024 Meeting of the Shadow Open Market Committee, hosted by the Manhattan Institute, New York, New York",Governor Michelle W. Bowman,Risks and Uncertainty in Monetary Policy: Current and Past Considerations,https://www.federalreserve.gov/newsevents/speech/bowman20240405a.htm,data/processed/fed_texts/fed_speeches/2024-04-05_8c6940452f71.txt,False
04/16/2024,Speech,speech,"At the International Research Forum on Monetary Policy, Washington, D.C.",Vice Chair Philip N. Jefferson,Economic Uncertainty and the Evolution of Monetary Policymaking,https://www.federalreserve.gov/newsevents/speech/jefferson20240416a.htm,data/processed/fed_texts/fed_speeches/2024-04-16_f0be3b77f9a3.txt,False
04/18/2024,Opening Remarks,speech,"At the 2024 New York Fed Regional and Community Banking Conference, New York, New York (via prerecorded video)",Governor Michelle W. Bowman,Opening Remarks,https://www.federalreserve.gov/newsevents/speech/bowman20240418a.htm,data/processed/fed_texts/fed_speeches/2024-04-18_42d40cd27c0b.txt,False
05/03/2024,Brief Remarks,speech,"At the Massachusetts Bankers Association Annual Convention, Key Biscayne, Florida",Governor Michelle W. Bowman,Brief Remarks on the Economy and Monetary Policy,https://www.federalreserve.gov/newsevents/speech/bowman20240503a.htm,data/processed/fed_texts/fed_speeches/2024-05-03_63dbe2fe7fcc.txt,False
05/04/2024,Speech,speech,"At the 2024 Commencement, Georgia College and State University College of Business and Technology and College of Arts and Sciences, at separate ceremonies, Milledgeville, Georgia",Governor Lisa D. Cook,"""Oh, the Places You’ll Go and the Things You’ll Do""",https://www.federalreserve.gov/newsevents/speech/cook20240504a.htm,data/processed/fed_texts/fed_speeches/2024-05-04_018aa1a38975.txt,False
05/08/2024,Speech,speech,"At the Brookings Institution, Washington, D.C.",Governor Lisa D. Cook,Current Assessment of Financial Stability,https://www.federalreserve.gov/newsevents/speech/cook20240508a.htm,data/processed/fed_texts/fed_speeches/2024-05-08_44828b193c70.txt,False
05/10/2024,Remarks,speech,"At the American University School of Public Affairs Graduation Ceremony, Washington, D.C.",Vice Chair for Supervision Michael S. Barr,Commencement Remarks,https://www.federalreserve.gov/newsevents/speech/barr20240510a.htm,data/processed/fed_texts/fed_speeches/2024-05-10_4552065cd1b2.txt,False
05/10/2024,Speech,speech,"At the Texas Bankers Association 2024 Annual Meeting, Arlington, Texas",Governor Michelle W. Bowman,Financial Stability Risks: Resiliency and the Role of Regulators,https://www.federalreserve.gov/newsevents/speech/bowman20240510a.htm,data/processed/fed_texts/fed_speeches/2024-05-10_440a48646e7e.txt,False
05/13/2024,Speech,speech,"At “Central Bank Communications: Theory and Practice,” a conference hosted by the Federal Reserve Bank of Cleveland, Cleveland, Ohio",Vice Chair Philip N. Jefferson,Communicating about Monetary Policy,https://www.federalreserve.gov/newsevents/speech/jefferson20240513a.htm,data/processed/fed_texts/fed_speeches/2024-05-13_dea3acc6544b.txt,False
05/14/2024,Speech,speech,"At the Expanding Access to Capital for CDFIs event, hosted by the Federal Reserve Bank of New York, New York, New York",Governor Lisa D. Cook,Growth and Change at Community Development Financial Institutions,https://www.federalreserve.gov/newsevents/speech/cook20240514a.htm,data/processed/fed_texts/fed_speeches/2024-05-14_239f57e2df45.txt,False
05/15/2024,Speech,speech,"At The Digital Chamber DC Blockchain Summit 2024, Washington, D.C.",Governor Michelle W. Bowman,Innovation and the Evolving Financial Landscape,https://www.federalreserve.gov/newsevents/speech/bowman20240515a.htm,data/processed/fed_texts/fed_speeches/2024-05-15_cec2f2609fd2.txt,False
05/17/2024,Brief Remarks,speech,"At the Pennsylvania Bankers Association 2024 Convention, Nashville, Tennessee",Governor Michelle W. Bowman,"Brief Remarks on the Economy, Monetary Policy, and Bank Regulation",https://www.federalreserve.gov/newsevents/speech/bowman20240517a.htm,data/processed/fed_texts/fed_speeches/2024-05-17_d0c1846fb316.txt,False
05/17/2024,Speech,speech,"At the International Organization for Standardization Technical Committee 68 Financial Services 44th Plenary Meeting, hosted by the Federal Reserve Bank of Minneapolis, Minneapolis, Minnesota",Governor Christopher J. Waller,"Payments Innovation, Technical Standards, and the Federal Reserve's Roles",https://www.federalreserve.gov/newsevents/speech/waller20240517a.htm,data/processed/fed_texts/fed_speeches/2024-05-17_0922dc12bcab.txt,False
05/18/2024,Speech,speech,"At the 2024 Diploma Ceremony, Frank Batten School of Leadership and Public Policy, University of Virginia, Charlottesville, Virginia",Governor Adriana D. Kugler,"On the Road Ahead, Cherish the Detours",https://www.federalreserve.gov/newsevents/speech/kugler20240518a.htm,data/processed/fed_texts/fed_speeches/2024-05-18_e6f64b6b6229.txt,False
05/19/2024,Address,speech,"At Georgetown University, Washington, D.C. (via prerecorded video)",Chair Jerome H. Powell,Georgetown University Law Center Commencement Address,https://www.federalreserve.gov/newsevents/speech/powell20240519a.htm,data/processed/fed_texts/fed_speeches/2024-05-19_386c72bbc093.txt,False
05/20/2024,Speech,speech,"At Central Banking in the Post-Pandemic Financial System 28th Annual Financial Markets Conference, the Federal Reserve Bank of Atlanta, Fernandina Beach, Florida",Vice Chair for Supervision Michael S. Barr,On Building a Resilient Regulatory Framework,https://www.federalreserve.gov/newsevents/speech/barr20240520a.htm,data/processed/fed_texts/fed_speeches/2024-05-20_45ae2eeaf124.txt,False
05/20/2024,Speech,speech,"At the Mortgage Bankers Association’s Secondary and Capital Markets Conference and Expo 2024 New York, New York",Vice Chair Philip N. Jefferson,U.S. Economic Outlook and Housing Price Dynamics,https://www.federalreserve.gov/newsevents/speech/jefferson20240520a.htm,data/processed/fed_texts/fed_speeches/2024-05-20_99a0ab5d90dd.txt,False
05/20/2024,Welcoming Remarks,speech,"At the Third Conference on the International Roles of the U.S. Dollar, hosted by the Federal Reserve Board, Washington, D.C.",Governor Christopher J. Waller,Welcoming Remarks on the International Role of the U.S. Dollar,https://www.federalreserve.gov/newsevents/speech/waller20240520a.htm,data/processed/fed_texts/fed_speeches/2024-05-20_540891b77f61.txt,False
05/21/2024,Speech,speech,"At the Peterson Institute for International Economics, Washington, D.C.",Governor Christopher J. Waller,"Little by Little, Progress Seems to be Resuming.",https://www.federalreserve.gov/newsevents/speech/waller20240521a.htm,data/processed/fed_texts/fed_speeches/2024-05-21_aa725e3c52c6.txt,False
05/24/2024,Speech,speech,"At the Reykjavik Economic Conference, Reykjavik, Iceland",Governor Christopher J. Waller,Some Thoughts on r*: Why Did It Fall and Will It Rise?,https://www.federalreserve.gov/newsevents/speech/waller20240524a.htm,data/processed/fed_texts/fed_speeches/2024-05-24_62d6e67ccb6c.txt,False
05/28/2024,Speech,speech,"At the 2024 BOJ-IMES Conference, hosted by the Institute for Monetary and Economic Studies, Bank of Japan, Tokyo, Japan",Governor Michelle W. Bowman,The Federal Reserve's Balance Sheet as a Monetary Policy Tool: Past Lessons and Future Considerations,https://www.federalreserve.gov/newsevents/speech/bowman20240528a.htm,data/processed/fed_texts/fed_speeches/2024-05-28_e73b1f4cb059.txt,False
06/07/2024,Speech,speech,"At the Girls Global Academy 2024 Commencement Ceremony, Washington, D.C.",Governor Lisa D. Cook,A New Class of Trailblazers,https://www.federalreserve.gov/newsevents/speech/cook20240607a.htm,data/processed/fed_texts/fed_speeches/2024-06-07_3ac7a76ee692.txt,False
06/14/2024,Speech,speech,"At Celebrating 50 Years of the American Economic Association Summer Program, Washington, D.C.",Governor Lisa D. Cook,Lessons from the American Economic Association Summer Program,https://www.federalreserve.gov/newsevents/speech/cook20240614a.htm,data/processed/fed_texts/fed_speeches/2024-06-14_0525f1e63a11.txt,False
06/17/2024,Speech,speech,"At The Salzburg Global Seminar on Financial Technology Innovation, Social Impact, and Regulation: Do We Need New Paradigms?, Salzburg, Austria",Governor Michelle W. Bowman,Innovation in the Financial System,https://www.federalreserve.gov/newsevents/speech/bowman20240617a.htm,data/processed/fed_texts/fed_speeches/2024-06-17_de39329f2925.txt,False
06/17/2024,Speech,speech,"At the 2024 Marshall Forum: A U.S.-U.K. Strategic and Economic Dialogue, Chicago, Illinois",Governor Lisa D. Cook,A Transformative Experience,https://www.federalreserve.gov/newsevents/speech/cook20240617a.htm,data/processed/fed_texts/fed_speeches/2024-06-17_3b9c6fce4526.txt,False
06/18/2024,Speech,speech,"At the Peterson Institute for International Economics, Washington, D.C.",Governor Adriana D. Kugler,Some Reasons for Optimism about Inflation,https://www.federalreserve.gov/newsevents/speech/kugler20240618a.htm,data/processed/fed_texts/fed_speeches/2024-06-18_00969ed91a06.txt,False
06/24/2024,Welcoming Remarks,speech,"At the 2024 International Journal of Central Banking Conference, Rome, Italy",Governor Christopher J. Waller,Welcoming Remarks,https://www.federalreserve.gov/newsevents/speech/waller20240624a.htm,data/processed/fed_texts/fed_speeches/2024-06-24_e25a7b2a770c.txt,False
06/25/2024,Speech,speech,"At Policy Exchange, London, England",Governor Michelle W. Bowman,Perspectives on U.S. Monetary Policy and Bank Capital Reform,https://www.federalreserve.gov/newsevents/speech/bowman20240625a.htm,data/processed/fed_texts/fed_speeches/2024-06-25_21e3ba62504b.txt,False
06/25/2024,Opening Remarks,speech,"At the Midwest Cyber Workshop hosted by the Federal Reserve Banks of St. Louis, Chicago, and Kansas City, St. Louis, Missouri",Governor Michelle W. Bowman,Opening Remarks,https://www.federalreserve.gov/newsevents/speech/bowman20240625b.htm,data/processed/fed_texts/fed_speeches/2024-06-25_bea617eb4fcb.txt,False
06/25/2024,Speech,speech,"At the Economic Club of New York, New York, New York",Governor Lisa D. Cook,Moving Toward Better Balance and Implications for Monetary Policy,https://www.federalreserve.gov/newsevents/speech/cook20240625a.htm,data/processed/fed_texts/fed_speeches/2024-06-25_b06bc59d4978.txt,False
06/26/2024,Speech,speech,"At the ISDA Board of Directors, London, England",Governor Michelle W. Bowman,The Consequences of Bank Capital Reform,https://www.federalreserve.gov/newsevents/speech/bowman20240626a.htm,data/processed/fed_texts/fed_speeches/2024-06-26_48ed1e3697fe.txt,False
06/27/2024,Brief Remarks,speech,"At the Idaho, Nevada, Oregon, and Washington Bankers Associations 2024 Annual Convention, Stevenson, Washington",Governor Michelle W. Bowman,"Brief Remarks on the Economy, Monetary Policy, and Bank Regulation",https://www.federalreserve.gov/newsevents/speech/bowman20240627a.htm,data/processed/fed_texts/fed_speeches/2024-06-27_273b03ce5716.txt,False
07/09/2024,Speech,speech,"At Financial Inclusion Practices and Innovations Conference, Board of Governors of the Federal Reserve System, Washington, D.C.",Vice Chair for Supervision Michael S. Barr,"Financial Inclusion: Past, Present, and Hopes for the Future",https://www.federalreserve.gov/newsevents/speech/barr20240709a.htm,data/processed/fed_texts/fed_speeches/2024-07-09_357a95bf672d.txt,False
07/09/2024,Speech,speech,"At Financial Inclusion Practices and Innovations, Washington, D.C.",Governor Michelle W. Bowman,Promoting an Inclusive Financial System,https://www.federalreserve.gov/newsevents/speech/bowman20240709a.htm,data/processed/fed_texts/fed_speeches/2024-07-09_1224ad8cf024.txt,False
07/10/2024,Opening Remarks,speech,"At Fed Listens: Exploring Challenges Facing the Childcare Industry, Working Parents, and Employers, Chicago, Illinois",Governor Michelle W. Bowman,Opening Remarks,https://www.federalreserve.gov/newsevents/speech/bowman20240710a.htm,data/processed/fed_texts/fed_speeches/2024-07-10_d5a45b371bab.txt,False
07/10/2024,Speech,speech,"At the Australian Conference of Economists 2024, Adelaide, Australia",Governor Lisa D. Cook,Common Inflation and Monetary Policy Challenges across Countries,https://www.federalreserve.gov/newsevents/speech/cook20240710a.htm,data/processed/fed_texts/fed_speeches/2024-07-10_ac7f53d2b5cf.txt,False
07/16/2024,Speech,speech,"At the 21st Annual Economic Measurement Seminar, National Association for Business Economics Foundation, Washington, D.C.",Governor Adriana D. Kugler,The Challenges Facing Economic Measurement and Creative Solutions,https://www.federalreserve.gov/newsevents/speech/kugler20240716a.htm,data/processed/fed_texts/fed_speeches/2024-07-16_dc9ede5d9a09.txt,False
07/17/2024,Speech,speech,"At the Federal Reserve Bank of Kansas City, Kansas City, Missouri",Governor Christopher J. Waller,Getting Closer,https://www.federalreserve.gov/newsevents/speech/waller20240717a.htm,data/processed/fed_texts/fed_speeches/2024-07-17_c17bccef1be9.txt,False
07/18/2024,Speech,speech,"At ""Exploring Conventional Bank Funding Regimes in an Unconventional World"" A Research Conference Co-Sponsored by the Federal Reserve Banks of Dallas and Atlanta, Dallas, Texas",Governor Michelle W. Bowman,"Liquidity, Supervision, and Regulatory Reform",https://www.federalreserve.gov/newsevents/speech/bowman20240718a.htm,data/processed/fed_texts/fed_speeches/2024-07-18_9bfbd39e1599.txt,False
07/24/2024,Opening Remarks,speech,"At ""Advance Together: Celebrating the Achievements of Texas Community Partnerships,"" a public event at the Federal Reserve Bank of Dallas, Dallas, Texas (via pre-recorded video)",Governor Michelle W. Bowman,Opening Remarks,https://www.federalreserve.gov/newsevents/speech/bowman20240724a.htm,data/processed/fed_texts/fed_speeches/2024-07-24_fa52a952a1cc.txt,False
08/10/2024,Speech,speech,"At the 2024 CEO and Senior Management Summit and Annual Meeting, sponsored by the Kansas Bankers Association, Colorado Springs, Colorado",Governor Michelle W. Bowman,"Update on the Economic Outlook, and Perspective on Bank Culture, M&A, and Liquidity",https://www.federalreserve.gov/newsevents/speech/bowman20240810a.htm,data/processed/fed_texts/fed_speeches/2024-08-10_142f7604f759.txt,False
08/19/2024,Opening Remarks,speech,"At the Summer Workshop on Money, Banking, Payments, and Finance, Washington, D.C.",Governor Christopher J. Waller,Opening Remarks,https://www.federalreserve.gov/newsevents/speech/waller20240819a.htm,data/processed/fed_texts/fed_speeches/2024-08-19_eeb476b16db6.txt,False
08/20/2024,Remarks,speech,"At the Alaska Bankers Association, Anchorage, Alaska",Governor Michelle W. Bowman,Remarks on the Economic Outlook and Financial Inclusion,https://www.federalreserve.gov/newsevents/speech/bowman20240820a.htm,data/processed/fed_texts/fed_speeches/2024-08-20_00dc788c25d5.txt,False
08/23/2024,Speech,speech,"At “Reassessing the Effectiveness and Transmission of Monetary Policy,” an economic symposium sponsored by the Federal Reserve Bank of Kansas City, Jackson Hole, Wyoming",Chair Jerome H. Powell,Review and Outlook,https://www.federalreserve.gov/newsevents/speech/powell20240823a.htm,data/processed/fed_texts/fed_speeches/2024-08-23_455878a55987.txt,False
08/28/2024,Speech,speech,"At the Global Fintech Fest, Mumbai, India",Governor Christopher J. Waller,Interlinking Fast Payment Systems,https://www.federalreserve.gov/newsevents/speech/waller20240828a.htm,data/processed/fed_texts/fed_speeches/2024-08-28_ffb75ddb0d0f.txt,False
09/06/2024,Speech,speech,"At the University of Notre Dame, Notre Dame, Indiana",Governor Christopher J. Waller,The Time Has Come,https://www.federalreserve.gov/newsevents/speech/waller20240906a.htm,data/processed/fed_texts/fed_speeches/2024-09-06_e618c5897827.txt,False
09/10/2024,Speech,speech,"At the Brookings Institution, Washington, D.C.",Vice Chair for Supervision Michael S. Barr,The Next Steps on Capital,https://www.federalreserve.gov/newsevents/speech/barr20240910a.htm,data/processed/fed_texts/fed_speeches/2024-09-10_3ac382794734.txt,False
09/10/2024,Speech,speech,"At the Executive Council of the Banking Law Section of the Federal Bar Association, Washington, D.C",Governor Michelle W. Bowman,The Future of Stress Testing and the Stress Capital Buffer Framework,https://www.federalreserve.gov/newsevents/speech/bowman20240910a.htm,data/processed/fed_texts/fed_speeches/2024-09-10_b39133abdf90.txt,False
09/20/2024,Statement,speech,,Governor Michelle W. Bowman,Statement by Governor Michelle W. Bowman,https://www.federalreserve.gov/newsevents/speech/bowman20240920a.htm,data/processed/fed_texts/fed_speeches/2024-09-20_fe35128a2943.txt,False
09/24/2024,Speech,speech,"At the 2024 Kentucky Bankers Association Annual Convention, Hot Springs, Virginia",Governor Michelle W. Bowman,Recent Views on Monetary Policy and the Economic Outlook,https://www.federalreserve.gov/newsevents/speech/bowman20240924a.htm,data/processed/fed_texts/fed_speeches/2024-09-24_48a2141705c9.txt,False
09/25/2024,Speech,speech,"At the Mossavar-Rahmani Center for Business and Government, Harvard Kennedy School, Cambridge, Massachusetts",Governor Adriana D. Kugler,How We Got Here: A Perspective on Inflation and the Labor Market,https://www.federalreserve.gov/newsevents/speech/kugler20240925a.htm,data/processed/fed_texts/fed_speeches/2024-09-25_14880ce45b73.txt,False
09/26/2024,Speech,speech,"At the 2024 U.S. Treasury Market Conference, Federal Reserve Bank of New York, New York, New York",Vice Chair for Supervision Michael S. Barr,Supporting Market Resilience and Financial Stability,https://www.federalreserve.gov/newsevents/speech/barr20240926a.htm,data/processed/fed_texts/fed_speeches/2024-09-26_0bef2b9e1a4e.txt,False
09/26/2024,Speech,speech,"At the Mid-Size Bank Coalition of America Board of Directors Workshop, Dallas, Texas",Governor Michelle W. Bowman,Recent Views on Monetary Policy and the Economic Outlook,https://www.federalreserve.gov/newsevents/speech/bowman20240926a.htm,data/processed/fed_texts/fed_speeches/2024-09-26_ee5c64dae04d.txt,False
09/26/2024,Speech,speech,"At The Ohio State University, Columbus, Ohio",Governor Lisa D. Cook,What Will Artificial Intelligence Mean for America’s Workers?,https://www.federalreserve.gov/newsevents/speech/cook20240926a.htm,data/processed/fed_texts/fed_speeches/2024-09-26_f2b3d6335d62.txt,False
09/26/2024,Opening Remarks,speech,"At the 10th Annual U.S. Treasury Market Conference, Federal Reserve Bank of New York, New York, New York (via prerecorded video)",Chair Jerome H. Powell,Opening Remarks,https://www.federalreserve.gov/newsevents/speech/powell20240926a.htm,data/processed/fed_texts/fed_speeches/2024-09-26_126cc1f9f15c.txt,True
09/30/2024,Speech,speech,"At the Georgia Bankers Association President/CEO Conference, Charleston, South Carolina",Governor Michelle W. Bowman,Recent Views on Monetary Policy and the Economic Outlook,https://www.federalreserve.gov/newsevents/speech/bowman20240930a.htm,data/processed/fed_texts/fed_speeches/2024-09-30_5a1dd82ab718.txt,False
09/30/2024,Speech,speech,"At the National Association for Business Economics Annual Meeting, Nashville, Tennessee",Chair Jerome H. Powell,Economic Outlook,https://www.federalreserve.gov/newsevents/speech/powell20240930a.htm,data/processed/fed_texts/fed_speeches/2024-09-30_efa740b25961.txt,False
10/01/2024,Speech,speech,"At “Technology-Enabled Disruption: Implications of AI, Big Data, and Remote Work,” a conference organized by the Federal Reserve Banks of Atlanta, Boston, and Richmond, Atlanta, Georgia",Governor Lisa D. Cook,"Artificial Intelligence, Big Data, and the Path Ahead for Productivity",https://www.federalreserve.gov/newsevents/speech/cook20241001a.htm,data/processed/fed_texts/fed_speeches/2024-10-01_7f0e2db391b9.txt,False
10/02/2024,Speech,speech,"At the 2024 Community Banking Research Conference, sponsored by the Federal Reserve System, the Conference of State Bank Supervisors, and the Federal Deposit Insurance Corporation, St. Louis, Missouri",Governor Michelle W. Bowman,Building a Community Banking Framework for the Future,https://www.federalreserve.gov/newsevents/speech/bowman20241002a.htm,data/processed/fed_texts/fed_speeches/2024-10-02_5d530c2fda4e.txt,False
10/08/2024,Speech,speech,"At Davidson College, Davidson, North Carolina",Vice Chair Philip N. Jefferson,A History of the Fed's Discount Window: 1913–2000,https://www.federalreserve.gov/newsevents/speech/jefferson20241008a.htm,data/processed/fed_texts/fed_speeches/2024-10-08_ac7a234fc2aa.txt,True
10/08/2024,Speech,speech,"At the Conference on Monetary Policy 2024: Bridging Science and Practice, European Central Bank, Frankfurt, Germany",Governor Adriana D. Kugler,The Global Fight Against Inflation,https://www.federalreserve.gov/newsevents/speech/kugler20241008a.htm,data/processed/fed_texts/fed_speeches/2024-10-08_4e4af296208d.txt,False
10/09/2024,Speech,speech,"At the Charlotte Economics Club, Charlotte, North Carolina",Vice Chair Philip N. Jefferson,The Fed's Discount Window: 1990 to the Present,https://www.federalreserve.gov/newsevents/speech/jefferson20241009a.htm,data/processed/fed_texts/fed_speeches/2024-10-09_3713b9453085.txt,False
10/10/2024,Speech,speech,"At the 2024 Women for Women Summit, Charleston, South Carolina",Governor Lisa D. Cook,"Entrepreneurs, Innovation, and Participation",https://www.federalreserve.gov/newsevents/speech/cook20241010a.htm,data/processed/fed_texts/fed_speeches/2024-10-10_2fa1d49e382c.txt,False
10/11/2024,Speech,speech,"At the 18th Annual Community Bankers Symposium, Community Banking: Navigating a Changing Landscape, Chicago, Illinois",Governor Michelle W. Bowman,Challenges to the Community Banking Model,https://www.federalreserve.gov/newsevents/speech/bowman20241011a.htm,data/processed/fed_texts/fed_speeches/2024-10-11_b2fc45f35350.txt,False
10/14/2024,Speech,speech,"At “A 50 Year Retrospective on the Shadow Open Market Committee and Its Role in Monetary Policy,” a conference sponsored by the Hoover Institution, Stanford University, Stanford, California",Governor Christopher J. Waller,Thoughts on the Economy and Policy Rules at the Federal Open Market Committee,https://www.federalreserve.gov/newsevents/speech/waller20241014a.htm,data/processed/fed_texts/fed_speeches/2024-10-14_40161ea7ab83.txt,False
10/18/2024,Speech,speech,"At the Vienna Macroeconomics Workshop, Institute of Advanced Studies, Vienna, Austria",Governor Christopher J. Waller,Centralized and Decentralized Finance: Substitutes or Complements?,https://www.federalreserve.gov/newsevents/speech/waller20241018a.htm,data/processed/fed_texts/fed_speeches/2024-10-18_6cd0159cfb76.txt,False
10/23/2024,Opening Remarks,speech,"At the Eighth Annual Fintech Conference, Philadelphia, Pennsylvania",Governor Michelle W. Bowman,Opening Remarks,https://www.federalreserve.gov/newsevents/speech/bowman20241023a.htm,data/processed/fed_texts/fed_speeches/2024-10-23_7325c4da54c8.txt,False
11/12/2024,Speech,speech,"At The Clearing House Annual Conference 2024, New York, New York",Governor Christopher J. Waller,What Roles Should the Private Sector and the Federal Reserve Play in Payments?,https://www.federalreserve.gov/newsevents/speech/waller20241112a.htm,data/processed/fed_texts/fed_speeches/2024-11-12_492c49ac4e32.txt,False
11/14/2024,Speech,speech,"At the Albert Hirschman Lecture, 2024 Annual Meeting of the Latin American and Caribbean Economic Association and the Latin American and Caribbean Chapter of the Econometric Society, Montevideo, Uruguay",Governor Adriana D. Kugler,Central Bank Independence and the Conduct of Monetary Policy,https://www.federalreserve.gov/newsevents/speech/kugler20241114a.htm,data/processed/fed_texts/fed_speeches/2024-11-14_0a3da847c137.txt,False
11/14/2024,Speech,speech,"At Conversation with Federal Reserve Chair Jerome Powell, Dallas, Texas",Chair Jerome H. Powell,Economic Outlook,https://www.federalreserve.gov/newsevents/speech/powell20241114a.htm,data/processed/fed_texts/fed_speeches/2024-11-14_048d7e838643.txt,False
11/20/2024,Speech,speech,"At the Forum Club of the Palm Beaches, West Palm Beach, Florida",Governor Michelle W. Bowman,Approaching Policymaking Pragmatically,https://www.federalreserve.gov/newsevents/speech/bowman20241120a.htm,data/processed/fed_texts/fed_speeches/2024-11-20_efc4c0cb043a.txt,False
11/20/2024,Speech,speech,"At the University of Virginia, Charlottesville, Virginia",Governor Lisa D. Cook,Economic Outlook,https://www.federalreserve.gov/newsevents/speech/cook20241120a.htm,data/processed/fed_texts/fed_speeches/2024-11-20_8ecdede1656b.txt,False
11/22/2024,Speech,speech,"At the 27th Annual Symposium on Building the Financial System of the 21st Century: An Agenda for Japan and the United States, Washington, D.C.",Governor Michelle W. Bowman,Artificial Intelligence in the Financial System,https://www.federalreserve.gov/newsevents/speech/bowman20241122a.htm,data/processed/fed_texts/fed_speeches/2024-11-22_a3102cea3dbf.txt,False
12/02/2024,Speech,speech,"At ""Building a Better Fed Framework,"" American Institute for Economic Research Monetary Conference, Washington, D.C.",Governor Christopher J. Waller,Cut or Skip?,https://www.federalreserve.gov/newsevents/speech/waller20241202a.htm,data/processed/fed_texts/fed_speeches/2024-12-02_76d6cd1cbaea.txt,False
12/03/2024,Speech,speech,"At the Detroit Economic Club, Detroit, Michigan",Governor Adriana D. Kugler,A Year in Review: A Tale of Two Supply Shocks,https://www.federalreserve.gov/newsevents/speech/kugler20241203a.htm,data/processed/fed_texts/fed_speeches/2024-12-03_38d069130b67.txt,False
01/06/2025,Speech,speech,"At the Seventh Conference on Law and Macroeconomics, University of Michigan Law School, Ann Arbor, Michigan",Governor Lisa D. Cook,An Assessment of the Economy and Financial Stability,https://www.federalreserve.gov/newsevents/speech/cook20250106a.htm,data/processed/fed_texts/fed_speeches/2025-01-06_a319280842a2.txt,False
01/08/2025,Speech,speech,"At Lectures of the Governor, Organization for Economic Cooperation and Development, Paris, France",Governor Christopher J. Waller,Challenges Facing Central Bankers,https://www.federalreserve.gov/newsevents/speech/waller20250108a.htm,data/processed/fed_texts/fed_speeches/2025-01-08_3a8310c98009.txt,False
01/09/2025,Speech,speech,"At the California Bankers Association 2025 Bank Presidents Seminar, Laguna Beach, California",Governor Michelle W. Bowman,"Reflections on 2024: Monetary Policy, Economic Performance, and Lessons for Banking Regulation",https://www.federalreserve.gov/newsevents/speech/bowman20250109a.htm,data/processed/fed_texts/fed_speeches/2025-01-09_4063717d20f5.txt,False
01/31/2025,Brief Remarks,speech,"At The New England CEO Summit, Portsmouth, New Hampshire",Governor Michelle W. Bowman,"Brief Remarks on the Economy, and Perspective on Mutual and Community Banks",https://www.federalreserve.gov/newsevents/speech/bowman20250131a.htm,data/processed/fed_texts/fed_speeches/2025-01-31_38062d670027.txt,False
02/04/2025,Speech,speech,"At the Economics Department Special Lecture, Lafayette College, Easton, Pennsylvania",Vice Chair Philip N. Jefferson,U.S. Economic Outlook and Monetary Policy,https://www.federalreserve.gov/newsevents/speech/jefferson20250204a.htm,data/processed/fed_texts/fed_speeches/2025-02-04_83f01dc6e73c.txt,False
02/05/2025,Speech,speech,"At the Kansas Bankers Association Government Relations Conference, Topeka, Kansas",Governor Michelle W. Bowman,Bank Regulation in 2025 and Beyond,https://www.federalreserve.gov/newsevents/speech/bowman20250205a.htm,data/processed/fed_texts/fed_speeches/2025-02-05_d4ee08c25c9f.txt,False
02/05/2025,Speech,speech,"At Swarthmore College, Swarthmore, Pennsylvania",Vice Chair Philip N. Jefferson,Do Non-inflationary Economic Expansions Promote Shared Prosperity? Evidence from the U.S. Labor Market,https://www.federalreserve.gov/newsevents/speech/jefferson20250205a.htm,data/processed/fed_texts/fed_speeches/2025-02-05_ee9ae5faab55.txt,False
02/07/2025,Speech,speech,"At 2025 Miami Economic Forum, Economic Club of Miami, Miami, Florida",Governor Adriana D. Kugler,Entrepreneurship and Aggregate Productivity,https://www.federalreserve.gov/newsevents/speech/kugler20250207a.htm,data/processed/fed_texts/fed_speeches/2025-02-07_dbf1d0705897.txt,False
02/12/2025,Speech,speech,"At A Very Stable Conference, San Francisco, California",Governor Christopher J. Waller,Reflections on a Maturing Stablecoin Market,https://www.federalreserve.gov/newsevents/speech/waller20250212a.htm,data/processed/fed_texts/fed_speeches/2025-02-12_65f8fce0ba2c.txt,False
02/17/2025,Brief Remarks,speech,"At The American Bankers Association 2025 Conference for Community Bankers, Phoenix, Arizona",Governor Michelle W. Bowman,"Brief Remarks on the Economy and Accountability in Supervision, Applications, and Regulation",https://www.federalreserve.gov/newsevents/speech/bowman20250217a.htm,data/processed/fed_texts/fed_speeches/2025-02-17_9fbd0606e559.txt,False
02/17/2025,Speech,speech,"At the University of New South Wales Macroeconomic Workshop, Sydney, New South Wales, Australia",Governor Christopher J. Waller,Disinflation Progress Uneven but Still on Track Rates Cuts on Track as Well,https://www.federalreserve.gov/newsevents/speech/waller20250217a.htm,data/processed/fed_texts/fed_speeches/2025-02-17_e1fcc121a117.txt,False
02/18/2025,Speech,speech,"At the Council on Foreign Relations, New York, New York",Vice Chair for Supervision Michael S. Barr,Artificial Intelligence: Hypothetical Scenarios for the Future,https://www.federalreserve.gov/newsevents/speech/barr20250218a.htm,data/processed/fed_texts/fed_speeches/2025-02-18_d624a9535145.txt,False
02/19/2025,Speech,speech,"At the Martin H. Crego Lecture in Economics, Vassar College, Poughkeepsie, New York",Vice Chair Philip N. Jefferson,How Healthy are U.S. Households’ Balance Sheets?,https://www.federalreserve.gov/newsevents/speech/jefferson20250219a.htm,data/processed/fed_texts/fed_speeches/2025-02-19_15370b0a3d42.txt,False
02/20/2025,Speech,speech,"At Georgetown University Law Center, Washington, D.C.",Vice Chair for Supervision Michael S. Barr,Risks and Challenges for Bank Regulation and Supervision,https://www.federalreserve.gov/newsevents/speech/barr20250220a.htm,data/processed/fed_texts/fed_speeches/2025-02-20_727e0354506b.txt,False
02/20/2025,Speech,speech,"At the Whittington Lecture, McCourt School of Public Policy, Georgetown University, Washington, D.C.",Governor Adriana D. Kugler,Navigating Inflation Waves: A Phillips Curve Perspective,https://www.federalreserve.gov/newsevents/speech/kugler20250220a.htm,data/processed/fed_texts/fed_speeches/2025-02-20_5ce2dcb5149d.txt,False
02/21/2025,Speech,speech,"At the Macroeconomics and Monetary Policy Conference, Federal Reserve Bank of San Francisco, San Francisco, California",Vice Chair Philip N. Jefferson,Reading between the Lines? Textual Analysis of Central Bank Communications,https://www.federalreserve.gov/newsevents/speech/jefferson20250221a.htm,data/processed/fed_texts/fed_speeches/2025-02-21_58835604ba5a.txt,False
02/25/2025,Speech,speech,"At Yale School of Management, Program on Financial Stability, New Haven, Connecticut",Vice Chair for Supervision Michael S. Barr,Managing Financial Crises,https://www.federalreserve.gov/newsevents/speech/barr20250225a.htm,data/processed/fed_texts/fed_speeches/2025-02-25_e749bcccbbab.txt,False
02/27/2025,Speech,speech,"At Alliance for Innovative Regulation, Washington, D.C.",Vice Chair for Supervision Michael S. Barr,Promoting Responsible Innovation through the Novel Activities Program,https://www.federalreserve.gov/newsevents/speech/barr20250227a.htm,data/processed/fed_texts/fed_speeches/2025-02-27_1212c48126cc.txt,False
02/27/2025,Speech,speech,"At The Robbins Banking Institute Lecture Series, Hays, Kansas",Governor Michelle W. Bowman,Community Banking,https://www.federalreserve.gov/newsevents/speech/bowman20250227a.htm,data/processed/fed_texts/fed_speeches/2025-02-27_9dee28ac8e27.txt,False
03/07/2025,Remarks,speech,"At the 2025 U.S. Monetary Policy Forum, New York, New York",Governor Michelle W. Bowman,"Remarks on ""Monetary Policy Transmission to Real Activity"" and the Recent Experience",https://www.federalreserve.gov/newsevents/speech/bowman20250307a.htm,data/processed/fed_texts/fed_speeches/2025-03-07_d4740b369ca0.txt,False
03/07/2025,Speech,speech,"At the Conference on Monetary Policy Transmission and the Labor Market, Banco de Portugal, Lisbon, Portugal",Governor Adriana D. Kugler,The Rebalancing of Labor Markets across the World,https://www.federalreserve.gov/newsevents/speech/kugler20250307a.htm,data/processed/fed_texts/fed_speeches/2025-03-07_26db0547d21c.txt,False
03/07/2025,Speech,speech,"At the University of Chicago Booth School of Business 2025 U.S. Monetary Policy Forum, New York, New York",Chair Jerome H. Powell,Economic Outlook,https://www.federalreserve.gov/newsevents/speech/powell20250307a.htm,data/processed/fed_texts/fed_speeches/2025-03-07_5012798e16a4.txt,False
03/21/2025,Statement,speech,"At the most recent Federal Open Market Committee (FOMC) meeting, I supported no change in the federal funds target range but preferred to continue the current pace of decline in securities holdings.",Governor Christopher J. Waller,Statement by Governor Christopher J. Waller,https://www.federalreserve.gov/newsevents/speech/waller20250321a.htm,data/processed/fed_texts/fed_speeches/2025-03-21_47f805cbc3e6.txt,False
03/24/2025,Speech,speech,"At The Aspen Institute, Washington, D.C.",Governor Michael S. Barr,Helping Small Businesses Reach Their Potential,https://www.federalreserve.gov/newsevents/speech/barr20250324a.htm,data/processed/fed_texts/fed_speeches/2025-03-24_2e43d879886b.txt,False
03/25/2025,Speech,speech,"At the 2025 U.S. Hispanic Chamber of Commerce Legislative Summit, Washington, D.C.",Governor Adriana D. Kugler,"Latinos, Entrepreneurs, and the U.S. Economy",https://www.federalreserve.gov/newsevents/speech/kugler20250325a.htm,data/processed/fed_texts/fed_speeches/2025-03-25_16d9807cac42.txt,False
04/02/2025,Speech,speech,"At “Public Talk: Reflections on Recent Economic Developments,” cosponsored by the Griswold Center for Economic Policy Studies and the Julis-Rabinowitz Center for Public Policy and Finance, Princeton University, Princeton, New Jersey",Governor Adriana D. Kugler,Inflation Expectations and Monetary Policymaking,https://www.federalreserve.gov/newsevents/speech/kugler20250402a.htm,data/processed/fed_texts/fed_speeches/2025-04-02_c032333e1db9.txt,False
04/03/2025,Speech,speech,"At the 2025 McKay Lecture, University of Pittsburgh, Pittsburgh, Pennsylvania",Governor Lisa D. Cook,The Economic Outlook and Path of Policy,https://www.federalreserve.gov/newsevents/speech/cook20250403a.htm,data/processed/fed_texts/fed_speeches/2025-04-03_3312ccf646ea.txt,False
04/03/2025,Speech,speech,"At “Financial Intermediaries, Markets, and Monetary Policy,” a conference sponsored by the Federal Reserve Bank of Atlanta and the University of Virginia Darden School of Business, Atlanta, Georgia",Vice Chair Philip N. Jefferson,U.S. Economic Outlook and Central Bank Communications,https://www.federalreserve.gov/newsevents/speech/jefferson20250403a.htm,data/processed/fed_texts/fed_speeches/2025-04-03_2f9afbd7ab2b.txt,False
04/04/2025,Speech,speech,"At the Federal Reserve Bank of San Francisco, San Francisco, California",Governor Michael S. Barr,"AI, Fintechs, and Banks",https://www.federalreserve.gov/newsevents/speech/barr20250404a.htm,data/processed/fed_texts/fed_speeches/2025-04-04_f4654630f406.txt,False
04/04/2025,Speech,speech,"At the Society for Advancing Business Editing and Writing Annual Conference, Arlington, Virginia",Chair Jerome H. Powell,Economic Outlook,https://www.federalreserve.gov/newsevents/speech/powell20250404a.htm,data/processed/fed_texts/fed_speeches/2025-04-04_8f510b07f71d.txt,False
04/07/2025,Speech,speech,"At Ec10b Principles of Economics Lecture, Department of Economics, Faculty of Arts and Sciences, Harvard University, Cambridge, Massachusetts",Governor Adriana D. Kugler,Inflation Dynamics and the Phillips Curve,https://www.federalreserve.gov/newsevents/speech/kugler20250407a.htm,data/processed/fed_texts/fed_speeches/2025-04-07_6e167238abf1.txt,False
04/14/2025,Speech,speech,"At the Certified Financial Analysts Society of St. Louis, St. Louis, Missouri",Governor Christopher J. Waller,A Tale of Two Outlooks,https://www.federalreserve.gov/newsevents/speech/waller20250414a.htm,data/processed/fed_texts/fed_speeches/2025-04-14_0a949f7f1ffc.txt,False
04/15/2025,Remarks,speech,"At the Cal Alumni Club of Washington, D.C. Annual Reception, Washington, D.C.",Governor Lisa D. Cook,2025 Distinguished Alumna Award Acceptance Remarks,https://www.federalreserve.gov/newsevents/speech/cook20250415a.htm,data/processed/fed_texts/fed_speeches/2025-04-15_9cfc02673581.txt,False
04/16/2025,Speech,speech,"At the Economic Club of Chicago, Chicago, Illinois",Chair Jerome H. Powell,Economic Outlook,https://www.federalreserve.gov/newsevents/speech/powell20250416a.htm,data/processed/fed_texts/fed_speeches/2025-04-16_c7df257ae264.txt,False
04/17/2025,Speech,speech,"At the Federal Reserve Bank of New York, New York, New York",Governor Michael S. Barr,Deepfakes and the AI Arms Race in Bank Cybersecurity,https://www.federalreserve.gov/newsevents/speech/barr20250417a.htm,data/processed/fed_texts/fed_speeches/2025-04-17_ced20e349d1d.txt,False
04/22/2025,Speech,speech,"At the Economic Mobility Summit, hosted by the Federal Reserve Bank of Philadelphia, Philadelphia, Pennsylvania",Vice Chair Philip N. Jefferson,Economic Mobility and the Dual Mandate,https://www.federalreserve.gov/newsevents/speech/jefferson20250422a.htm,data/processed/fed_texts/fed_speeches/2025-04-22_8b0bde965810.txt,False
04/22/2025,Speech,speech,"At the Heller-Hurwicz Economics Institute, University of Minnesota, Minneapolis, Minnesota",Governor Adriana D. Kugler,Transmission of Monetary Policy,https://www.federalreserve.gov/newsevents/speech/kugler20250422a.htm,data/processed/fed_texts/fed_speeches/2025-04-22_dadd7002bc73.txt,False
04/23/2025,Welcoming Remarks,speech,"At a Fed Listens Event hosted by the Federal Reserve Bank of St. Louis, St. Louis, Missouri",Governor Christopher J. Waller,Welcoming Remarks,https://www.federalreserve.gov/newsevents/speech/waller20250423a.htm,data/processed/fed_texts/fed_speeches/2025-04-23_4d7bb8ce710b.txt,False
05/03/2025,Speech,speech,"At the James Madison College 2025 Spring Commencement, Michigan State University, East Lansing, Michigan",Governor Lisa D. Cook,Four Guides for the Journey Ahead,https://www.federalreserve.gov/newsevents/speech/cook20250503a.htm,data/processed/fed_texts/fed_speeches/2025-05-03_0d54dfccf1a6.txt,False
05/09/2025,Speech,speech,"At the Reykjavík Economic Conference 2025, Central Bank of Iceland, Reykjavík, Iceland",Governor Michael S. Barr,Artificial Intelligence and the Labor Market: A Scenario-Based Approach,https://www.federalreserve.gov/newsevents/speech/barr20250509a.htm,data/processed/fed_texts/fed_speeches/2025-05-09_6a1bc436ff81.txt,False
05/09/2025,Opening Remarks,speech,"At ""Finishing the Job and New Challenges,"" a monetary policy conference hosted by the Hoover Institution, Stanford University, Stanford, California",Governor Lisa D. Cook,Opening Remarks on Productivity Dynamics,https://www.federalreserve.gov/newsevents/speech/cook20250509a.htm,data/processed/fed_texts/fed_speeches/2025-05-09_a54f9dcd5fb8.txt,False
05/09/2025,Speech,speech,"At the Reykjavík Economic Conference 2025, Central Bank of Iceland, Reykjavík, Iceland",Governor Adriana D. Kugler,Assessing Maximum Employment,https://www.federalreserve.gov/newsevents/speech/kugler20250509a.htm,data/processed/fed_texts/fed_speeches/2025-05-09_3ea2d73795a5.txt,False
05/09/2025,Speech,speech,"At the ""John Taylor and Taylor Rules in Policy"" Hoover Monetary Policy Conference: Finishing the Job and New Challenges, The Hoover Institution, Stanford, California",Governor Christopher J. Waller,"Thank You, John",https://www.federalreserve.gov/newsevents/speech/waller20250509a.htm,data/processed/fed_texts/fed_speeches/2025-05-09_fc456a2de295.txt,False
05/12/2025,Speech,speech,"At the International Economic Symposium, cohosted by the National Association for Business Economics and the Central Bank of Ireland, Dublin, Ireland",Governor Adriana D. Kugler,Economic Outlook,https://www.federalreserve.gov/newsevents/speech/kugler20250512a.htm,data/processed/fed_texts/fed_speeches/2025-05-12_6e000794d162.txt,False
05/14/2025,Speech,speech,"At the Annual Conference of Second District Directors and Advisors, Federal Reserve Bank of New York, New York, New York",Vice Chair Philip N. Jefferson,Economic Outlook,https://www.federalreserve.gov/newsevents/speech/jefferson20250514a.htm,data/processed/fed_texts/fed_speeches/2025-05-14_c1020a757372.txt,False
05/14/2025,Speech,speech,"At the Award Ceremony for the Winners of the Bank Al-Maghrib Prize for Economic and Financial Research, Bank of Al-Maghrib, Rabat, Morocco",Governor Christopher J. Waller,The Role of Economic Research in Central Banking,https://www.federalreserve.gov/newsevents/speech/waller20250514a.htm,data/processed/fed_texts/fed_speeches/2025-05-14_a81c9cfc32f6.txt,False
05/15/2025,Opening Remarks,speech,"At the 2025 Northeast / Mid-Atlantic Small Business Credit Symposium, Federal Reserve Bank of New York, New York, New York (via pre-recorded video)",Governor Michael S. Barr,Opening Remarks,https://www.federalreserve.gov/newsevents/speech/barr20250515a.htm,data/processed/fed_texts/fed_speeches/2025-05-15_2e1cb5549af5.txt,False
05/15/2025,Opening Remarks,speech,"At the Second Thomas Laubach Research Conference, hosted by the Federal Reserve Board, Washington, D.C.",Chair Jerome H. Powell,Opening Remarks,https://www.federalreserve.gov/newsevents/speech/powell20250515a.htm,data/processed/fed_texts/fed_speeches/2025-05-15_dadd9d415f08.txt,False
05/19/2025,Speech,speech,"At ""Financial Intermediation in Transition: How Will Policy Adapt?"" 2025 Financial Markets Conference, sponsored by the Federal Reserve Bank of Atlanta, Fernandina Beach, Florida",Vice Chair Philip N. Jefferson,Liquidity Facilities: Purposes and Functions,https://www.federalreserve.gov/newsevents/speech/jefferson20250519a.htm,data/processed/fed_texts/fed_speeches/2025-05-19_2baddfb7e184.txt,False
05/20/2025,Remarks,speech,"At the Economics Commencement Ceremony, University of California, Berkeley, Berkeley, California",Governor Adriana D. Kugler,Commencement Remarks,https://www.federalreserve.gov/newsevents/speech/kugler20250520a.htm,data/processed/fed_texts/fed_speeches/2025-05-20_776192c45ea4.txt,False
05/23/2025,Speech,speech,"At the Seventh Annual Women in Macro Conference cosponsored by New York University’s Graduate School of Arts & Science, New York University’s Stern School of Business & University of Chicago’s Becker Friedman Institute for Economics, New York, New York",Governor Lisa D. Cook,A View on Financial Stability,https://www.federalreserve.gov/newsevents/speech/cook20250523a.htm,data/processed/fed_texts/fed_speeches/2025-05-23_24a7df58bcc3.txt,False
05/25/2025,Remarks,speech,"At Princeton University, Princeton, New Jersey",Chair Jerome H. Powell,Baccalaureate Remarks,https://www.federalreserve.gov/newsevents/speech/powell20250525a.htm,data/processed/fed_texts/fed_speeches/2025-05-25_c6501d4c5433.txt,False
05/29/2025,Opening Remarks,speech,"At the 2025 Federal Reserve Board Macro-Finance Workshop, Washington, D.C.",Governor Adriana D. Kugler,Opening Remarks,https://www.federalreserve.gov/newsevents/speech/kugler20250529a.htm,data/processed/fed_texts/fed_speeches/2025-05-29_b795958a768c.txt,False
06/01/2025,Speech,speech,"At “Structural Shifts and Monetary Policy,” 2025 Bank of Korea International Conference, Bank of Korea, Seoul, South Korea",Governor Christopher J. Waller,"The Effects of Tariffs on the Three I’s: Inflation, Inflation Persistence, and Inflation Expectations",https://www.federalreserve.gov/newsevents/speech/waller20250601a.htm,data/processed/fed_texts/fed_speeches/2025-06-01_c901302ba220.txt,False
06/02/2025,Opening Remarks,speech,"At the Division of International Finance 75th Anniversary Conference, Federal Reserve Board, Washington, D.C.",Chair Jerome H. Powell,Opening Remarks,https://www.federalreserve.gov/newsevents/speech/powell20250602a.htm,data/processed/fed_texts/fed_speeches/2025-06-02_7f27ee14a440.txt,False
06/03/2025,Speech,speech,"At the Council on Foreign Relations, New York, New York",Governor Lisa D. Cook,Economic Outlook,https://www.federalreserve.gov/newsevents/speech/cook20250603a.htm,data/processed/fed_texts/fed_speeches/2025-06-03_219c4af9c130.txt,False
06/04/2025,Welcoming Remarks,speech,"At a Fed Listens event hosted by the Federal Reserve Bank of Atlanta, Atlanta, Georgia",Governor Lisa D. Cook,Welcoming Remarks,https://www.federalreserve.gov/newsevents/speech/cook20250604a.htm,data/processed/fed_texts/fed_speeches/2025-06-04_676f9eda96d3.txt,False
06/05/2025,Speech,speech,"At the Economic Club of New York, New York, New York",Governor Adriana D. Kugler,The Economic Outlook and Appropriate Monetary Policy,https://www.federalreserve.gov/newsevents/speech/kugler20250605a.htm,data/processed/fed_texts/fed_speeches/2025-06-05_ea24f80a99de.txt,False
06/06/2025,Speech,speech,"At the Georgetown University McDonough School of Business Psaros Center for Financial Markets and Policy, Washington, D.C.",Vice Chair for Supervision Michelle W. Bowman,Taking a Fresh Look at Supervision and Regulation,https://www.federalreserve.gov/newsevents/speech/bowman20250606a.htm,data/processed/fed_texts/fed_speeches/2025-06-06_f6aa20a5e64d.txt,False
06/23/2025,Speech,speech,"At “Assessing the Effectiveness of Monetary Policy during and after the COVID-19 Pandemic,” a research conference sponsored by the International Journal of Central Banking and the Czech National Bank, Prague, Czech Republic",Vice Chair for Supervision Michelle W. Bowman,Unintended Policy Shifts and Unexpected Consequences,https://www.federalreserve.gov/newsevents/speech/bowman20250623a.htm,data/processed/fed_texts/fed_speeches/2025-06-23_61affd7c7052.txt,False
06/23/2025,Welcoming Remarks,speech,"At a Fed Listens event hosted by the Federal Reserve Bank of New York, Schenectady, New York",Governor Adriana D. Kugler,Welcoming Remarks,https://www.federalreserve.gov/newsevents/speech/kugler20250623a.htm,data/processed/fed_texts/fed_speeches/2025-06-23_ab8d95900e13.txt,False
06/23/2025,Welcoming Remarks,speech,"At “Assessing the Effectiveness of Monetary Policy during and after the COVID-19 Pandemic” 2025 IJCB Research Conference, hosted by the Czech National Bank and the International Journal of Central Banking, Prague, Czech Republic",Governor Christopher J. Waller,Welcoming Remarks,https://www.federalreserve.gov/newsevents/speech/waller20250623a.htm,data/processed/fed_texts/fed_speeches/2025-06-23_42d79af88920.txt,False
06/24/2025,Opening Remarks,speech,"At a Fed Listens event hosted by the Federal Reserve Bank of Kansas City, Omaha, Nebraska",Governor Michael S. Barr,Opening Remarks,https://www.federalreserve.gov/newsevents/speech/barr20250624a.htm,data/processed/fed_texts/fed_speeches/2025-06-24_2b0d8f670639.txt,False
06/26/2025,Speech,speech,"At the Policy Summit 2025: Building Strong and Sustainable Communities, hosted by the Federal Reserve Bank of Cleveland, Cleveland, Ohio",Governor Michael S. Barr,Community Development at the Federal Reserve,https://www.federalreserve.gov/newsevents/speech/barr20250626a.htm,data/processed/fed_texts/fed_speeches/2025-06-26_79f46e863ba0.txt,False
07/10/2025,Speech,speech,"At the Federal Reserve Bank of Dallas, Dallas, Texas",Governor Christopher J. Waller,Demystifying the Federal Reserve's Balance Sheet,https://www.federalreserve.gov/newsevents/speech/waller20250710a.htm,data/processed/fed_texts/fed_speeches/2025-07-10_ab1afc53ada8.txt,False
07/15/2025,Speech,speech,"At ""Unleashing a Financially Inclusive Future,"" the second annual Financial Inclusion Conference hosted by the Federal Reserve Board, Washington, D.C.",Governor Michael S. Barr,Expanding Financial Inclusion,https://www.federalreserve.gov/newsevents/speech/barr20250715a.htm,data/processed/fed_texts/fed_speeches/2025-07-15_c6e90c3cfa5c.txt,False
07/15/2025,Welcoming Remarks,speech,"At ""Unleashing a Financially Inclusive Future,"" the second annual Financial Inclusion Conference hosted by the Federal Reserve Board, Washington, D.C. (via prerecorded video)",Vice Chair for Supervision Michelle W. Bowman,Welcoming Remarks,https://www.federalreserve.gov/newsevents/speech/bowman20250715a.htm,data/processed/fed_texts/fed_speeches/2025-07-15_c738ff39927d.txt,False
07/16/2025,Speech,speech,"At The Brookings Institution, Washington, D.C.",Governor Michael S. Barr,Booms and Busts and the Regulatory Cycle,https://www.federalreserve.gov/newsevents/speech/barr20250716a.htm,data/processed/fed_texts/fed_speeches/2025-07-16_268a29478f83.txt,False
07/17/2025,Speech,speech,"At the National Bureau of Economic Research, Summer Institute 2025: Digital Economics and Artificial Intelligence, Cambridge, Massachusetts",Governor Lisa D. Cook,AI: A Fed Policymaker's View,https://www.federalreserve.gov/newsevents/speech/cook20250717a.htm,data/processed/fed_texts/fed_speeches/2025-07-17_6561963ebafe.txt,False
07/17/2025,Speech,speech,"At the Housing Partnership Network Symposium, Washington, D.C.",Governor Adriana D. Kugler,A View of the Housing Market and U.S. Economic Outlook,https://www.federalreserve.gov/newsevents/speech/kugler20250717a.htm,data/processed/fed_texts/fed_speeches/2025-07-17_69c639cc98d1.txt,False
07/17/2025,Speech,speech,"At the Money Marketeers of New York University, New York, New York",Governor Christopher J. Waller,The Case for Cutting Now,https://www.federalreserve.gov/newsevents/speech/waller20250717a.htm,data/processed/fed_texts/fed_speeches/2025-07-17_66010c02601c.txt,False
07/22/2025,Opening Remarks,speech,"At the Integrated Review of the Capital Framework for Large Banks Conference, Federal Reserve Board, Washington, D.C.",Chair Jerome H. Powell,Opening Remarks,https://www.federalreserve.gov/newsevents/speech/powell20250722a.htm,data/processed/fed_texts/fed_speeches/2025-07-22_130f19164785.txt,False
08/01/2025,Statement,speech,,Vice Chair for Supervision Michelle W. Bowman,Statement by Vice Chair for Supervision Michelle W. Bowman,https://www.federalreserve.gov/newsevents/speech/bowman20250801a.htm,data/processed/fed_texts/fed_speeches/2025-08-01_e02311371314.txt,False
08/01/2025,Statement,speech,,Governor Christopher J. Waller,Statement by Governor Christopher J. Waller,https://www.federalreserve.gov/newsevents/speech/waller20250801a.htm,data/processed/fed_texts/fed_speeches/2025-08-01_3649fd60ae1c.txt,False
08/09/2025,Speech,speech,"At the Kansas Bankers Association 2025 CEO & Senior Management Summit, Colorado Springs, Colorado",Vice Chair for Supervision Michelle W. Bowman,Thoughts on the Economy and Community Bank Capital,https://www.federalreserve.gov/newsevents/speech/bowman20250809a.htm,data/processed/fed_texts/fed_speeches/2025-08-09_e07350ec6c85.txt,False
08/19/2025,Speech,speech,"At the Wyoming Blockchain Symposium 2025, Teton Village, Wyoming",Vice Chair for Supervision Michelle W. Bowman,Embracing Innovation,https://www.federalreserve.gov/newsevents/speech/bowman20250819a.htm,data/processed/fed_texts/fed_speeches/2025-08-19_cb9864302d12.txt,False
08/20/2025,Speech,speech,"At the Wyoming Blockchain Symposium 2025, Teton Village, Wyoming",Governor Christopher J. Waller,Technological Advancements in Payments,https://www.federalreserve.gov/newsevents/speech/waller20250820a.htm,data/processed/fed_texts/fed_speeches/2025-08-20_cc55ee9901bd.txt,False
08/22/2025,Speech,speech,"At “Labor Markets in Transition: Demographics, Productivity, and Macroeconomic Policy,” an economic symposium sponsored by the Federal Reserve Bank of Kansas City, Jackson Hole, Wyoming",Chair Jerome H. Powell,Monetary Policy and the Fed’s Framework Review,https://www.federalreserve.gov/newsevents/speech/powell20250822a.htm,data/processed/fed_texts/fed_speeches/2025-08-22_e9c72cb0ca96.txt,False
08/28/2025,Speech,speech,"At the Economic Club of Miami, Miami, Florida",Governor Christopher J. Waller,Let’s Get On with It,https://www.federalreserve.gov/newsevents/speech/waller20250828a.htm,data/processed/fed_texts/fed_speeches/2025-08-28_39c34ac1d416.txt,False
09/22/2025,Speech,speech,"At the Economic Club of New York, New York, New York",Governor Stephen I. Miran,Nonmonetary Forces and Appropriate Monetary Policy,https://www.federalreserve.gov/newsevents/speech/miran20250922a.htm,data/processed/fed_texts/fed_speeches/2025-09-22_69344046ea43.txt,False
09/23/2025,Speech,speech,"At the 2025 Kentucky Bankers Association Annual Convention, Asheville, North Carolina",Vice Chair for Supervision Michelle W. Bowman,Views on the Economy and Monetary Policy,https://www.federalreserve.gov/newsevents/speech/bowman20250923a.htm,data/processed/fed_texts/fed_speeches/2025-09-23_3dad4f646a82.txt,False
09/23/2025,Speech,speech,"At the Greater Providence Chamber of Commerce 2025 Economic Outlook Luncheon, Warwick, Rhode Island",Chair Jerome H. Powell,Economic Outlook,https://www.federalreserve.gov/newsevents/speech/powell20250923a.htm,data/processed/fed_texts/fed_speeches/2025-09-23_fdc329979e8c.txt,False
09/25/2025,Speech,speech,"At the Peterson Institute for International Economics, Washington, D.C.",Governor Michael S. Barr,Preserving the Dynamism and Credibility of Stress Testing,https://www.federalreserve.gov/newsevents/speech/barr20250925a.htm,data/processed/fed_texts/fed_speeches/2025-09-25_a4e46dee7b38.txt,False
09/26/2025,Speech,speech,"At the Forecasters Club of New York Luncheon, New York, New York",Vice Chair for Supervision Michelle W. Bowman,Thoughts on Monetary Policy Decisionmaking and Challenges Ahead,https://www.federalreserve.gov/newsevents/speech/bowman20250926a.htm,data/processed/fed_texts/fed_speeches/2025-09-26_4a1d23944818.txt,False
09/29/2025,Speech,speech,"At Sibos 2025, Frankfurt, Germany",Governor Christopher J. Waller,The Next Frontier of Payments Innovation,https://www.federalreserve.gov/newsevents/speech/waller20250929a.htm,data/processed/fed_texts/fed_speeches/2025-09-29_8fc369fc6b5a.txt,False
09/30/2025,Speech,speech,"At ""Monetary Policy in the Shadow of Geopolitical Tensions and Trade Conflicts,"" the fourth International Monetary Policy Conference hosted by the Bank of Finland, Helsinki, Finland",Vice Chair Philip N. Jefferson,Monetary Policy Frameworks and the U.S. Economic Outlook,https://www.federalreserve.gov/newsevents/speech/jefferson20250930a.htm,data/processed/fed_texts/fed_speeches/2025-09-30_d87a63eefffd.txt,False
10/03/2025,Speech,speech,"At the Drexel Economic Forum, Drexel University LeBow College of Business, Philadelphia, Pennsylvania",Vice Chair Philip N. Jefferson,Economic Outlook and the Fed’s Monetary Policy Framework,https://www.federalreserve.gov/newsevents/speech/jefferson20251003a.htm,data/processed/fed_texts/fed_speeches/2025-10-03_36fb64dae59b.txt,False
10/07/2025,Remarks,speech,"At the 2025 Community Banking Research Conference, St. Louis, Missouri (via pre-recorded video)",Vice Chair for Supervision Michelle W. Bowman,Welcome Remarks,https://www.federalreserve.gov/newsevents/speech/bowman20251007a.htm,data/processed/fed_texts/fed_speeches/2025-10-07_b1f72ff8fde2.txt,False
10/08/2025,Speech,speech,"At the 2025 Community Banking Research Conference, St. Louis, Missouri",Governor Michael S. Barr,Community Banking: The Cornerstone of Building Communities,https://www.federalreserve.gov/newsevents/speech/barr20251008a.htm,data/processed/fed_texts/fed_speeches/2025-10-08_f292206fcf5b.txt,False
10/08/2025,Speech,speech,"At the Center for Indian Country Development Tenth Anniversary and Data Summit, Minneapolis, Minnesota",Governor Michael S. Barr,Economic Data and Research in Indian Country,https://www.federalreserve.gov/newsevents/speech/barr20251008b.htm,data/processed/fed_texts/fed_speeches/2025-10-08_c5d6e1182b8d.txt,False
10/09/2025,Speech,speech,"At the Economic Club of Minnesota Luncheon, Golden Valley, Minnesota",Governor Michael S. Barr,The Economic Outlook and Monetary Policy,https://www.federalreserve.gov/newsevents/speech/barr20251009a.htm,data/processed/fed_texts/fed_speeches/2025-10-09_308ef1ce6f73.txt,False
10/09/2025,Opening Remarks,speech,"At the Community Bank Conference, hosted by the Board of Governors of the Federal Reserve System, Washington, D.C.",Vice Chair for Supervision Michelle W. Bowman,Opening Remarks,https://www.federalreserve.gov/newsevents/speech/bowman20251009a.htm,data/processed/fed_texts/fed_speeches/2025-10-09_e4becee8ba6f.txt,False
10/09/2025,Speech,speech,"At the Community Bank Conference, hosted by the Board of Governors of the Federal Reserve System, Washington, D.C.",Vice Chair for Supervision Michelle W. Bowman,Community Banking: Looking Toward the Future,https://www.federalreserve.gov/newsevents/speech/bowman20251009b.htm,data/processed/fed_texts/fed_speeches/2025-10-09_85bb402cb0a1.txt,False
10/09/2025,Welcoming Remarks,speech,"At the Community Bank Conference, Federal Reserve Board, Washington, D.C. (via pre-recorded video)",Chair Jerome H. Powell,Welcoming Remarks,https://www.federalreserve.gov/newsevents/speech/powell20251009a.htm,data/processed/fed_texts/fed_speeches/2025-10-09_c0498d7e3429.txt,False
10/14/2025,Speech,speech,"At the 67th Annual Meeting of the National Association for Business Economics, Philadelphia, Pennsylvania",Chair Jerome H. Powell,Understanding the Fed’s Balance Sheet,https://www.federalreserve.gov/newsevents/speech/powell20251014a.htm,data/processed/fed_texts/fed_speeches/2025-10-14_0b86c8fc9dd4.txt,False
10/15/2025,Speech,speech,"At DC Fintech Week, Arlington, Virginia",Governor Christopher J. Waller,Innovation at the Speed of AI,https://www.federalreserve.gov/newsevents/speech/waller20251015a.htm,data/processed/fed_texts/fed_speeches/2025-10-15_7bd6abcb7a80.txt,False
10/16/2025,Speech,speech,"At 2025 D.C. Fintech Week, Washington, D.C.",Governor Michael S. Barr,Exploring the Possibilities and Risks of New Payment Technologies,https://www.federalreserve.gov/newsevents/speech/barr20251016a.htm,data/processed/fed_texts/fed_speeches/2025-10-16_051101f660c9.txt,False
10/16/2025,Remarks,speech,"At the 2025 Federal Reserve Stress Testing Research Conference, Boston, Massachusetts (via pre-recorded video)",Vice Chair for Supervision Michelle W. Bowman,Welcome Remarks,https://www.federalreserve.gov/newsevents/speech/bowman20251016a.htm,data/processed/fed_texts/fed_speeches/2025-10-16_715708a3b25c.txt,False
10/16/2025,Speech,speech,"At the Council on Foreign Relations, New York, New York",Governor Christopher J. Waller,Cutting Rates in the Face of Conflicting Data,https://www.federalreserve.gov/newsevents/speech/waller20251016a.htm,data/processed/fed_texts/fed_speeches/2025-10-16_89591b0b1833.txt,False
10/21/2025,Speech,speech,"At the Payments Innovation Conference, Federal Reserve Board, Washington, D.C.",Governor Christopher J. Waller,Embracing New Technologies and Players in Payments,https://www.federalreserve.gov/newsevents/speech/waller20251021a.htm,data/processed/fed_texts/fed_speeches/2025-10-21_9b34af5e17ca.txt,False
10/22/2025,Brief Remarks,speech,"At the Opportunity Finance Network Conference, Washington, D.C. (via pre-recorded video)",Governor Michael S. Barr,Brief Remarks,https://www.federalreserve.gov/newsevents/speech/barr20251022a.htm,data/processed/fed_texts/fed_speeches/2025-10-22_6f095a54d4ae.txt,False
10/22/2025,Brief Remarks,speech,"At the Crossing the Credit Barrier: Advancing Access and Creating Opportunities Conference, St. Louis, Missouri (via pre-recorded video)",Governor Michael S. Barr,Brief Remarks,https://www.federalreserve.gov/newsevents/speech/barr20251022b.htm,data/processed/fed_texts/fed_speeches/2025-10-22_93dae5fadc06.txt,False
10/23/2025,Speech,speech,"At the 2025 Fall New Markets Tax Credit Conference, New Orleans, Louisiana",Governor Michael S. Barr,Supporting Investment in Communities: The First 25 Years of the New Markets Tax Credit,https://www.federalreserve.gov/newsevents/speech/barr20251023a.htm,data/processed/fed_texts/fed_speeches/2025-10-23_5a09b0df55a2.txt,False
10/30/2025,Opening Remarks,speech,"At the Economic Growth and Regulatory Paperwork Reduction Act Outreach Meeting, Federal Reserve Bank of Kansas City, Kansas City, Missouri",Vice Chair for Supervision Michelle W. Bowman,Opening Remarks,https://www.federalreserve.gov/newsevents/speech/bowman20251030a.htm,data/processed/fed_texts/fed_speeches/2025-10-30_3066d829e15c.txt,False
11/03/2025,Speech,speech,"At The Brookings Institution, Washington, D.C.",Governor Lisa D. Cook,The Economic Outlook and Monetary Policy,https://www.federalreserve.gov/newsevents/speech/cook20251103a.htm,data/processed/fed_texts/fed_speeches/2025-11-03_f85dcc214df2.txt,False
11/07/2025,Speech,speech,"At Euro20+, Deutsche Bundesbank, Frankfurt, Germany",Vice Chair Philip N. Jefferson,AI and the Economy,https://www.federalreserve.gov/newsevents/speech/jefferson20251107a.htm,data/processed/fed_texts/fed_speeches/2025-11-07_81ba7b8607cf.txt,False
11/07/2025,Speech,speech,"At the BCVC Summit 2025, Harvard Club of New York City, New York, New York",Governor Stephen I. Miran,A Global Stablecoin Glut: Implications for Monetary Policy,https://www.federalreserve.gov/newsevents/speech/miran20251107a.htm,data/processed/fed_texts/fed_speeches/2025-11-07_d84f961fde99.txt,False
11/11/2025,Speech,speech,"At the Singapore Fintech Festival, Singapore",Governor Michael S. Barr,AI and Central Banking,https://www.federalreserve.gov/newsevents/speech/barr20251111a.htm,data/processed/fed_texts/fed_speeches/2025-11-11_d88b9d1fb991.txt,False
11/17/2025,Speech,speech,"At the Federal Reserve Bank of Kansas City, Kansas City, Missouri",Vice Chair Philip N. Jefferson,Economic Outlook and Monetary Policy,https://www.federalreserve.gov/newsevents/speech/jefferson20251117a.htm,data/processed/fed_texts/fed_speeches/2025-11-17_d39ee4654d9f.txt,False
11/17/2025,Speech,speech,"At the Society of Professional Economists Annual Dinner, London, United Kingdom",Governor Christopher J. Waller,The Case for Continuing Rate Cuts,https://www.federalreserve.gov/newsevents/speech/waller20251117a.htm,data/processed/fed_texts/fed_speeches/2025-11-17_dfe61e9d60d9.txt,False
11/18/2025,Speech,speech,"At the Alan Meltzer Speaker Series, Kogod School of Business, American University, Washington, D.C.",Governor Michael S. Barr,"The Case for Strong, Effective Banking Supervision",https://www.federalreserve.gov/newsevents/speech/barr20251118a.htm,data/processed/fed_texts/fed_speeches/2025-11-18_361224b44686.txt,False
11/19/2025,Speech,speech,"At the Bank Policy Institute and Small Business & Entrepreneurship Council, Washington, D.C.",Governor Stephen I. Miran,Regulatory Dominance of the Federal Reserve’s Balance Sheet,https://www.federalreserve.gov/newsevents/speech/miran20251119a.htm,data/processed/fed_texts/fed_speeches/2025-11-19_2f4826112d10.txt,False
11/20/2025,Speech,speech,"At Georgetown University’s McDonough School of Business Psaros Center for Financial Markets and Policy, Washington, D.C.",Governor Lisa D. Cook,A Policymaker’s View of Financial Stability,https://www.federalreserve.gov/newsevents/speech/cook20251120a.htm,data/processed/fed_texts/fed_speeches/2025-11-20_1577799f0515.txt,False
11/21/2025,Welcoming Remarks,speech,"At the 2025 National College Fed Challenge Finals, Federal Reserve Board, Washington, D.C.",Governor Michael S. Barr,Welcoming Remarks,https://www.federalreserve.gov/newsevents/speech/barr20251121a.htm,data/processed/fed_texts/fed_speeches/2025-11-21_5b92227292d2.txt,False
11/21/2025,Speech,speech,"At the 2025 Federal Reserve Bank of Cleveland Financial Stability Conference, Cleveland, Ohio",Vice Chair Philip N. Jefferson,"AI, the Economy, and Financial Stability",https://www.federalreserve.gov/newsevents/speech/jefferson20251121a.htm,data/processed/fed_texts/fed_speeches/2025-11-21_6ef7d9f4adf5.txt,False
12/01/2025,Opening Remarks,speech,"At the George P. Shultz Memorial Lecture Series: Shultz and Economic Policy, Hoover Institution, Stanford University, Stanford, California",Chair Jerome H. Powell,Opening Remarks,https://www.federalreserve.gov/newsevents/speech/powell20251201a.htm,data/processed/fed_texts/fed_speeches/2025-12-01_a3a1d4ebca4d.txt,False
12/15/2025,Speech,speech,"At the School of International and Public Affairs, Columbia University, New York, New York",Governor Stephen I. Miran,The Inflation Outlook,https://www.federalreserve.gov/newsevents/speech/miran20251215a.htm,data/processed/fed_texts/fed_speeches/2025-12-15_6390e9eefd1c.txt,False
