fomc_date,days_after,date,btc_close,btc_log_return,btc_cumulative_return,spx_close,spx_log_return,spx_cumulative_return
2012-01-25,1,2012-01-26,,,,1318.4301,-0.005771,-0.005771
2012-01-25,2,2012-01-27,,,,1316.33,-0.001594,-0.007365
2012-01-25,3,2012-01-28,,,,,,
2012-01-25,4,2012-01-29,,,,,,
2012-01-25,5,2012-01-30,,,,1313.01,,-0.00989
2012-01-25,6,2012-01-31,,,,1312.41,-0.000457,-0.010347
2012-01-25,7,2012-02-01,,,,1324.09,0.00886,-0.001487
2012-01-25,8,2012-02-02,,,,1325.54,0.001095,-0.000392
2012-01-25,9,2012-02-03,,,,1344.9,0.0145,0.014107
2012-01-25,10,2012-02-04,,,,,,
2012-01-25,11,2012-02-05,,,,,,
2012-01-25,12,2012-02-06,,,,1344.33,,0.013684
2012-01-25,13,2012-02-07,,,,1347.05,0.002021,0.015705
2012-01-25,14,2012-02-08,,,,1349.96,0.002158,0.017863
2012-03-13,1,2012-03-14,,,,1394.28,-0.001197,-0.001197
2012-03-13,2,2012-03-15,,,,1402.6,0.005949,0.004752
2012-03-13,3,2012-03-16,,,,1404.17,0.001119,0.005871
2012-03-13,4,2012-03-17,,,,,,
2012-03-13,5,2012-03-18,,,,,,
2012-03-13,6,2012-03-19,,,,1409.75,,0.009837
2012-03-13,7,2012-03-20,,,,1405.52,-0.003005,0.006832
2012-03-13,8,2012-03-21,,,,1402.89,-0.001873,0.004959
2012-03-13,9,2012-03-22,,,,1392.78,-0.007233,-0.002273
2012-03-13,10,2012-03-23,,,,1397.11,0.003104,0.000831
2012-03-13,11,2012-03-24,,,,,,
2012-03-13,12,2012-03-25,,,,,,
2012-03-13,13,2012-03-26,,,,1416.51,,0.014621
2012-03-13,14,2012-03-27,,,,1412.52,-0.002821,0.0118
2012-04-25,1,2012-04-26,,,,1399.98,0.006658,0.006658
2012-04-25,2,2012-04-27,,,,1403.36,0.002411,0.009069
2012-04-25,3,2012-04-28,,,,,,
2012-04-25,4,2012-04-29,,,,,,
2012-04-25,5,2012-04-30,,,,1397.91,,0.005178
2012-04-25,6,2012-05-01,,,,1405.8199,0.005642,0.010821
2012-04-25,7,2012-05-02,,,,1402.3101,-0.0025,0.008321
2012-04-25,8,2012-05-03,,,,1391.5699,-0.007688,0.000633
2012-04-25,9,2012-05-04,,,,1369.1,-0.016279,-0.015646
2012-04-25,10,2012-05-05,,,,,,
2012-04-25,11,2012-05-06,,,,,,
2012-04-25,12,2012-05-07,,,,1369.58,,-0.015296
2012-04-25,13,2012-05-08,,,,1363.72,-0.004288,-0.019584
2012-04-25,14,2012-05-09,,,,1354.58,-0.006725,-0.026309
2012-06-20,1,2012-06-21,,,,1325.51,-0.022513,-0.022513
2012-06-20,2,2012-06-22,,,,1335.02,0.007149,-0.015364
2012-06-20,3,2012-06-23,,,,,,
2012-06-20,4,2012-06-24,,,,,,
2012-06-20,5,2012-06-25,,,,1313.72,,-0.031448
2012-06-20,6,2012-06-26,,,,1319.99,0.004761,-0.026686
2012-06-20,7,2012-06-27,,,,1331.85,0.008945,-0.017742
2012-06-20,8,2012-06-28,,,,1329.04,-0.002112,-0.019854
2012-06-20,9,2012-06-29,,,,1362.16,0.024615,0.004761
2012-06-20,10,2012-06-30,,,,,,
2012-06-20,11,2012-07-01,,,,,,
2012-06-20,12,2012-07-02,,,,1365.51,,0.007217
2012-06-20,13,2012-07-03,,,,1374.02,0.006213,0.01343
2012-06-20,14,2012-07-04,,,,,,
2012-08-01,1,2012-08-02,,,,1365.0,-0.007532,-0.007532
2012-08-01,2,2012-08-03,,,,1390.99,0.018861,0.011329
2012-08-01,3,2012-08-04,,,,,,
2012-08-01,4,2012-08-05,,,,,,
2012-08-01,5,2012-08-06,,,,1394.23,,0.013656
2012-08-01,6,2012-08-07,,,,1401.35,0.005094,0.01875
2012-08-01,7,2012-08-08,,,,1402.22,0.000621,0.01937
2012-08-01,8,2012-08-09,,,,1402.8,0.000414,0.019784
2012-08-01,9,2012-08-10,,,,1405.87,0.002186,0.02197
2012-08-01,10,2012-08-11,,,,,,
2012-08-01,11,2012-08-12,,,,,,
2012-08-01,12,2012-08-13,,,,1404.11,,0.020717
2012-08-01,13,2012-08-14,,,,1403.9301,-0.000128,0.020589
2012-08-01,14,2012-08-15,,,,1405.53,0.001139,0.021728
2012-09-13,1,2012-09-14,,,,1465.77,0.003951,0.003951
2012-09-13,2,2012-09-15,,,,,,
2012-09-13,3,2012-09-16,,,,,,
2012-09-13,4,2012-09-17,,,,1461.1899,,0.000822
2012-09-13,5,2012-09-18,,,,1459.3199,-0.001281,-0.000459
2012-09-13,6,2012-09-19,,,,1461.05,0.001185,0.000726
2012-09-13,7,2012-09-20,,,,1460.26,-0.000541,0.000185
2012-09-13,8,2012-09-21,,,,1460.15,-7.5e-05,0.00011
2012-09-13,9,2012-09-22,,,,,,
2012-09-13,10,2012-09-23,,,,,,
2012-09-13,11,2012-09-24,,,,1456.89,,-0.002126
2012-09-13,12,2012-09-25,,,,1441.59,-0.010557,-0.012683
2012-09-13,13,2012-09-26,,,,1433.3199,-0.005753,-0.018436
2012-09-13,14,2012-09-27,,,,1447.15,0.009603,-0.008833
2012-10-24,1,2012-10-25,,,,1412.97,0.002991,0.002991
2012-10-24,2,2012-10-26,,,,1411.9399,-0.000729,0.002262
2012-10-24,3,2012-10-27,,,,,,
2012-10-24,4,2012-10-28,,,,,,
2012-10-24,5,2012-10-29,,,,,,
2012-10-24,6,2012-10-30,,,,,,
2012-10-24,7,2012-10-31,,,,1412.16,,0.002418
2012-10-24,8,2012-11-01,,,,1427.59,0.010867,0.013285
2012-10-24,9,2012-11-02,,,,1414.2,-0.009424,0.003861
2012-10-24,10,2012-11-03,,,,,,
2012-10-24,11,2012-11-04,,,,,,
2012-10-24,12,2012-11-05,,,,1417.26,,0.006023
2012-10-24,13,2012-11-06,,,,1428.39,0.007823,0.013845
2012-10-24,14,2012-11-07,,,,1394.53,-0.02399,-0.010145
2012-12-12,1,2012-12-13,,,,1419.45,-0.006341,-0.006341
2012-12-12,2,2012-12-14,,,,1413.58,-0.004144,-0.010485
2012-12-12,3,2012-12-15,,,,,,
2012-12-12,4,2012-12-16,,,,,,
2012-12-12,5,2012-12-17,,,,1430.36,,0.001315
2012-12-12,6,2012-12-18,,,,1446.79,0.011421,0.012736
2012-12-12,7,2012-12-19,,,,1435.8101,-0.007618,0.005118
2012-12-12,8,2012-12-20,,,,1443.6899,0.005473,0.010591
2012-12-12,9,2012-12-21,,,,1430.15,-0.009423,0.001168
2012-12-12,10,2012-12-22,,,,,,
2012-12-12,11,2012-12-23,,,,,,
2012-12-12,12,2012-12-24,,,,1426.66,,-0.001275
2012-12-12,13,2012-12-25,,,,,,
2012-12-12,14,2012-12-26,,,,1419.83,,-0.006074
2013-01-30,1,2013-01-31,,,,1498.11,-0.002567,-0.002567
2013-01-30,2,2013-02-01,,,,1513.17,0.010003,0.007436
2013-01-30,3,2013-02-02,,,,,,
2013-01-30,4,2013-02-03,,,,,,
2013-01-30,5,2013-02-04,,,,1495.71,,-0.00417
2013-01-30,6,2013-02-05,,,,1511.29,0.010363,0.006193
2013-01-30,7,2013-02-06,,,,1512.12,0.000549,0.006742
2013-01-30,8,2013-02-07,,,,1509.39,-0.001807,0.004935
2013-01-30,9,2013-02-08,,,,1517.9301,0.005642,0.010577
2013-01-30,10,2013-02-09,,,,,,
2013-01-30,11,2013-02-10,,,,,,
2013-01-30,12,2013-02-11,,,,1517.01,,0.00997
2013-01-30,13,2013-02-12,,,,1519.4301,0.001594,0.011564
2013-01-30,14,2013-02-13,,,,1520.33,0.000592,0.012156
2013-03-20,1,2013-03-21,,,,1545.8,-0.008317,-0.008317
2013-03-20,2,2013-03-22,,,,1556.89,0.007149,-0.001168
2013-03-20,3,2013-03-23,,,,,,
2013-03-20,4,2013-03-24,,,,,,
2013-03-20,5,2013-03-25,,,,1551.6899,,-0.004514
2013-03-20,6,2013-03-26,,,,1563.77,0.007755,0.003241
2013-03-20,7,2013-03-27,,,,1562.85,-0.000589,0.002653
2013-03-20,8,2013-03-28,,,,1569.1899,0.004048,0.006701
2013-03-20,9,2013-03-29,,,,,,
2013-03-20,10,2013-03-30,,,,,,
2013-03-20,11,2013-03-31,,,,,,
2013-03-20,12,2013-04-01,,,,1562.17,,0.002217
2013-03-20,13,2013-04-02,,,,1570.25,0.005159,0.007376
2013-03-20,14,2013-04-03,,,,1553.6899,-0.010602,-0.003226
2013-05-01,1,2013-05-02,,,,1597.59,0.009364,0.009364
2013-05-01,2,2013-05-03,,,,1614.42,0.01048,0.019844
2013-05-01,3,2013-05-04,,,,,,
2013-05-01,4,2013-05-05,,,,,,
2013-05-01,5,2013-05-06,,,,1617.5,,0.02175
2013-05-01,6,2013-05-07,,,,1625.96,0.005217,0.026966
2013-05-01,7,2013-05-08,,,,1632.6899,0.004131,0.031097
2013-05-01,8,2013-05-09,,,,1626.67,-0.003694,0.027403
2013-05-01,9,2013-05-10,,,,1633.7,0.004312,0.031715
2013-05-01,10,2013-05-11,,,,,,
2013-05-01,11,2013-05-12,,,,,,
2013-05-01,12,2013-05-13,,,,1633.77,,0.031758
2013-05-01,13,2013-05-14,,,,1650.34,0.010091,0.041849
2013-05-01,14,2013-05-15,,,,1658.78,0.005101,0.04695
2013-06-19,1,2013-06-20,,,,1588.1899,-0.025328,-0.025328
2013-06-19,2,2013-06-21,,,,1592.4301,0.002666,-0.022662
2013-06-19,3,2013-06-22,,,,,,
2013-06-19,4,2013-06-23,,,,,,
2013-06-19,5,2013-06-24,,,,1573.09,,-0.034882
2013-06-19,6,2013-06-25,,,,1588.03,0.009452,-0.025429
2013-06-19,7,2013-06-26,,,,1603.26,0.009545,-0.015884
2013-06-19,8,2013-06-27,,,,1613.2,0.006181,-0.009704
2013-06-19,9,2013-06-28,,,,1606.28,-0.004299,-0.014002
2013-06-19,10,2013-06-29,,,,,,
2013-06-19,11,2013-06-30,,,,,,
2013-06-19,12,2013-07-01,,,,1614.96,,-0.008613
2013-06-19,13,2013-07-02,,,,1614.08,-0.000545,-0.009158
2013-06-19,14,2013-07-03,,,,1615.41,0.000824,-0.008335
2013-07-31,1,2013-08-01,,,,1706.87,0.012463,0.012463
2013-07-31,2,2013-08-02,,,,1709.67,0.001639,0.014102
2013-07-31,3,2013-08-03,,,,,,
2013-07-31,4,2013-08-04,,,,,,
2013-07-31,5,2013-08-05,,,,1707.14,,0.012621
2013-07-31,6,2013-08-06,,,,1697.37,-0.005739,0.006881
2013-07-31,7,2013-08-07,,,,1690.91,-0.003813,0.003068
2013-07-31,8,2013-08-08,,,,1697.48,0.003878,0.006946
2013-07-31,9,2013-08-09,,,,1691.42,-0.003576,0.00337
2013-07-31,10,2013-08-10,,,,,,
2013-07-31,11,2013-08-11,,,,,,
2013-07-31,12,2013-08-12,,,,1689.47,,0.002216
2013-07-31,13,2013-08-13,,,,1694.16,0.002772,0.004988
2013-07-31,14,2013-08-14,,,,1685.39,-0.00519,-0.000202
2013-09-18,1,2013-09-19,,,,1722.34,-0.001845,-0.001845
2013-09-18,2,2013-09-20,,,,1709.91,-0.007243,-0.009088
2013-09-18,3,2013-09-21,,,,,,
2013-09-18,4,2013-09-22,,,,,,
2013-09-18,5,2013-09-23,,,,1701.84,,-0.013818
2013-09-18,6,2013-09-24,,,,1697.42,-0.002601,-0.016419
2013-09-18,7,2013-09-25,,,,1692.77,-0.002743,-0.019162
2013-09-18,8,2013-09-26,,,,1698.67,0.003479,-0.015683
2013-09-18,9,2013-09-27,,,,1691.75,-0.004082,-0.019765
2013-09-18,10,2013-09-28,,,,,,
2013-09-18,11,2013-09-29,,,,,,
2013-09-18,12,2013-09-30,,,,1681.55,,-0.025812
2013-09-18,13,2013-10-01,,,,1695.0,0.007967,-0.017846
2013-09-18,14,2013-10-02,,,,1693.87,-0.000667,-0.018513
2013-10-30,1,2013-10-31,,,,1756.54,-0.003847,-0.003847
2013-10-30,2,2013-11-01,,,,1761.64,0.002899,-0.000948
2013-10-30,3,2013-11-02,,,,,,
2013-10-30,4,2013-11-03,,,,,,
2013-10-30,5,2013-11-04,,,,1767.9301,,0.002617
2013-10-30,6,2013-11-05,,,,1762.97,-0.00281,-0.000193
2013-10-30,7,2013-11-06,,,,1770.49,0.004256,0.004064
2013-10-30,8,2013-11-07,,,,1747.15,-0.01327,-0.009207
2013-10-30,9,2013-11-08,,,,1770.61,0.013338,0.004131
2013-10-30,10,2013-11-09,,,,,,
2013-10-30,11,2013-11-10,,,,,,
2013-10-30,12,2013-11-11,,,,1771.89,,0.004854
2013-10-30,13,2013-11-12,,,,1767.6899,-0.002373,0.002481
2013-10-30,14,2013-11-13,,,,1782.0,0.008063,0.010544
2013-12-18,1,2013-12-19,,,,1809.6,-0.00058,-0.00058
2013-12-18,2,2013-12-20,,,,1818.3199,0.004807,0.004227
2013-12-18,3,2013-12-21,,,,,,
2013-12-18,4,2013-12-22,,,,,,
2013-12-18,5,2013-12-23,,,,1827.99,,0.009531
2013-12-18,6,2013-12-24,,,,1833.3199,0.002912,0.012443
2013-12-18,7,2013-12-25,,,,,,
2013-12-18,8,2013-12-26,,,,1842.02,,0.017177
2013-12-18,9,2013-12-27,,,,1841.4,-0.000337,0.01684
2013-12-18,10,2013-12-28,,,,,,
2013-12-18,11,2013-12-29,,,,,,
2013-12-18,12,2013-12-30,,,,1841.0699,,0.016661
2013-12-18,13,2013-12-31,,,,1848.36,0.003952,0.020613
2013-12-18,14,2014-01-01,,,,,,
2014-01-29,1,2014-01-30,,,,1794.1899,0.011204,0.011204
2014-01-29,2,2014-01-31,,,,1782.59,-0.006486,0.004718
2014-01-29,3,2014-02-01,,,,,,
2014-01-29,4,2014-02-02,,,,,,
2014-01-29,5,2014-02-03,,,,1741.89,,-0.018379
2014-01-29,6,2014-02-04,,,,1755.2,0.007612,-0.010767
2014-01-29,7,2014-02-05,,,,1751.64,-0.00203,-0.012797
2014-01-29,8,2014-02-06,,,,1773.4301,0.012363,-0.000434
2014-01-29,9,2014-02-07,,,,1797.02,0.013214,0.01278
2014-01-29,10,2014-02-08,,,,,,
2014-01-29,11,2014-02-09,,,,,,
2014-01-29,12,2014-02-10,,,,1799.84,,0.014348
2014-01-29,13,2014-02-11,,,,1819.75,0.011001,0.02535
2014-01-29,14,2014-02-12,,,,1819.26,-0.000269,0.02508
2014-03-19,1,2014-03-20,,,,1872.01,0.006022,0.006022
2014-03-19,2,2014-03-21,,,,1866.52,-0.002937,0.003085
2014-03-19,3,2014-03-22,,,,,,
2014-03-19,4,2014-03-23,,,,,,
2014-03-19,5,2014-03-24,,,,1857.4399,,-0.001791
2014-03-19,6,2014-03-25,,,,1865.62,0.004394,0.002603
2014-03-19,7,2014-03-26,,,,1852.5601,-0.007025,-0.004422
2014-03-19,8,2014-03-27,,,,1849.04,-0.001902,-0.006324
2014-03-19,9,2014-03-28,,,,1857.62,0.004629,-0.001694
2014-03-19,10,2014-03-29,,,,,,
2014-03-19,11,2014-03-30,,,,,,
2014-03-19,12,2014-03-31,,,,1872.34,,0.006199
2014-03-19,13,2014-04-01,,,,1885.52,0.007015,0.013213
2014-03-19,14,2014-04-02,,,,1890.9,0.002849,0.016063
2014-04-30,1,2014-05-01,,,,1883.6801,-0.000143,-0.000143
2014-04-30,2,2014-05-02,,,,1881.14,-0.001349,-0.001493
2014-04-30,3,2014-05-03,,,,,,
2014-04-30,4,2014-05-04,,,,,,
2014-04-30,5,2014-05-05,,,,1884.66,,0.000377
2014-04-30,6,2014-05-06,,,,1867.72,-0.009029,-0.008652
2014-04-30,7,2014-05-07,,,,1878.21,0.005601,-0.003051
2014-04-30,8,2014-05-08,,,,1875.63,-0.001375,-0.004426
2014-04-30,9,2014-05-09,,,,1878.48,0.001518,-0.002908
2014-04-30,10,2014-05-10,,,,,,
2014-04-30,11,2014-05-11,,,,,,
2014-04-30,12,2014-05-12,,,,1896.65,,0.006719
2014-04-30,13,2014-05-13,,,,1897.45,0.000422,0.00714
2014-04-30,14,2014-05-14,,,,1888.53,-0.004712,0.002428
2014-06-18,1,2014-06-19,,,,1959.48,0.001277,0.001277
2014-06-18,2,2014-06-20,,,,1962.87,0.001729,0.003005
2014-06-18,3,2014-06-21,,,,,,
2014-06-18,4,2014-06-22,,,,,,
2014-06-18,5,2014-06-23,,,,1962.61,,0.002873
2014-06-18,6,2014-06-24,,,,1949.98,-0.006456,-0.003583
2014-06-18,7,2014-06-25,,,,1959.53,0.004886,0.001302
2014-06-18,8,2014-06-26,,,,1957.22,-0.00118,0.000123
2014-06-18,9,2014-06-27,,,,1960.96,0.001909,0.002032
2014-06-18,10,2014-06-28,,,,,,
2014-06-18,11,2014-06-29,,,,,,
2014-06-18,12,2014-06-30,,,,1960.23,,0.001659
2014-06-18,13,2014-07-01,,,,1973.3199,0.006656,0.008315
2014-06-18,14,2014-07-02,,,,1974.62,0.000659,0.008974
2014-07-30,1,2014-07-31,,,,1930.67,-0.020202,-0.020202
2014-07-30,2,2014-08-01,,,,1925.15,-0.002863,-0.023065
2014-07-30,3,2014-08-02,,,,,,
2014-07-30,4,2014-08-03,,,,,,
2014-07-30,5,2014-08-04,,,,1938.99,,-0.015902
2014-07-30,6,2014-08-05,,,,1920.21,-0.009733,-0.025635
2014-07-30,7,2014-08-06,,,,1920.24,1.6e-05,-0.025619
2014-07-30,8,2014-08-07,,,,1909.5699,-0.005572,-0.031191
2014-07-30,9,2014-08-08,,,,1931.59,0.011465,-0.019726
2014-07-30,10,2014-08-09,,,,,,
2014-07-30,11,2014-08-10,,,,,,
2014-07-30,12,2014-08-11,,,,1936.92,,-0.01697
2014-07-30,13,2014-08-12,,,,1933.75,-0.001638,-0.018608
2014-07-30,14,2014-08-13,,,,1946.72,0.006685,-0.011923
2014-09-17,1,2014-09-18,,,,2011.36,0.004879,0.004879
2014-09-17,2,2014-09-19,,,,2010.4,-0.000477,0.004402
2014-09-17,3,2014-09-20,,,,,,
2014-09-17,4,2014-09-21,,,,,,
2014-09-17,5,2014-09-22,,,,1994.29,,-0.003644
2014-09-17,6,2014-09-23,,,,1982.77,-0.005793,-0.009437
2014-09-17,7,2014-09-24,,,,1998.3,0.007802,-0.001635
2014-09-17,8,2014-09-25,,,,1965.99,-0.016301,-0.017936
2014-09-17,9,2014-09-26,,,,1982.85,0.008539,-0.009397
2014-09-17,10,2014-09-27,,,,,,
2014-09-17,11,2014-09-28,,,,,,
2014-09-17,12,2014-09-29,,,,1977.8,,-0.011947
2014-09-17,13,2014-09-30,,,,1972.29,-0.00279,-0.014737
2014-09-17,14,2014-10-01,,,,1946.16,-0.013337,-0.028074
2014-10-29,1,2014-10-30,,,,1994.65,0.006211,0.006211
2014-10-29,2,2014-10-31,,,,2018.05,0.011663,0.017874
2014-10-29,3,2014-11-01,,,,,,
2014-10-29,4,2014-11-02,,,,,,
2014-10-29,5,2014-11-03,,,,2017.8101,,0.017755
2014-10-29,6,2014-11-04,,,,2012.1,-0.002834,0.014921
2014-10-29,7,2014-11-05,,,,2023.5699,0.005684,0.020605
2014-10-29,8,2014-11-06,,,,2031.21,0.003768,0.024374
2014-10-29,9,2014-11-07,,,,2031.92,0.00035,0.024723
2014-10-29,10,2014-11-08,,,,,,
2014-10-29,11,2014-11-09,,,,,,
2014-10-29,12,2014-11-10,,,,2038.26,,0.027839
2014-10-29,13,2014-11-11,,,,2039.6801,0.000696,0.028535
2014-10-29,14,2014-11-12,,,,2038.25,-0.000701,0.027834
2014-12-17,1,2014-12-18,,,,2061.23,0.023731,0.023731
2014-12-17,2,2014-12-19,,,,2070.6499,0.00456,0.028291
2014-12-17,3,2014-12-20,,,,,,
2014-12-17,4,2014-12-21,,,,,,
2014-12-17,5,2014-12-22,,,,2078.54,,0.032094
2014-12-17,6,2014-12-23,,,,2082.1699,0.001745,0.033839
2014-12-17,7,2014-12-24,,,,2081.8799,-0.000139,0.0337
2014-12-17,8,2014-12-25,,,,,,
2014-12-17,9,2014-12-26,,,,2088.77,,0.037004
2014-12-17,10,2014-12-27,,,,,,
2014-12-17,11,2014-12-28,,,,,,
2014-12-17,12,2014-12-29,,,,2090.5701,,0.037865
2014-12-17,13,2014-12-30,,,,2080.3501,-0.004901,0.032965
2014-12-17,14,2014-12-31,,,,2058.8999,-0.010364,0.0226
2015-01-28,1,2015-01-29,233.513,-0.00172,-0.00172,2021.25,0.00949,0.00949
2015-01-28,2,2015-01-30,226.425,-0.030824,-0.032544,1994.99,-0.013077,-0.003588
2015-01-28,3,2015-01-31,217.464,-0.04038,-0.072924,,,
2015-01-28,4,2015-02-01,226.972,0.042793,-0.030131,,,
2015-01-28,5,2015-02-02,238.229,0.048406,0.018275,2020.85,,0.009292
2015-01-28,6,2015-02-03,227.268,-0.047102,-0.028828,2050.03,0.014336,0.023628
2015-01-28,7,2015-02-04,226.853,-0.001828,-0.030656,2041.51,-0.004165,0.019463
2015-01-28,8,2015-02-05,217.111,-0.043894,-0.074549,2062.52,0.010239,0.029702
2015-01-28,9,2015-02-06,222.266,0.023466,-0.051083,2055.47,-0.003424,0.026278
2015-01-28,10,2015-02-07,227.754,0.024391,-0.026692,,,
2015-01-28,11,2015-02-08,223.412,-0.019248,-0.04594,,,
2015-01-28,12,2015-02-09,220.11,-0.01489,-0.06083,2046.74,,0.022022
2015-01-28,13,2015-02-10,219.839,-0.001232,-0.062062,2068.5901,0.010619,0.032641
2015-01-28,14,2015-02-11,219.185,-0.002979,-0.065042,2068.53,-2.9e-05,0.032612
2015-03-18,1,2015-03-19,260.928,0.0179,0.0179,2089.27,-0.004884,-0.004884
2015-03-18,2,2015-03-20,261.749,0.003141,0.021041,2108.1001,0.008972,0.004088
2015-03-18,3,2015-03-21,260.025,-0.006608,0.014433,,,
2015-03-18,4,2015-03-22,267.96,0.03006,0.044493,,,
2015-03-18,5,2015-03-23,266.74,-0.004563,0.03993,2104.4199,,0.002341
2015-03-18,6,2015-03-24,245.595,-0.082591,-0.042661,2091.5,-0.006158,-0.003818
2015-03-18,7,2015-03-25,246.197,0.002448,-0.040213,2061.05,-0.014666,-0.018484
2015-03-18,8,2015-03-26,248.532,0.00944,-0.030773,2056.1499,-0.00238,-0.020864
2015-03-18,9,2015-03-27,247.029,-0.006066,-0.036839,2061.02,0.002366,-0.018498
2015-03-18,10,2015-03-28,252.798,0.023085,-0.013754,,,
2015-03-18,11,2015-03-29,242.713,-0.040711,-0.054465,,,
2015-03-18,12,2015-03-30,247.526,0.019636,-0.034829,2086.24,,-0.006336
2015-03-18,13,2015-03-31,244.224,-0.01343,-0.048259,2067.8899,-0.008835,-0.015171
2015-03-18,14,2015-04-01,247.272,0.012403,-0.035856,2059.6899,-0.003973,-0.019144
2015-04-29,1,2015-04-30,236.145,0.044761,0.044761,2085.51,-0.010181,-0.010181
2015-04-29,2,2015-05-01,232.079,-0.017368,0.027393,2108.29,0.010864,0.000683
2015-04-29,3,2015-05-02,234.93,0.01221,0.039602,,,
2015-04-29,4,2015-05-03,240.358,0.022842,0.062444,,,
2015-04-29,5,2015-05-04,239.018,-0.005591,0.056854,2114.49,,0.00362
2015-04-29,6,2015-05-05,236.121,-0.012194,0.044659,2089.46,-0.011908,-0.008288
2015-04-29,7,2015-05-06,229.782,-0.027213,0.017446,2080.1499,-0.004466,-0.012754
2015-04-29,8,2015-05-07,237.334,0.032337,0.049783,2088.0,0.003767,-0.008987
2015-04-29,9,2015-05-08,243.863,0.027138,0.076922,2116.1001,0.013368,0.004381
2015-04-29,10,2015-05-09,241.832,-0.008363,0.068558,,,
2015-04-29,11,2015-05-10,240.296,-0.006372,0.062186,,,
2015-04-29,12,2015-05-11,242.158,0.007719,0.069905,2105.3301,,-0.000722
2015-04-29,13,2015-05-12,241.112,-0.004329,0.065576,2099.1201,-0.002954,-0.003676
2015-04-29,14,2015-05-13,236.377,-0.019834,0.045743,2098.48,-0.000305,-0.003981
2015-06-17,1,2015-06-18,249.007,-0.001112,-0.001112,2121.24,0.009854,0.009854
2015-06-17,2,2015-06-19,244.606,-0.017832,-0.018944,2109.99,-0.005318,0.004536
2015-06-17,3,2015-06-20,245.212,0.002474,-0.01647,,,
2015-06-17,4,2015-06-21,243.944,-0.005184,-0.021654,,,
2015-06-17,5,2015-06-22,246.99,0.012409,-0.009245,2122.8501,,0.010613
2015-06-17,6,2015-06-23,244.296,-0.010967,-0.020212,2124.2,0.000636,0.011248
2015-06-17,7,2015-06-24,240.515,-0.015598,-0.03581,2108.5801,-0.00738,0.003868
2015-06-17,8,2015-06-25,242.799,0.009451,-0.026359,2102.3101,-0.002978,0.00089
2015-06-17,9,2015-06-26,243.594,0.003269,-0.02309,2101.49,-0.00039,0.0005
2015-06-17,10,2015-06-27,250.99,0.02991,0.00682,,,
2015-06-17,11,2015-06-28,249.011,-0.007916,-0.001096,,,
2015-06-17,12,2015-06-29,257.064,0.031828,0.030732,2057.6399,,-0.020587
2015-06-17,13,2015-06-30,263.072,0.023103,0.053835,2063.1101,0.002655,-0.017932
2015-06-17,14,2015-07-01,258.621,-0.017064,0.036771,2077.4199,0.006912,-0.01102
2015-07-29,1,2015-07-30,287.722,-0.006471,-0.006471,2108.6299,2.8e-05,2.8e-05
2015-07-29,2,2015-07-31,284.65,-0.010734,-0.017206,2103.8401,-0.002274,-0.002246
2015-07-29,3,2015-08-01,281.601,-0.010769,-0.027975,,,
2015-07-29,4,2015-08-02,282.614,0.003591,-0.024384,,,
2015-07-29,5,2015-08-03,281.227,-0.00492,-0.029304,2098.04,,-0.005006
2015-07-29,6,2015-08-04,285.218,0.014092,-0.015212,2093.3201,-0.002252,-0.007259
2015-07-29,7,2015-08-05,281.882,-0.011765,-0.026978,2099.8401,0.00311,-0.004149
2015-07-29,8,2015-08-06,278.577,-0.011794,-0.038772,2083.5601,-0.007783,-0.011932
2015-07-29,9,2015-08-07,279.585,0.003612,-0.03516,2077.5701,-0.002879,-0.014811
2015-07-29,10,2015-08-08,260.997,-0.068797,-0.103957,,,
2015-07-29,11,2015-08-09,265.083,0.015534,-0.088423,,,
2015-07-29,12,2015-08-10,264.47,-0.002315,-0.090738,2104.1799,,-0.002084
2015-07-29,13,2015-08-11,270.386,0.022123,-0.068616,2084.0701,-0.009603,-0.011687
2015-07-29,14,2015-08-12,266.376,-0.014942,-0.083557,2086.05,0.00095,-0.010738
2015-09-17,1,2015-09-18,232.975,0.013678,0.013678,1958.03,-0.016296,-0.016296
2015-09-17,2,2015-09-19,231.493,-0.006382,0.007297,,,
2015-09-17,3,2015-09-20,231.212,-0.001215,0.006082,,,
2015-09-17,4,2015-09-21,227.085,-0.018011,-0.011928,1966.97,,-0.011741
2015-09-17,5,2015-09-22,230.618,0.015438,0.00351,1942.74,-0.012395,-0.024136
2015-09-17,6,2015-09-23,230.283,-0.001454,0.002056,1938.76,-0.002051,-0.026187
2015-09-17,7,2015-09-24,234.529,0.01827,0.020326,1932.24,-0.003369,-0.029555
2015-09-17,8,2015-09-25,235.144,0.002619,0.022945,1931.34,-0.000466,-0.030021
2015-09-17,9,2015-09-26,234.34,-0.003425,0.01952,,,
2015-09-17,10,2015-09-27,232.757,-0.006778,0.012742,,,
2015-09-17,11,2015-09-28,239.142,0.027063,0.039805,1881.77,,-0.056022
2015-09-17,12,2015-09-29,236.687,-0.010319,0.029486,1884.09,0.001232,-0.05479
2015-09-17,13,2015-09-30,236.06,-0.002653,0.026833,1920.03,0.018896,-0.035894
2015-09-17,14,2015-10-01,237.549,0.006288,0.033121,1923.8199,0.001972,-0.033922
2015-10-28,1,2015-10-29,313.855,0.029873,0.029873,2089.4099,-0.00045,-0.00045
2015-10-28,2,2015-10-30,328.015,0.044128,0.074001,2079.3601,-0.004821,-0.005271
2015-10-28,3,2015-10-31,314.166,-0.043138,0.030863,,,
2015-10-28,4,2015-11-01,325.431,0.035229,0.066092,,,
2015-10-28,5,2015-11-02,361.189,0.104251,0.170343,2104.05,,0.006533
2015-10-28,6,2015-11-03,403.417,0.110569,0.280912,2109.79,0.002724,0.009257
2015-10-28,7,2015-11-04,411.563,0.019991,0.300904,2102.3101,-0.003552,0.005705
2015-10-28,8,2015-11-05,386.354,-0.063208,0.237695,2099.9299,-0.001133,0.004572
2015-10-28,9,2015-11-06,374.47,-0.031242,0.206453,2099.2,-0.000348,0.004225
2015-10-28,10,2015-11-07,386.482,0.031574,0.238027,,,
2015-10-28,11,2015-11-08,373.368,-0.034521,0.203506,,,
2015-10-28,12,2015-11-09,380.257,0.018283,0.221789,2078.5801,,-0.005647
2015-10-28,13,2015-11-10,336.819,-0.121302,0.100487,2081.72,0.001509,-0.004137
2015-10-28,14,2015-11-11,311.084,-0.079483,0.021004,2075.0,-0.003233,-0.00737
2015-12-16,1,2015-12-17,456.078,0.002512,0.002512,2041.89,-0.015155,-0.015155
2015-12-16,2,2015-12-18,463.616,0.016393,0.018904,2005.55,-0.017957,-0.033112
2015-12-16,3,2015-12-19,462.322,-0.002795,0.016109,,,
2015-12-16,4,2015-12-20,442.685,-0.043403,-0.027294,,,
2015-12-16,5,2015-12-21,438.639,-0.009182,-0.036476,2021.15,,-0.025364
2015-12-16,6,2015-12-22,436.572,-0.004723,-0.041199,2038.97,0.008778,-0.016586
2015-12-16,7,2015-12-23,442.401,0.013263,-0.027936,2064.29,0.012342,-0.004244
2015-12-16,8,2015-12-24,454.985,0.028048,0.000112,2060.99,-0.0016,-0.005844
2015-12-16,9,2015-12-25,455.653,0.001467,0.001579,,,
2015-12-16,10,2015-12-26,417.274,-0.087989,-0.086409,,,
2015-12-16,11,2015-12-27,422.823,0.013211,-0.073199,,,
2015-12-16,12,2015-12-28,422.279,-0.001287,-0.074486,2056.5,,-0.008025
2015-12-16,13,2015-12-29,432.983,0.025032,-0.049454,2078.3601,0.010574,0.002549
2015-12-16,14,2015-12-30,426.62,-0.014805,-0.064259,2063.3601,-0.007243,-0.004695
2016-01-27,1,2016-01-28,380.289,-0.037883,-0.037883,1893.36,0.005513,0.005513
2016-01-27,2,2016-01-29,379.474,-0.002145,-0.040029,1940.24,0.024459,0.029972
2016-01-27,3,2016-01-30,378.255,-0.003217,-0.043246,,,
2016-01-27,4,2016-01-31,368.767,-0.025404,-0.06865,,,
2016-01-27,5,2016-02-01,373.056,0.011564,-0.057086,1939.38,,0.029529
2016-01-27,6,2016-02-02,374.448,0.003724,-0.053362,1903.03,-0.018921,0.010608
2016-01-27,7,2016-02-03,369.949,-0.012088,-0.06545,1912.53,0.00498,0.015587
2016-01-27,8,2016-02-04,389.594,0.05174,-0.01371,1915.45,0.001526,0.017113
2016-01-27,9,2016-02-05,386.549,-0.007846,-0.021556,1880.05,-0.018654,-0.001541
2016-01-27,10,2016-02-06,376.522,-0.026282,-0.047838,,,
2016-01-27,11,2016-02-07,376.62,0.00026,-0.047578,,,
2016-01-27,12,2016-02-08,373.447,-0.008461,-0.056039,1853.4399,,-0.015796
2016-01-27,13,2016-02-09,376.029,0.00689,-0.049149,1852.21,-0.000664,-0.01646
2016-01-27,14,2016-02-10,381.649,0.014835,-0.034314,1851.86,-0.000189,-0.016649
2016-03-16,1,2016-03-17,420.621,0.00862,0.00862,2040.59,0.006574,0.006574
2016-03-16,2,2016-03-18,409.548,-0.026678,-0.018058,2049.5801,0.004396,0.01097
2016-03-16,3,2016-03-19,410.444,0.002185,-0.015873,,,
2016-03-16,4,2016-03-20,413.755,0.008035,-0.007839,,,
2016-03-16,5,2016-03-21,413.307,-0.001083,-0.008922,2051.6001,,0.011955
2016-03-16,6,2016-03-22,418.089,0.011504,0.002582,2049.8,-0.000878,0.011077
2016-03-16,7,2016-03-23,418.041,-0.000115,0.002467,2036.71,-0.006407,0.00467
2016-03-16,8,2016-03-24,416.394,-0.003948,-0.001481,2035.9399,-0.000378,0.004292
2016-03-16,9,2016-03-25,417.177,0.001879,0.000398,,,
2016-03-16,10,2016-03-26,417.945,0.001839,0.002237,,,
2016-03-16,11,2016-03-27,426.765,0.020884,0.023121,,,
2016-03-16,12,2016-03-28,424.231,-0.005955,0.017166,2037.05,,0.004837
2016-03-16,13,2016-03-29,416.516,-0.018353,-0.001188,2055.01,0.008778,0.013615
2016-03-16,14,2016-03-30,414.816,-0.00409,-0.005277,2063.95,0.004341,0.017956
2016-04-27,1,2016-04-28,449.011,0.009677,0.009677,2075.8101,-0.009274,-0.009274
2016-04-27,2,2016-04-29,455.097,0.013463,0.02314,2065.3,-0.005076,-0.01435
2016-04-27,3,2016-04-30,448.318,-0.015008,0.008132,,,
2016-04-27,4,2016-05-01,451.875,0.007903,0.016035,,,
2016-04-27,5,2016-05-02,444.669,-0.016075,-4e-05,2081.4299,,-0.00657
2016-04-27,6,2016-05-03,450.304,0.012593,0.012552,2063.3701,-0.008714,-0.015284
2016-04-27,7,2016-05-04,446.722,-0.007986,0.004566,2051.1201,-0.005955,-0.021239
2016-04-27,8,2016-05-05,447.976,0.002803,0.007369,2050.6299,-0.000239,-0.021478
2016-04-27,9,2016-05-06,459.603,0.025623,0.032992,2057.1399,0.00317,-0.018308
2016-04-27,10,2016-05-07,458.536,-0.002324,0.030668,,,
2016-04-27,11,2016-05-08,458.548,2.6e-05,0.030694,,,
2016-04-27,12,2016-05-09,460.483,0.004211,0.034905,2058.6899,,-0.017555
2016-04-27,13,2016-05-10,450.895,-0.021041,0.013864,2084.3899,0.012406,-0.005149
2016-04-27,14,2016-05-11,452.728,0.004057,0.017921,2064.46,-0.009608,-0.014756
2016-06-15,1,2016-06-16,766.308,0.098437,0.098437,2077.99,0.003128,0.003128
2016-06-15,2,2016-06-17,748.909,-0.022967,0.07547,2071.22,-0.003263,-0.000135
2016-06-15,3,2016-06-18,756.227,0.009724,0.085194,,,
2016-06-15,4,2016-06-19,763.781,0.00994,0.095134,,,
2016-06-15,5,2016-06-20,737.226,-0.035387,0.059747,2083.25,,0.005656
2016-06-15,6,2016-06-21,666.652,-0.100626,-0.040879,2088.8999,0.002708,0.008365
2016-06-15,7,2016-06-22,596.116,-0.111833,-0.152712,2085.45,-0.001653,0.006712
2016-06-15,8,2016-06-23,623.977,0.045678,-0.107034,2113.3201,0.013276,0.019987
2016-06-15,9,2016-06-24,665.299,0.064123,-0.042911,2037.41,-0.036581,-0.016594
2016-06-15,10,2016-06-25,665.123,-0.000265,-0.043176,,,
2016-06-15,11,2016-06-26,629.367,-0.055257,-0.098433,,,
2016-06-15,12,2016-06-27,655.275,0.04034,-0.058092,2000.54,,-0.034856
2016-06-15,13,2016-06-28,647.001,-0.012707,-0.0708,2036.09,0.017614,-0.017242
2016-06-15,14,2016-06-29,639.89,-0.011051,-0.081851,2070.77,0.016889,-0.000352
2016-07-27,1,2016-07-28,655.035,0.001043,0.001043,2170.0601,0.001605,0.001605
2016-07-27,2,2016-07-29,656.992,0.002983,0.004026,2173.6001,0.00163,0.003235
2016-07-27,3,2016-07-30,655.047,-0.002965,0.001062,,,
2016-07-27,4,2016-07-31,624.681,-0.047466,-0.046404,,,
2016-07-27,5,2016-08-01,606.272,-0.029912,-0.076317,2170.8401,,0.001964
2016-07-27,6,2016-08-02,547.465,-0.10203,-0.178347,2157.03,-0.006382,-0.004418
2016-07-27,7,2016-08-03,566.355,0.033922,-0.144424,2163.79,0.003129,-0.001289
2016-07-27,8,2016-08-04,578.289,0.020853,-0.123572,2164.25,0.000213,-0.001076
2016-07-27,9,2016-08-05,575.043,-0.005629,-0.129201,2182.8701,0.008567,0.007491
2016-07-27,10,2016-08-06,587.778,0.021904,-0.107296,,,
2016-07-27,11,2016-08-07,592.69,0.008322,-0.098974,,,
2016-07-27,12,2016-08-08,591.054,-0.002764,-0.101738,2180.8899,,0.006583
2016-07-27,13,2016-08-09,587.801,-0.005519,-0.107257,2181.74,0.00039,0.006973
2016-07-27,14,2016-08-10,592.103,0.007292,-0.099965,2175.49,-0.002869,0.004104
2016-09-21,1,2016-09-22,596.298,-0.001426,-0.001426,2177.1799,0.006479,0.006479
2016-09-21,2,2016-09-23,602.842,0.010915,0.009488,2164.6899,-0.005753,0.000725
2016-09-21,3,2016-09-24,602.625,-0.00036,0.009128,,,
2016-09-21,4,2016-09-25,600.826,-0.00299,0.006139,,,
2016-09-21,5,2016-09-26,608.043,0.01194,0.018079,2146.1001,,-0.007899
2016-09-21,6,2016-09-27,606.166,-0.003092,0.014987,2159.9299,0.006423,-0.001476
2016-09-21,7,2016-09-28,604.728,-0.002375,0.012612,2171.3701,0.005283,0.003807
2016-09-21,8,2016-09-29,605.693,0.001594,0.014207,2151.1299,-0.009365,-0.005558
2016-09-21,9,2016-09-30,609.735,0.006651,0.020858,2168.27,0.007936,0.002378
2016-09-21,10,2016-10-01,613.983,0.006943,0.027801,,,
2016-09-21,11,2016-10-02,610.892,-0.005047,0.022754,,,
2016-09-21,12,2016-10-03,612.133,0.002029,0.024783,2161.2,,-0.000888
2016-09-21,13,2016-10-04,610.204,-0.003156,0.021627,2150.49,-0.004968,-0.005856
2016-09-21,14,2016-10-05,612.511,0.003774,0.0254,2159.73,0.004287,-0.001568
2016-11-02,1,2016-11-03,688.7,-0.072964,-0.072964,2088.6599,-0.004433,-0.004433
2016-11-02,2,2016-11-04,703.235,0.020885,-0.052079,2085.1799,-0.001668,-0.006101
2016-11-02,3,2016-11-05,703.418,0.00026,-0.051818,,,
2016-11-02,4,2016-11-06,711.522,0.011455,-0.040364,,,
2016-11-02,5,2016-11-07,703.131,-0.011863,-0.052227,2131.52,,0.015879
2016-11-02,6,2016-11-08,709.848,0.009508,-0.042719,2139.5601,0.003765,0.019644
2016-11-02,7,2016-11-09,723.273,0.018736,-0.023983,2163.26,0.011016,0.03066
2016-11-02,8,2016-11-10,715.534,-0.010758,-0.034741,2167.48,0.001949,0.032609
2016-11-02,9,2016-11-11,716.411,0.001225,-0.033516,2164.45,-0.001399,0.03121
2016-11-02,10,2016-11-12,705.054,-0.01598,-0.049495,,,
2016-11-02,11,2016-11-13,702.031,-0.004297,-0.053792,,,
2016-11-02,12,2016-11-14,705.021,0.00425,-0.049542,2164.2,,0.031095
2016-11-02,13,2016-11-15,711.619,0.009315,-0.040227,2180.3899,0.007453,0.038548
2016-11-02,14,2016-11-16,744.198,0.044764,0.004537,2176.9399,-0.001584,0.036964
2016-12-14,1,2016-12-15,778.088,-0.004351,-0.004351,2262.03,0.003876,0.003876
2016-12-14,2,2016-12-16,784.907,0.008726,0.004374,2258.0701,-0.001752,0.002124
2016-12-14,3,2016-12-17,790.829,0.007517,0.011891,,,
2016-12-14,4,2016-12-18,790.53,-0.000378,0.011513,,,
2016-12-14,5,2016-12-19,792.714,0.002759,0.014272,2262.53,,0.004097
2016-12-14,6,2016-12-20,800.876,0.010244,0.024515,2270.76,0.003631,0.007728
2016-12-14,7,2016-12-21,834.281,0.040864,0.065379,2265.1799,-0.00246,0.005267
2016-12-14,8,2016-12-22,864.54,0.035627,0.101007,2260.96,-0.001865,0.003403
2016-12-14,9,2016-12-23,921.984,0.06433,0.165337,2263.79,0.001251,0.004653
2016-12-14,10,2016-12-24,898.822,-0.025443,0.139894,,,
2016-12-14,11,2016-12-25,896.183,-0.00294,0.136954,,,
2016-12-14,12,2016-12-26,907.61,0.01267,0.149624,,,
2016-12-14,13,2016-12-27,933.198,0.027803,0.177427,2268.8799,,0.006899
2016-12-14,14,2016-12-28,975.921,0.044764,0.222191,2249.9199,-0.008392,-0.001492
2017-02-01,1,2017-02-02,1011.8,0.022769,0.022769,2280.8501,0.00057,0.00057
2017-02-01,2,2017-02-03,1029.91,0.017741,0.040509,2297.4199,0.007238,0.007809
2017-02-01,3,2017-02-04,1042.9,0.012534,0.053043,,,
2017-02-01,4,2017-02-05,1027.34,-0.015032,0.038011,,,
2017-02-01,5,2017-02-06,1038.15,0.010467,0.048478,2292.5601,,0.005691
2017-02-01,6,2017-02-07,1061.35,0.022101,0.070579,2293.0801,0.000227,0.005918
2017-02-01,7,2017-02-08,1063.0699,0.001619,0.072199,2294.6699,0.000693,0.006611
2017-02-01,8,2017-02-09,994.383,-0.066794,0.005405,2307.8701,0.005736,0.012347
2017-02-01,9,2017-02-10,988.674,-0.005758,-0.000353,2316.1001,0.00356,0.015907
2017-02-01,10,2017-02-11,1004.45,0.015831,0.015478,,,
2017-02-01,11,2017-02-12,999.181,-0.005259,0.010218,,,
2017-02-01,12,2017-02-13,990.642,-0.008583,0.001636,2328.25,,0.021139
2017-02-01,13,2017-02-14,1004.55,0.013942,0.015577,2337.5801,0.003999,0.025138
2017-02-01,14,2017-02-15,1007.48,0.002912,0.01849,2349.25,0.00498,0.030118
2017-03-15,1,2017-03-16,1187.8101,-0.05072,-0.05072,2381.3799,-0.001628,-0.001628
2017-03-15,2,2017-03-17,1100.23,-0.076592,-0.127312,2378.25,-0.001315,-0.002943
2017-03-15,3,2017-03-18,973.818,-0.12205,-0.249362,,,
2017-03-15,4,2017-03-19,1036.74,0.062612,-0.18675,,,
2017-03-15,5,2017-03-20,1054.23,0.016729,-0.170021,2373.47,,-0.004955
2017-03-15,6,2017-03-21,1120.54,0.061,-0.109021,2344.02,-0.012486,-0.017441
2017-03-15,7,2017-03-22,1049.14,-0.06584,-0.174861,2348.45,0.001888,-0.015553
2017-03-15,8,2017-03-23,1038.59,-0.010107,-0.184967,2345.96,-0.001061,-0.016613
2017-03-15,9,2017-03-24,937.52,-0.102381,-0.287349,2343.98,-0.000844,-0.017458
2017-03-15,10,2017-03-25,972.779,0.036919,-0.25043,,,
2017-03-15,11,2017-03-26,966.725,-0.006243,-0.256673,,,
2017-03-15,12,2017-03-27,1045.77,0.078595,-0.178078,2341.5901,,-0.018478
2017-03-15,13,2017-03-28,1047.15,0.001319,-0.176759,2358.5701,0.007225,-0.011253
2017-03-15,14,2017-03-29,1039.97,-0.00688,-0.18364,2361.1299,0.001085,-0.010168
2017-05-03,1,2017-05-04,1537.67,0.031432,0.031432,2389.52,0.000582,0.000582
2017-05-03,2,2017-05-05,1555.45,0.011497,0.042928,2399.29,0.00408,0.004662
2017-05-03,3,2017-05-06,1578.8,0.0149,0.057829,,,
2017-05-03,4,2017-05-07,1596.71,0.01128,0.069109,,,
2017-05-03,5,2017-05-08,1723.35,0.076325,0.145434,2399.3799,,0.0047
2017-05-03,6,2017-05-09,1755.36,0.018404,0.163837,2396.9199,-0.001026,0.003674
2017-05-03,7,2017-05-10,1787.13,0.017937,0.181774,2399.6299,0.00113,0.004804
2017-05-03,8,2017-05-11,1848.5699,0.033801,0.215576,2394.4399,-0.002165,0.002639
2017-05-03,9,2017-05-12,1724.24,-0.069626,0.14595,2390.8999,-0.00148,0.001159
2017-05-03,10,2017-05-13,1804.91,0.045724,0.191674,,,
2017-05-03,11,2017-05-14,1808.91,0.002214,0.193888,,,
2017-05-03,12,2017-05-15,1738.4301,-0.039742,0.154146,2402.3201,,0.005924
2017-05-03,13,2017-05-16,1734.45,-0.002292,0.151854,2400.6699,-0.000687,0.005237
2017-05-03,14,2017-05-17,1839.09,0.058581,0.210434,2357.03,-0.018345,-0.013108
2017-06-14,1,2017-06-15,2464.5801,-0.016814,-0.016814,2432.46,-0.002242,-0.002242
2017-06-14,2,2017-06-16,2518.5601,0.021666,0.004852,2433.1499,0.000284,-0.001959
2017-06-14,3,2017-06-17,2655.8799,0.053089,0.05794,,,
2017-06-14,4,2017-06-18,2548.29,-0.041353,0.016587,,,
2017-06-14,5,2017-06-19,2589.6001,0.016081,0.032668,2453.46,,0.006354
2017-06-14,6,2017-06-20,2721.79,0.049786,0.082454,2437.03,-0.006719,-0.000365
2017-06-14,7,2017-06-21,2689.1001,-0.012083,0.070371,2435.6101,-0.000583,-0.000948
2017-06-14,8,2017-06-22,2705.4099,0.006047,0.076418,2434.5,-0.000456,-0.001404
2017-06-14,9,2017-06-23,2744.9099,0.014495,0.090913,2438.3,0.00156,0.000156
2017-06-14,10,2017-06-24,2608.72,-0.050889,0.040024,,,
2017-06-14,11,2017-06-25,2589.4099,-0.00743,0.032594,,,
2017-06-14,12,2017-06-26,2478.45,-0.043797,-0.011202,2439.0701,,0.000472
2017-06-14,13,2017-06-27,2552.45,0.02942,0.018218,2419.3799,-0.008106,-0.007634
2017-06-14,14,2017-06-28,2574.79,0.008714,0.026932,2440.6899,0.00877,0.001136
2017-07-26,1,2017-07-27,2671.78,0.054743,0.054743,2475.4199,-0.000973,-0.000973
2017-07-26,2,2017-07-28,2809.01,0.050087,0.10483,2472.1001,-0.001342,-0.002315
2017-07-26,3,2017-07-29,2726.45,-0.029832,0.074999,,,
2017-07-26,4,2017-07-30,2757.1799,0.011208,0.086207,,,
2017-07-26,5,2017-07-31,2875.3401,0.041963,0.128169,2470.3,,-0.003044
2017-07-26,6,2017-08-01,2718.26,-0.056179,0.07199,2476.3501,0.002446,-0.000597
2017-07-26,7,2017-08-02,2710.6699,-0.002796,0.069194,2477.5701,0.000493,-0.000105
2017-07-26,8,2017-08-03,2804.73,0.034111,0.103305,2472.1599,-0.002186,-0.002291
2017-07-26,9,2017-08-04,2895.8899,0.031985,0.135291,2476.8301,0.001887,-0.000404
2017-07-26,10,2017-08-05,3252.9099,0.116258,0.251548,,,
2017-07-26,11,2017-08-06,3213.9399,-0.012052,0.239496,,,
2017-07-26,12,2017-08-07,3378.9399,0.050064,0.28956,2480.9099,,0.001242
2017-07-26,13,2017-08-08,3419.9399,0.012061,0.301621,2474.9199,-0.002417,-0.001175
2017-07-26,14,2017-08-09,3342.47,-0.022913,0.278708,2474.02,-0.000364,-0.001539
2017-09-20,1,2017-09-21,3631.04,-0.072982,-0.072982,2500.6001,-0.003051,-0.003051
2017-09-20,2,2017-09-22,3630.7,-9.4e-05,-0.073076,2502.22,0.000648,-0.002403
2017-09-20,3,2017-09-23,3792.3999,0.043574,-0.029502,,,
2017-09-20,4,2017-09-24,3682.8401,-0.029315,-0.058817,,,
2017-09-20,5,2017-09-25,3926.0701,0.063955,0.005138,2496.6599,,-0.004628
2017-09-20,6,2017-09-26,3892.3501,-0.008626,-0.003488,2496.8401,7.2e-05,-0.004555
2017-09-20,7,2017-09-27,4200.6699,0.076231,0.072743,2507.04,0.004077,-0.000479
2017-09-20,8,2017-09-28,4174.73,-0.006194,0.066549,2510.0601,0.001204,0.000725
2017-09-20,9,2017-09-29,4163.0698,-0.002797,0.063752,2519.3601,0.003698,0.004424
2017-09-20,10,2017-09-30,4338.71,0.041324,0.105076,,,
2017-09-20,11,2017-10-01,4403.7402,0.014877,0.119953,,,
2017-09-20,12,2017-10-02,4409.3198,0.001266,0.121219,2529.1201,,0.00829
2017-09-20,13,2017-10-03,4317.48,-0.021049,0.100171,2534.5801,0.002157,0.010447
2017-09-20,14,2017-10-04,4229.3599,-0.020621,0.07955,2537.74,0.001246,0.011693
2017-11-01,1,2017-11-02,7078.5,0.044958,0.044958,2579.8501,0.00019,0.00019
2017-11-01,2,2017-11-03,7207.7598,0.018096,0.063055,2587.8401,0.003092,0.003282
2017-11-01,3,2017-11-04,7379.9502,0.023609,0.086663,,,
2017-11-01,4,2017-11-05,7407.4102,0.003714,0.090377,,,
2017-11-01,5,2017-11-06,7022.7598,-0.053325,0.037053,2591.1299,,0.004553
2017-11-01,6,2017-11-07,7144.3799,0.01717,0.054222,2590.6399,-0.000189,0.004364
2017-11-01,7,2017-11-08,7459.6899,0.043188,0.09741,2594.3799,0.001443,0.005806
2017-11-01,8,2017-11-09,7143.5801,-0.0433,0.05411,2584.6201,-0.003769,0.002037
2017-11-01,9,2017-11-10,6618.1401,-0.0764,-0.022289,2582.3,-0.000898,0.001139
2017-11-01,10,2017-11-11,6357.6001,-0.040163,-0.062453,,,
2017-11-01,11,2017-11-12,5950.0698,-0.066248,-0.128701,,,
2017-11-01,12,2017-11-13,6559.4902,0.09751,-0.031191,2584.8401,,0.002122
2017-11-01,13,2017-11-14,6635.75,0.011559,-0.019632,2578.8701,-0.002312,-0.00019
2017-11-01,14,2017-11-15,7315.54,0.097529,0.077897,2564.6201,-0.005541,-0.005731
2017-12-13,1,2017-12-14,16564.0,0.009451,0.009451,2652.01,-0.004079,-0.004079
2017-12-13,2,2017-12-15,17706.9004,0.066723,0.076173,2675.8101,0.008934,0.004855
2017-12-13,3,2017-12-16,19497.4004,0.096327,0.1725,,,
2017-12-13,4,2017-12-17,19140.8008,-0.018459,0.154041,,,
2017-12-13,5,2017-12-18,19114.1992,-0.001391,0.15265,2690.1599,,0.010204
2017-12-13,6,2017-12-19,17776.6992,-0.072543,0.080107,2681.47,-0.003235,0.006968
2017-12-13,7,2017-12-20,16624.5996,-0.067005,0.013102,2679.25,-0.000828,0.00614
2017-12-13,8,2017-12-21,15802.9004,-0.05069,-0.037588,2684.5701,0.001984,0.008124
2017-12-13,9,2017-12-22,13831.7998,-0.133223,-0.170811,2683.3401,-0.000458,0.007665
2017-12-13,10,2017-12-23,14699.2002,0.060823,-0.109988,,,
2017-12-13,11,2017-12-24,13925.7998,-0.05405,-0.164038,,,
2017-12-13,12,2017-12-25,14026.5996,0.007212,-0.156826,,,
2017-12-13,13,2017-12-26,16099.7998,0.137851,-0.018974,2680.5,,0.006606
2017-12-13,14,2017-12-27,15838.5,-0.016363,-0.035337,2682.6201,0.000791,0.007397
2018-01-31,1,2018-02-01,9170.54,-0.108458,-0.108458,2821.98,-0.000648,-0.000648
2018-01-31,2,2018-02-02,8830.75,-0.037756,-0.146214,2762.1299,-0.021437,-0.022085
2018-01-31,3,2018-02-03,9174.9102,0.038233,-0.107982,,,
2018-01-31,4,2018-02-04,8277.0098,-0.102991,-0.210972,,,
2018-01-31,5,2018-02-05,6955.27,-0.173982,-0.384955,2648.9399,,-0.063928
2018-01-31,6,2018-02-06,7754.0,0.108709,-0.276245,2695.1399,0.017291,-0.046637
2018-01-31,7,2018-02-07,7621.2998,-0.017262,-0.293507,2681.6599,-0.005014,-0.051651
2018-01-31,8,2018-02-08,8265.5898,0.081154,-0.212353,2581.0,-0.038259,-0.08991
2018-01-31,9,2018-02-09,8736.9805,0.055464,-0.15689,2619.55,0.014826,-0.075084
2018-01-31,10,2018-02-10,8621.9004,-0.013259,-0.170149,,,
2018-01-31,11,2018-02-11,8129.9702,-0.058748,-0.228897,,,
2018-01-31,12,2018-02-12,8926.5703,0.093475,-0.135422,2656.0,,-0.061266
2018-01-31,13,2018-02-13,8598.3096,-0.037467,-0.172889,2662.9399,0.00261,-0.058656
2018-01-31,14,2018-02-14,9494.6299,0.099161,-0.073728,2698.6299,0.013313,-0.045343
2018-03-21,1,2018-03-22,8728.4697,-0.022746,-0.022746,2643.6899,-0.025485,-0.025485
2018-03-21,2,2018-03-23,8879.6201,0.017169,-0.005577,2588.26,-0.02119,-0.046675
2018-03-21,3,2018-03-24,8668.1201,-0.024107,-0.029684,,,
2018-03-21,4,2018-03-25,8495.7803,-0.020082,-0.049766,,,
2018-03-21,5,2018-03-26,8209.4004,-0.03429,-0.084056,2658.55,,-0.01988
2018-03-21,6,2018-03-27,7833.04,-0.046929,-0.130985,2612.6201,-0.017427,-0.037307
2018-03-21,7,2018-03-28,7954.48,0.015385,-0.115601,2605.0,-0.002921,-0.040228
2018-03-21,8,2018-03-29,7165.7002,-0.10443,-0.22003,2640.8701,0.013676,-0.026552
2018-03-21,9,2018-03-30,6890.52,-0.039159,-0.259189,,,
2018-03-21,10,2018-03-31,6973.5298,0.011975,-0.247214,,,
2018-03-21,11,2018-04-01,6844.23,-0.018716,-0.26593,,,
2018-03-21,12,2018-04-02,7083.7998,0.034405,-0.231525,2581.8799,,-0.049143
2018-03-21,13,2018-04-03,7456.1099,0.051223,-0.180302,2614.45,0.012536,-0.036607
2018-03-21,14,2018-04-04,6853.8398,-0.084225,-0.264527,2644.6899,0.0115,-0.025107
2018-05-02,1,2018-05-03,9743.8604,0.053537,0.053537,2629.73,-0.002256,-0.002256
2018-05-02,2,2018-05-04,9700.7598,-0.004433,0.049104,2663.4199,0.01273,0.010474
2018-05-02,3,2018-05-05,9858.1504,0.016094,0.065198,,,
2018-05-02,4,2018-05-06,9654.7998,-0.020843,0.044355,,,
2018-05-02,5,2018-05-07,9373.0098,-0.029621,0.014734,2672.6299,,0.013926
2018-05-02,6,2018-05-08,9234.8203,-0.014853,-0.000119,2671.9199,-0.000266,0.01366
2018-05-02,7,2018-05-09,9325.1797,0.009737,0.009618,2697.79,0.009636,0.023296
2018-05-02,8,2018-05-10,9043.9404,-0.030623,-0.021005,2723.0701,0.009327,0.032623
2018-05-02,9,2018-05-11,8441.4902,-0.068936,-0.089941,2727.72,0.001706,0.034329
2018-05-02,10,2018-05-12,8504.8896,0.007482,-0.082459,,,
2018-05-02,11,2018-05-13,8723.9404,0.02543,-0.057029,,,
2018-05-02,12,2018-05-14,8716.79,-0.00082,-0.057849,2730.1299,,0.035212
2018-05-02,13,2018-05-15,8510.3799,-0.023964,-0.081814,2711.45,-0.006866,0.028346
2018-05-02,14,2018-05-16,8368.8301,-0.016772,-0.098586,2722.46,0.004052,0.032398
2018-06-13,1,2018-06-14,6675.3501,0.049983,0.049983,2782.49,0.002469,0.002469
2018-06-13,2,2018-06-15,6456.5801,-0.033322,0.016661,2779.6599,-0.001018,0.001451
2018-06-13,3,2018-06-16,6550.1602,0.01439,0.03105,,,
2018-06-13,4,2018-06-17,6499.27,-0.0078,0.023251,,,
2018-06-13,5,2018-06-18,6734.8198,0.035601,0.058852,2773.75,,-0.000678
2018-06-13,6,2018-06-19,6769.9399,0.005201,0.064053,2762.5901,-0.004032,-0.004709
2018-06-13,7,2018-06-20,6776.5498,0.000976,0.065029,2767.3201,0.001711,-0.002998
2018-06-13,8,2018-06-21,6729.7402,-0.006932,0.058097,2749.76,-0.006366,-0.009364
2018-06-13,9,2018-06-22,6083.6899,-0.100925,-0.042828,2754.8799,0.00186,-0.007504
2018-06-13,10,2018-06-23,6162.48,0.012868,-0.02996,,,
2018-06-13,11,2018-06-24,6173.23,0.001743,-0.028217,,,
2018-06-13,12,2018-06-25,6249.1802,0.012228,-0.015989,2717.0701,,-0.021324
2018-06-13,13,2018-06-26,6093.6699,-0.0252,-0.041189,2723.0601,0.002202,-0.019121
2018-06-13,14,2018-06-27,6157.1299,0.01036,-0.030828,2699.6299,-0.008642,-0.027763
2018-08-01,1,2018-08-02,7567.1499,-0.007604,-0.007604,2827.22,0.004914,0.004914
2018-08-01,2,2018-08-03,7434.3901,-0.0177,-0.025304,2840.3501,0.004633,0.009548
2018-08-01,3,2018-08-04,7032.8501,-0.055525,-0.080828,,,
2018-08-01,4,2018-08-05,7068.48,0.005053,-0.075775,,,
2018-08-01,5,2018-08-06,6951.7998,-0.016645,-0.09242,2850.3999,,0.01308
2018-08-01,6,2018-08-07,6753.1201,-0.028996,-0.121416,2858.45,0.00282,0.0159
2018-08-01,7,2018-08-08,6305.7998,-0.068535,-0.189951,2857.7,-0.000262,0.015638
2018-08-01,8,2018-08-09,6568.23,0.040775,-0.149176,2853.5801,-0.001443,0.014195
2018-08-01,9,2018-08-10,6184.71,-0.060164,-0.20934,2833.28,-0.007139,0.007056
2018-08-01,10,2018-08-11,6295.73,0.017792,-0.191549,,,
2018-08-01,11,2018-08-12,6322.6899,0.004273,-0.187276,,,
2018-08-01,12,2018-08-13,6297.5698,-0.003981,-0.191257,2821.9299,,0.003041
2018-08-01,13,2018-08-14,6199.71,-0.015661,-0.206918,2839.96,0.006369,0.00941
2018-08-01,14,2018-08-15,6308.52,0.017399,-0.189519,2818.3701,-0.007631,0.001779
2018-09-26,1,2018-09-27,6676.75,0.027599,0.027599,2914.0,0.002759,0.002759
2018-09-26,2,2018-09-28,6644.1299,-0.004898,0.022701,2913.98,-7e-06,0.002753
2018-09-26,3,2018-09-29,6601.96,-0.006367,0.016334,,,
2018-09-26,4,2018-09-30,6625.5601,0.003568,0.019902,,,
2018-09-26,5,2018-10-01,6589.6201,-0.005439,0.014463,2924.5901,,0.006387
2018-09-26,6,2018-10-02,6556.1001,-0.0051,0.009363,2923.4299,-0.000397,0.00599
2018-09-26,7,2018-10-03,6502.5898,-0.008195,0.001168,2925.51,0.000711,0.006702
2018-09-26,8,2018-10-04,6576.6899,0.011331,0.012499,2901.6101,-0.008203,-0.001501
2018-09-26,9,2018-10-05,6622.48,0.006938,0.019437,2885.5701,-0.005543,-0.007045
2018-09-26,10,2018-10-06,6588.3101,-0.005173,0.014264,,,
2018-09-26,11,2018-10-07,6602.9502,0.00222,0.016484,,,
2018-09-26,12,2018-10-08,6652.23,0.007436,0.023919,2884.4299,,-0.00744
2018-09-26,13,2018-10-09,6642.6401,-0.001443,0.022477,2880.3401,-0.001419,-0.008859
2018-09-26,14,2018-10-10,6585.5298,-0.008635,0.013842,2785.6799,-0.033416,-0.042275
2018-11-08,1,2018-11-09,6385.6201,-0.010608,-0.010608,2781.01,-0.009242,-0.009242
2018-11-08,2,2018-11-10,6409.2202,0.003689,-0.006919,,,
2018-11-08,3,2018-11-11,6411.27,0.00032,-0.006599,,,
2018-11-08,4,2018-11-12,6371.27,-0.006259,-0.012858,2726.22,,-0.02914
2018-11-08,5,2018-11-13,6359.4902,-0.001851,-0.014709,2722.1799,-0.001483,-0.030623
2018-11-08,6,2018-11-14,5738.3501,-0.102776,-0.117485,2701.5801,-0.007596,-0.038219
2018-11-08,7,2018-11-15,5648.0298,-0.015865,-0.13335,2730.2,0.010538,-0.027681
2018-11-08,8,2018-11-16,5575.5498,-0.012916,-0.146266,2736.27,0.002221,-0.02546
2018-11-08,9,2018-11-17,5554.3301,-0.003813,-0.150079,,,
2018-11-08,10,2018-11-18,5623.54,0.012384,-0.137695,,,
2018-11-08,11,2018-11-19,4871.4902,-0.143561,-0.281257,2690.73,,-0.042243
2018-11-08,12,2018-11-20,4451.8701,-0.090076,-0.371332,2641.8899,-0.018318,-0.060561
2018-11-08,13,2018-11-21,4602.1699,0.033204,-0.338129,2649.9299,0.003039,-0.057523
2018-11-08,14,2018-11-22,4365.9399,-0.052694,-0.390823,,,
2018-12-19,1,2018-12-20,4134.4414,0.098677,0.098677,2467.4199,-0.015898,-0.015898
2018-12-19,2,2018-12-21,3896.5437,-0.059262,0.039414,2416.6201,-0.020803,-0.036701
2018-12-19,3,2018-12-22,4014.1826,0.029744,0.069158,,,
2018-12-19,4,2018-12-23,3998.9802,-0.003794,0.065364,,,
2018-12-19,5,2018-12-24,4078.5991,0.019714,0.085078,2351.1001,,-0.064188
2018-12-19,6,2018-12-25,3815.4907,-0.066684,0.018394,,,
2018-12-19,7,2018-12-26,3857.2976,0.010898,0.029291,2467.7,,-0.015784
2018-12-19,8,2018-12-27,3654.8335,-0.053916,-0.024625,2488.8301,0.008526,-0.007258
2018-12-19,9,2018-12-28,3923.9187,0.07104,0.046415,2485.74,-0.001242,-0.0085
2018-12-19,10,2018-12-29,3820.4087,-0.026733,0.019682,,,
2018-12-19,11,2018-12-30,3865.9526,0.011851,0.031533,,,
2018-12-19,12,2018-12-31,3742.7004,-0.032401,-0.000868,2506.8501,,-4.4e-05
2018-12-19,13,2019-01-01,3843.52,0.026581,0.025713,,,
2018-12-19,14,2019-01-02,3943.4094,0.025657,0.05137,2510.03,,0.001224
2019-01-30,1,2019-01-31,3457.7927,-0.008177,-0.008177,2704.1001,0.008561,0.008561
2019-01-30,2,2019-02-01,3487.9453,0.008682,0.000506,2706.53,0.000898,0.009459
2019-01-30,3,2019-02-02,3521.0608,0.009449,0.009955,,,
2019-01-30,4,2019-02-03,3464.0134,-0.016334,-0.006379,,,
2019-01-30,5,2019-02-04,3459.1541,-0.001404,-0.007783,2724.8701,,0.016212
2019-01-30,6,2019-02-05,3466.3574,0.00208,-0.005703,2737.7,0.004697,0.02091
2019-01-30,7,2019-02-06,3413.7678,-0.015288,-0.02099,2731.6101,-0.002227,0.018683
2019-01-30,8,2019-02-07,3399.4717,-0.004197,-0.025187,2706.05,-0.009401,0.009281
2019-01-30,9,2019-02-08,3666.7803,0.075694,0.050507,2707.8799,0.000676,0.009957
2019-01-30,10,2019-02-09,3671.2036,0.001206,0.051713,,,
2019-01-30,11,2019-02-10,3690.1882,0.005158,0.05687,,,
2019-01-30,12,2019-02-11,3648.4307,-0.01138,0.04549,2709.8,,0.010666
2019-01-30,13,2019-02-12,3653.5286,0.001396,0.046886,2744.73,0.012808,0.023474
2019-01-30,14,2019-02-13,3632.0706,-0.005891,0.040996,2753.03,0.003019,0.026494
2019-03-20,1,2019-03-21,4029.3269,-0.014328,-0.014328,2854.8799,0.010794,0.010794
2019-03-20,2,2019-03-22,4023.9683,-0.001331,-0.015659,2800.71,-0.019157,-0.008363
2019-03-20,3,2019-03-23,4035.8264,0.002943,-0.012717,,,
2019-03-20,4,2019-03-24,4022.1682,-0.00339,-0.016107,,,
2019-03-20,5,2019-03-25,3963.0706,-0.014802,-0.030909,2798.3601,,-0.009202
2019-03-20,6,2019-03-26,3985.0808,0.005538,-0.02537,2818.46,0.007157,-0.002045
2019-03-20,7,2019-03-27,4087.0662,0.02527,-0.0001,2805.3701,-0.004655,-0.0067
2019-03-20,8,2019-03-28,4069.1072,-0.004404,-0.004504,2815.4399,0.003583,-0.003117
2019-03-20,9,2019-03-29,4098.3745,0.007167,0.002663,2834.3999,0.006712,0.003594
2019-03-20,10,2019-03-30,4106.6602,0.00202,0.004682,,,
2019-03-20,11,2019-03-31,4105.4043,-0.000306,0.004376,,,
2019-03-20,12,2019-04-01,4158.1831,0.012774,0.01715,2867.1899,,0.015097
2019-03-20,13,2019-04-02,4879.8779,0.160042,0.177192,2867.24,1.7e-05,0.015114
2019-03-20,14,2019-04-03,4973.022,0.018907,0.1961,2873.3999,0.002146,0.01726
2019-05-01,1,2019-05-02,5505.2837,0.01881,0.01881,2917.52,-0.002126,-0.002126
2019-05-01,2,2019-05-03,5768.2896,0.046667,0.065477,2945.6399,0.009592,0.007466
2019-05-01,3,2019-05-04,5831.1675,0.010842,0.076319,,,
2019-05-01,4,2019-05-05,5795.7085,-0.0061,0.070219,,,
2019-05-01,5,2019-05-06,5746.8071,-0.008473,0.061746,2932.47,,0.002985
2019-05-01,6,2019-05-07,5829.5015,0.014287,0.076033,2884.05,-0.016649,-0.013665
2019-05-01,7,2019-05-08,5982.4575,0.0259,0.101933,2879.4199,-0.001607,-0.015271
2019-05-01,8,2019-05-09,6174.5288,0.031601,0.133534,2870.72,-0.003026,-0.018297
2019-05-01,9,2019-05-10,6378.8491,0.032555,0.166089,2881.3999,0.003713,-0.014584
2019-05-01,10,2019-05-11,7204.7715,0.121756,0.287845,,,
2019-05-01,11,2019-05-12,6972.3716,-0.032788,0.255057,,,
2019-05-01,12,2019-05-13,7814.915,0.114079,0.369136,2811.8701,,-0.03901
2019-05-01,13,2019-05-14,7994.416,0.022709,0.391845,2834.4099,0.007984,-0.031026
2019-05-01,14,2019-05-15,8205.168,0.026021,0.417866,2850.96,0.005822,-0.025204
2019-06-19,1,2019-06-20,9527.1602,0.026983,0.026983,2954.1799,0.009428,0.009428
2019-06-19,2,2019-06-21,10144.5566,0.062791,0.089774,2950.46,-0.00126,0.008168
2019-06-19,3,2019-06-22,10701.6914,0.053465,0.143239,,,
2019-06-19,4,2019-06-23,10855.3711,0.014258,0.157497,,,
2019-06-19,5,2019-06-24,11011.1025,0.014244,0.171741,2945.3501,,0.006434
2019-06-19,6,2019-06-25,11790.917,0.068425,0.240166,2917.3799,-0.009542,-0.003108
2019-06-19,7,2019-06-26,13016.2314,0.098868,0.339034,2913.78,-0.001235,-0.004342
2019-06-19,8,2019-06-27,11182.8066,-0.15182,0.187214,2924.9199,0.003816,-0.000526
2019-06-19,9,2019-06-28,12407.332,0.10391,0.291124,2941.76,0.005741,0.005215
2019-06-19,10,2019-06-29,11959.3711,-0.036772,0.254352,,,
2019-06-19,11,2019-06-30,10817.1553,-0.100382,0.15397,,,
2019-06-19,12,2019-07-01,10583.1348,-0.021872,0.132098,2964.3301,,0.012858
2019-06-19,13,2019-07-02,10801.6777,0.02044,0.152538,2973.01,0.002924,0.015781
2019-06-19,14,2019-07-03,11961.2695,0.101972,0.254511,2995.8201,0.007643,0.023425
2019-07-31,1,2019-08-01,10399.6689,0.030663,0.030663,2953.5601,-0.00904,-0.00904
2019-07-31,2,2019-08-02,10518.1748,0.011331,0.041993,2932.05,-0.007309,-0.016349
2019-07-31,3,2019-08-03,10821.7266,0.028451,0.070444,,,
2019-07-31,4,2019-08-04,10970.1846,0.013625,0.08407,,,
2019-07-31,5,2019-08-05,11805.6533,0.073397,0.157467,2844.74,,-0.046579
2019-07-31,6,2019-08-06,11478.1689,-0.028132,0.129335,2881.77,0.012933,-0.033646
2019-07-31,7,2019-08-07,11941.9688,0.039612,0.168948,2883.98,0.000767,-0.032879
2019-07-31,8,2019-08-08,11966.4072,0.002044,0.170992,2938.0901,0.018588,-0.014291
2019-07-31,9,2019-08-09,11862.9365,-0.008684,0.162308,2918.6499,-0.006639,-0.02093
2019-07-31,10,2019-08-10,11354.0244,-0.043847,0.118461,,,
2019-07-31,11,2019-08-11,11523.5791,0.014823,0.133284,,,
2019-07-31,12,2019-08-12,11382.6162,-0.012308,0.120976,2882.7,,-0.033323
2019-07-31,13,2019-08-13,10895.8301,-0.043707,0.077269,2926.3201,0.015018,-0.018305
2019-07-31,14,2019-08-14,10051.7041,-0.080638,-0.003369,2840.6001,-0.02973,-0.048035
2019-09-18,1,2019-09-19,10266.415,0.006662,0.006662,3006.79,2e-05,2e-05
2019-09-18,2,2019-09-20,10181.6416,-0.008292,-0.00163,2992.0701,-0.004908,-0.004888
2019-09-18,3,2019-09-21,10019.7168,-0.016031,-0.017661,,,
2019-09-18,4,2019-09-22,10070.3926,0.005045,-0.012616,,,
2019-09-18,5,2019-09-23,9729.3242,-0.034455,-0.047072,2991.78,,-0.004985
2019-09-18,6,2019-09-24,8620.5664,-0.120994,-0.168065,2966.6001,-0.008452,-0.013437
2019-09-18,7,2019-09-25,8486.9932,-0.015616,-0.183681,2984.8701,0.00614,-0.007297
2019-09-18,8,2019-09-26,8118.9678,-0.044332,-0.228013,2977.6201,-0.002432,-0.009729
2019-09-18,9,2019-09-27,8251.8457,0.016234,-0.211779,2961.79,-0.005331,-0.015059
2019-09-18,10,2019-09-28,8245.915,-0.000719,-0.212498,,,
2019-09-18,11,2019-09-29,8104.1855,-0.017337,-0.229835,,,
2019-09-18,12,2019-09-30,8293.8682,0.023136,-0.206699,2976.74,,-0.010024
2019-09-18,13,2019-10-01,8343.2764,0.00594,-0.20076,2940.25,-0.012334,-0.022358
2019-09-18,14,2019-10-02,8393.042,0.005947,-0.194813,2887.6101,-0.018065,-0.040424
2019-10-30,1,2019-10-31,9199.585,-0.000667,-0.000667,3037.5601,-0.003027,-0.003027
2019-10-30,2,2019-11-01,9261.1045,0.006665,0.005998,3066.9099,0.009616,0.006588
2019-10-30,3,2019-11-02,9324.7178,0.006845,0.012843,,,
2019-10-30,4,2019-11-03,9235.3545,-0.00963,0.003213,,,
2019-10-30,5,2019-11-04,9412.6123,0.019012,0.022225,3078.27,,0.010286
2019-10-30,6,2019-11-05,9342.5273,-0.007474,0.014751,3074.6201,-0.001186,0.009099
2019-10-30,7,2019-11-06,9360.8799,0.001962,0.016714,3076.78,0.000702,0.009802
2019-10-30,8,2019-11-07,9267.5615,-0.010019,0.006695,3085.1799,0.002726,0.012528
2019-10-30,9,2019-11-08,8804.8809,-0.051214,-0.04452,3093.0801,0.002557,0.015085
2019-10-30,10,2019-11-09,8813.582,0.000988,-0.043532,,,
2019-10-30,11,2019-11-10,9055.5264,0.027081,-0.016451,,,
2019-10-30,12,2019-11-11,8757.7881,-0.033432,-0.049882,3087.01,,0.013121
2019-10-30,13,2019-11-12,8815.6621,0.006587,-0.043296,3091.8401,0.001563,0.014684
2019-10-30,14,2019-11-13,8808.2627,-0.00084,-0.044136,3094.04,0.000711,0.015396
2019-12-11,1,2019-12-12,7243.1343,0.003555,0.003555,3168.5701,0.008539,0.008539
2019-12-11,2,2019-12-13,7269.6846,0.003659,0.007214,3168.8,7.3e-05,0.008611
2019-12-11,3,2019-12-14,7124.6738,-0.020149,-0.012935,,,
2019-12-11,4,2019-12-15,7152.3018,0.00387,-0.009064,,,
2019-12-11,5,2019-12-16,6932.4805,-0.031217,-0.040281,3191.45,,0.015734
2019-12-11,6,2019-12-17,6640.5151,-0.043028,-0.083309,3192.52,0.000335,0.016069
2019-12-11,7,2019-12-18,7276.8027,0.091502,0.008193,3191.1399,-0.000432,0.015636
2019-12-11,8,2019-12-19,7202.8442,-0.010216,-0.002023,3205.3701,0.004449,0.020086
2019-12-11,9,2019-12-20,7218.8164,0.002215,0.000192,3221.22,0.004933,0.025018
2019-12-11,10,2019-12-21,7191.1587,-0.003839,-0.003646,,,
2019-12-11,11,2019-12-22,7511.5889,0.043595,0.039948,,,
2019-12-11,12,2019-12-23,7355.6284,-0.020981,0.018967,3224.01,,0.025884
2019-12-11,13,2019-12-24,7322.5322,-0.00451,0.014458,3223.3799,-0.000195,0.025689
2019-12-11,14,2019-12-25,7275.1558,-0.006491,0.007967,,,
2020-01-29,1,2020-01-30,9508.9932,0.020437,0.020437,3283.6599,0.003129,0.003129
2020-01-29,2,2020-01-31,9350.5293,-0.016805,0.003632,3225.52,-0.017864,-0.014735
2020-01-29,3,2020-02-01,9392.875,0.004518,0.00815,,,
2020-01-29,4,2020-02-02,9344.3652,-0.005178,0.002973,,,
2020-01-29,5,2020-02-03,9293.5215,-0.005456,-0.002483,3248.9199,,-0.007507
2020-01-29,6,2020-02-04,9180.9629,-0.012185,-0.014669,3297.5901,0.014869,0.007363
2020-01-29,7,2020-02-05,9613.4238,0.046028,0.031359,3334.6899,0.011188,0.018551
2020-01-29,8,2020-02-06,9729.8018,0.012033,0.043393,3345.78,0.00332,0.021871
2020-01-29,9,2020-02-07,9795.9434,0.006775,0.050167,3327.71,-0.005415,0.016455
2020-01-29,10,2020-02-08,9865.1191,0.007037,0.057204,,,
2020-01-29,11,2020-02-09,10116.6738,0.02518,0.082384,,,
2020-01-29,12,2020-02-10,9856.6113,-0.026043,0.056341,3352.0901,,0.023755
2020-01-29,13,2020-02-11,10208.2363,0.035052,0.091394,3357.75,0.001687,0.025442
2020-01-29,14,2020-02-12,10326.0547,0.011475,0.102869,3379.45,0.006442,0.031884
2020-03-03,1,2020-03-04,8755.2461,-0.00371,-0.00371,3130.1201,0.041336,0.041336
2020-03-03,2,2020-03-05,9078.7627,0.036285,0.032575,3023.9399,-0.034511,0.006826
2020-03-03,3,2020-03-06,9122.5459,0.004811,0.037386,2972.3701,-0.017201,-0.010375
2020-03-03,4,2020-03-07,8909.9541,-0.02358,0.013806,,,
2020-03-03,5,2020-03-08,8108.1162,-0.094304,-0.080497,,,
2020-03-03,6,2020-03-09,7923.6445,-0.023014,-0.103512,2746.5601,,-0.089386
2020-03-03,7,2020-03-10,7909.7295,-0.001758,-0.105269,2882.23,0.048215,-0.041171
2020-03-03,8,2020-03-11,7911.4302,0.000215,-0.105054,2741.3799,-0.050103,-0.091274
2020-03-03,9,2020-03-12,4970.7881,-0.46473,-0.569784,2480.6399,-0.099945,-0.191218
2020-03-03,10,2020-03-13,5563.707,0.112686,-0.457098,2711.02,0.088808,-0.10241
2020-03-03,11,2020-03-14,5200.3662,-0.067536,-0.524634,,,
2020-03-03,12,2020-03-15,5392.3149,0.036246,-0.488388,,,
2020-03-03,13,2020-03-16,5014.48,-0.072645,-0.561033,2386.1299,,-0.230062
2020-03-03,14,2020-03-17,5225.6294,0.041246,-0.519788,2529.1899,0.058226,-0.171836
2020-03-15,1,2020-03-16,5014.48,-0.072645,-0.072645,2386.1299,-0.127652,-0.127652
2020-03-15,2,2020-03-17,5225.6294,0.041246,-0.0314,2529.1899,0.058226,-0.069426
2020-03-15,3,2020-03-18,5238.4385,0.002448,-0.028951,2398.1001,-0.053222,-0.122648
2020-03-15,4,2020-03-19,6191.1929,0.167104,0.138153,2409.3899,0.004697,-0.117951
2020-03-15,5,2020-03-20,6198.7783,0.001224,0.139377,2304.9199,-0.044328,-0.162279
2020-03-15,6,2020-03-21,6185.0664,-0.002214,0.137163,,,
2020-03-15,7,2020-03-22,5830.2549,-0.059077,0.078086,,,
2020-03-15,8,2020-03-23,6416.3149,0.095783,0.173869,2237.3999,,-0.192011
2020-03-15,9,2020-03-24,6734.8037,0.048445,0.222314,2447.3301,0.089683,-0.102327
2020-03-15,10,2020-03-25,6681.063,-0.008012,0.214302,2475.5601,0.011469,-0.090858
2020-03-15,11,2020-03-26,6716.4404,0.005281,0.219584,2630.0701,0.060544,-0.030314
2020-03-15,12,2020-03-27,6469.7983,-0.037413,0.18217,2541.47,-0.034268,-0.064582
2020-03-15,13,2020-03-28,6242.1938,-0.035813,0.146357,,,
2020-03-15,14,2020-03-29,5922.043,-0.05265,0.093707,,,
2020-04-29,1,2020-04-30,8658.5537,-0.016322,-0.016322,2912.4299,-0.009255,-0.009255
2020-04-29,2,2020-05-01,8864.7666,0.023537,0.007215,2830.71,-0.02846,-0.037715
2020-04-29,3,2020-05-02,8988.5967,0.013872,0.021087,,,
2020-04-29,4,2020-05-03,8897.4688,-0.01019,0.010897,,,
2020-04-29,5,2020-05-04,8912.6543,0.001705,0.012602,2842.74,,-0.033475
2020-04-29,6,2020-05-05,9003.0703,0.010094,0.022696,2868.4399,0.009,-0.024475
2020-04-29,7,2020-05-06,9268.7617,0.029084,0.05178,2848.4199,-0.007004,-0.031478
2020-04-29,8,2020-05-07,9951.5186,0.071075,0.122855,2881.1899,0.011439,-0.02004
2020-04-29,9,2020-05-08,9842.666,-0.010999,0.111857,2929.8,0.016731,-0.003309
2020-04-29,10,2020-05-09,9593.8965,-0.025599,0.086257,,,
2020-04-29,11,2020-05-10,8756.4307,-0.091339,-0.005081,,,
2020-04-29,12,2020-05-11,8601.7959,-0.017817,-0.022899,2930.1899,,-0.003176
2020-04-29,13,2020-05-12,8804.4775,0.023289,0.000391,2870.1201,-0.020713,-0.023889
2020-04-29,14,2020-05-13,9269.9873,0.051522,0.051912,2820.0,-0.017617,-0.041506
2020-06-10,1,2020-06-11,9321.7812,-0.057156,-0.057156,3002.1001,-0.060753,-0.060753
2020-06-10,2,2020-06-12,9480.8438,0.01692,-0.040236,3041.3101,0.012976,-0.047776
2020-06-10,3,2020-06-13,9475.2773,-0.000587,-0.040823,,,
2020-06-10,4,2020-06-14,9386.7881,-0.009383,-0.050206,,,
2020-06-10,5,2020-06-15,9450.7021,0.006786,-0.04342,3066.5901,,-0.039499
2020-06-10,6,2020-06-16,9538.0244,0.009197,-0.034223,3124.74,0.018785,-0.020714
2020-06-10,7,2020-06-17,9480.2549,-0.006075,-0.040298,3113.49,-0.003607,-0.02432
2020-06-10,8,2020-06-18,9411.8408,-0.007243,-0.047541,3115.3401,0.000594,-0.023726
2020-06-10,9,2020-06-19,9288.0186,-0.013243,-0.060784,3097.74,-0.005666,-0.029392
2020-06-10,10,2020-06-20,9332.3408,0.004761,-0.056024,,,
2020-06-10,11,2020-06-21,9303.6299,-0.003081,-0.059105,,,
2020-06-10,12,2020-06-22,9648.7178,0.03642,-0.022684,3117.8601,,-0.022918
2020-06-10,13,2020-06-23,9629.6582,-0.001977,-0.024662,3131.29,0.004298,-0.01862
2020-06-10,14,2020-06-24,9313.6104,-0.033371,-0.058033,3050.3301,-0.026195,-0.044815
2020-07-29,1,2020-07-30,11111.2139,0.000968,0.000968,3246.22,-0.003757,-0.003757
2020-07-29,2,2020-07-31,11323.4668,0.018922,0.01989,3271.1201,0.007641,0.003884
2020-07-29,3,2020-08-01,11759.5928,0.037792,0.057682,,,
2020-07-29,4,2020-08-02,11053.6143,-0.061912,-0.00423,,,
2020-07-29,5,2020-08-03,11246.3486,0.017286,0.013056,3294.6101,,0.011039
2020-07-29,6,2020-08-04,11205.8926,-0.003604,0.009453,3306.51,0.003605,0.014645
2020-07-29,7,2020-08-05,11747.0225,0.04716,0.056613,3327.77,0.006409,0.021054
2020-07-29,8,2020-08-06,11779.7734,0.002784,0.059397,3349.1599,0.006407,0.027461
2020-07-29,9,2020-08-07,11601.4727,-0.015252,0.044145,3351.28,0.000633,0.028094
2020-07-29,10,2020-08-08,11754.0459,0.013065,0.05721,,,
2020-07-29,11,2020-08-09,11675.7393,-0.006684,0.050526,,,
2020-07-29,12,2020-08-10,11878.1113,0.017184,0.06771,3360.47,,0.030832
2020-07-29,13,2020-08-11,11410.5254,-0.040161,0.027549,3333.6899,-0.008001,0.022831
2020-07-29,14,2020-08-12,11584.9346,0.015169,0.042718,3380.3501,0.0139,0.036731
2020-09-16,1,2020-09-17,10948.9902,-0.002364,-0.002364,3357.01,-0.008448,-0.008448
2020-09-16,2,2020-09-18,10944.5859,-0.000402,-0.002766,3319.47,-0.011246,-0.019694
2020-09-16,3,2020-09-19,11094.3467,0.013591,0.010824,,,
2020-09-16,4,2020-09-20,10938.2715,-0.014168,-0.003344,,,
2020-09-16,5,2020-09-21,10462.2598,-0.044493,-0.047837,3281.0601,,-0.031332
2020-09-16,6,2020-09-22,10538.46,0.007257,-0.04058,3315.5701,0.010463,-0.020869
2020-09-16,7,2020-09-23,10246.1865,-0.028126,-0.068706,3236.9199,-0.024007,-0.044876
2020-09-16,8,2020-09-24,10760.0664,0.048936,-0.01977,3246.5901,0.002983,-0.041893
2020-09-16,9,2020-09-25,10692.7168,-0.006279,-0.026048,3298.46,0.01585,-0.026043
2020-09-16,10,2020-09-26,10750.7236,0.00541,-0.020638,,,
2020-09-16,11,2020-09-27,10775.2695,0.002281,-0.018358,,,
2020-09-16,12,2020-09-28,10709.6523,-0.006108,-0.024466,3351.6001,,-0.010061
2020-09-16,13,2020-09-29,10844.6406,0.012526,-0.01194,3335.47,-0.004824,-0.014885
2020-09-16,14,2020-09-30,10784.4912,-0.005562,-0.017502,3363.0,0.00822,-0.006665
2020-11-05,1,2020-11-06,15565.8809,-0.000897,-0.000897,3509.4399,-0.000288,-0.000288
2020-11-05,2,2020-11-07,14833.7539,-0.048176,-0.049073,,,
2020-11-05,3,2020-11-08,15479.5674,0.042616,-0.006457,,,
2020-11-05,4,2020-11-09,15332.3154,-0.009558,-0.016016,3550.5,,0.011344
2020-11-05,5,2020-11-10,15290.9023,-0.002705,-0.01872,3545.53,-0.001401,0.009943
2020-11-05,6,2020-11-11,15701.3398,0.026488,0.007768,3572.6599,0.007623,0.017566
2020-11-05,7,2020-11-12,16276.3438,0.035967,0.043734,3537.01,-0.010029,0.007538
2020-11-05,8,2020-11-13,16317.8086,0.002544,0.046279,3585.1499,0.013519,0.021056
2020-11-05,9,2020-11-14,16068.1387,-0.015419,0.03086,,,
2020-11-05,10,2020-11-15,15955.5879,-0.007029,0.023831,,,
2020-11-05,11,2020-11-16,16716.1113,0.046564,0.070395,3626.9099,,0.032637
2020-11-05,12,2020-11-17,17645.4062,0.054102,0.124497,3609.53,-0.004803,0.027833
2020-11-05,13,2020-11-18,17804.0059,0.008948,0.133445,3567.79,-0.011631,0.016202
2020-11-05,14,2020-11-19,17817.0898,0.000735,0.13418,3581.8701,0.003939,0.020141
2020-12-16,1,2020-12-17,22805.1621,0.067782,0.067782,3722.48,0.005741,0.005741
2020-12-16,2,2020-12-18,23137.9609,0.014488,0.08227,3709.4099,-0.003517,0.002224
2020-12-16,3,2020-12-19,23869.832,0.031141,0.113411,,,
2020-12-16,4,2020-12-20,23477.2949,-0.016582,0.096829,,,
2020-12-16,5,2020-12-21,22803.082,-0.029138,0.067691,3694.9199,,-0.00169
2020-12-16,6,2020-12-22,23783.0293,0.042077,0.109768,3687.26,-0.002075,-0.003765
2020-12-16,7,2020-12-23,23241.3457,-0.023039,0.086728,3690.01,0.000746,-0.00302
2020-12-16,8,2020-12-24,23735.9492,0.021058,0.107786,3703.0601,0.00353,0.000511
2020-12-16,9,2020-12-25,24664.791,0.038386,0.146172,,,
2020-12-16,10,2020-12-26,26437.0371,0.069389,0.215561,,,
2020-12-16,11,2020-12-27,26272.2949,-0.006251,0.20931,,,
2020-12-16,12,2020-12-28,27084.8086,0.030458,0.239769,3735.3601,,0.009195
2020-12-16,13,2020-12-29,27362.4375,0.010198,0.249967,3727.04,-0.00223,0.006965
2020-12-16,14,2020-12-30,28840.9531,0.052625,0.302592,3732.04,0.001341,0.008306
2021-01-27,1,2021-01-28,33466.0977,0.09502,0.09502,3787.3799,0.009713,0.009713
2021-01-27,2,2021-01-29,34316.3867,0.02509,0.12011,3714.24,-0.0195,-0.009787
2021-01-27,3,2021-01-30,34269.5234,-0.001367,0.118744,,,
2021-01-27,4,2021-01-31,33114.3594,-0.034289,0.084454,,,
2021-01-27,5,2021-02-01,33537.1758,0.012688,0.097142,3773.8601,,0.006137
2021-01-27,6,2021-02-02,35510.2891,0.057168,0.15431,3826.3101,0.013803,0.01994
2021-01-27,7,2021-02-03,37472.0898,0.053774,0.208084,3830.1699,0.001008,0.020948
2021-01-27,8,2021-02-04,36926.0664,-0.014679,0.193405,3871.74,0.010795,0.031743
2021-01-27,9,2021-02-05,38144.3086,0.032459,0.225864,3886.8301,0.00389,0.035633
2021-01-27,10,2021-02-06,39266.0117,0.028983,0.254847,,,
2021-01-27,11,2021-02-07,38903.4414,-0.009277,0.24557,,,
2021-01-27,12,2021-02-08,46196.4648,0.171821,0.417391,3915.5901,,0.043005
2021-01-27,13,2021-02-09,46481.1055,0.006143,0.423533,3911.23,-0.001114,0.041891
2021-01-27,14,2021-02-10,44918.1836,-0.034203,0.38933,3909.8799,-0.000345,0.041545
2021-03-17,1,2021-03-18,57858.9219,-0.017339,-0.017339,3915.46,-0.014871,-0.014871
2021-03-17,2,2021-03-19,58346.6523,0.008394,-0.008945,3913.1001,-0.000603,-0.015473
2021-03-17,3,2021-03-20,58313.6445,-0.000566,-0.009511,,,
2021-03-17,4,2021-03-21,57523.4219,-0.013644,-0.023155,,,
2021-03-17,5,2021-03-22,54529.1445,-0.053457,-0.076611,3940.5901,,-0.008473
2021-03-17,6,2021-03-23,54738.9453,0.00384,-0.072771,3910.52,-0.00766,-0.016133
2021-03-17,7,2021-03-24,52774.2656,-0.036552,-0.109323,3889.1399,-0.005482,-0.021615
2021-03-17,8,2021-03-25,51704.1602,-0.020485,-0.129809,3909.52,0.005227,-0.016389
2021-03-17,9,2021-03-26,55137.3125,0.064288,-0.06552,3974.54,0.016494,0.000106
2021-03-17,10,2021-03-27,55973.5117,0.015052,-0.050468,,,
2021-03-17,11,2021-03-28,55950.7461,-0.000407,-0.050875,,,
2021-03-17,12,2021-03-29,57750.1992,0.031655,-0.01922,3971.0901,,-0.000763
2021-03-17,13,2021-03-30,58917.6914,0.020015,0.000795,3958.55,-0.003163,-0.003926
2021-03-17,14,2021-03-31,58918.832,1.9e-05,0.000814,3972.8899,0.003616,-0.00031
2021-04-28,1,2021-04-29,53555.1094,-0.02343,-0.02343,4211.4702,0.00674,0.00674
2021-04-28,2,2021-04-30,57750.1758,0.075415,0.051986,4181.1699,-0.007221,-0.000481
2021-04-28,3,2021-05-01,57828.0508,0.001348,0.053333,,,
2021-04-28,4,2021-05-02,56631.0781,-0.020916,0.032417,,,
2021-04-28,5,2021-05-03,57200.293,0.010001,0.042418,4192.6602,,0.002264
2021-04-28,6,2021-05-04,53333.5391,-0.069994,-0.027575,4164.6602,-0.006701,-0.004437
2021-04-28,7,2021-05-05,57424.0078,0.073897,0.046322,4167.5898,0.000703,-0.003734
2021-04-28,8,2021-05-06,56396.5156,-0.018055,0.028266,4201.6201,0.008132,0.004398
2021-04-28,9,2021-05-07,57356.4023,0.016877,0.045144,4232.6001,0.007346,0.011745
2021-04-28,10,2021-05-08,58803.7773,0.024922,0.070065,,,
2021-04-28,11,2021-05-09,58232.3164,-0.009766,0.0603,,,
2021-04-28,12,2021-05-10,55859.7969,-0.041596,0.018704,4188.4302,,0.001254
2021-04-28,13,2021-05-11,56704.5742,0.01501,0.033714,4152.1001,-0.008712,-0.007458
2021-04-28,14,2021-05-12,49150.5352,-0.142967,-0.109253,4063.04,-0.021683,-0.02914
2021-06-16,1,2021-06-17,38053.5039,-0.007685,-0.007685,4221.8599,-0.000436,-0.000436
2021-06-16,2,2021-06-18,35787.2461,-0.061402,-0.069086,4166.4502,-0.013211,-0.013647
2021-06-16,3,2021-06-19,35615.8711,-0.0048,-0.073887,,,
2021-06-16,4,2021-06-20,35698.2969,0.002312,-0.071575,,,
2021-06-16,5,2021-06-21,31676.6934,-0.119522,-0.191097,4224.79,,0.000258
2021-06-16,6,2021-06-22,32505.6602,0.025833,-0.165264,4246.4399,0.005111,0.005369
2021-06-16,7,2021-06-23,33723.0273,0.036767,-0.128497,4241.8398,-0.001084,0.004286
2021-06-16,8,2021-06-24,34662.4375,0.027476,-0.101021,4266.4902,0.005794,0.01008
2021-06-16,9,2021-06-25,31637.7793,-0.091305,-0.192326,4280.7002,0.003325,0.013405
2021-06-16,10,2021-06-26,32186.2773,0.017188,-0.175138,,,
2021-06-16,11,2021-06-27,34649.6445,0.073747,-0.10139,,,
2021-06-16,12,2021-06-28,34434.3359,-0.006233,-0.107624,4290.6099,,0.015717
2021-06-16,13,2021-06-29,35867.7773,0.040785,-0.066839,4291.7998,0.000277,0.015995
2021-06-16,14,2021-06-30,35040.8359,-0.023325,-0.090164,4297.5,0.001327,0.017322
2021-07-28,1,2021-07-29,40008.4219,0.000313,0.000313,4419.1499,0.004197,0.004197
2021-07-28,2,2021-07-30,42235.5469,0.054172,0.054485,4395.2598,-0.005421,-0.001223
2021-07-28,3,2021-07-31,41626.1953,-0.014533,0.039953,,,
2021-07-28,4,2021-08-01,39974.8945,-0.040478,-0.000525,,,
2021-07-28,5,2021-08-02,39201.9453,-0.019525,-0.020051,4387.1602,,-0.003068
2021-07-28,6,2021-08-03,38152.9805,-0.027122,-0.047173,4423.1499,0.00817,0.005102
2021-07-28,7,2021-08-04,39747.5039,0.040943,-0.00623,4402.6602,-0.004643,0.000459
2021-07-28,8,2021-08-05,40869.5547,0.027838,0.021608,4429.1001,0.005987,0.006446
2021-07-28,9,2021-08-06,42816.5,0.046538,0.068146,4436.52,0.001674,0.00812
2021-07-28,10,2021-08-07,44555.8008,0.039819,0.107965,,,
2021-07-28,11,2021-08-08,43798.1172,-0.017152,0.090814,,,
2021-07-28,12,2021-08-09,46365.4023,0.056963,0.147776,4432.3501,,0.00718
2021-07-28,13,2021-08-10,45585.0312,-0.016974,0.130802,4436.75,0.000992,0.008172
2021-07-28,14,2021-08-11,45593.6367,0.000189,0.130991,4442.4102,0.001275,0.009447
2021-09-22,1,2021-09-23,44895.0977,0.029856,0.029856,4448.98,0.012062,0.012062
2021-09-22,2,2021-09-24,42839.75,-0.046862,-0.017006,4455.48,0.00146,0.013522
2021-09-22,3,2021-09-25,42716.5938,-0.002879,-0.019885,,,
2021-09-22,4,2021-09-26,43208.5391,0.011451,-0.008434,,,
2021-09-22,5,2021-09-27,42235.7305,-0.022772,-0.031206,4443.1099,,0.010741
2021-09-22,6,2021-09-28,41034.543,-0.028852,-0.060058,4352.6299,-0.020574,-0.009833
2021-09-22,7,2021-09-29,41564.3633,0.012829,-0.047229,4359.46,0.001568,-0.008265
2021-09-22,8,2021-09-30,43790.8945,0.052183,0.004954,4307.54,-0.011981,-0.020246
2021-09-22,9,2021-10-01,48116.9414,0.094208,0.099162,4357.04,0.011426,-0.00882
2021-09-22,10,2021-10-02,47711.4883,-0.008462,0.0907,,,
2021-09-22,11,2021-10-03,48199.9531,0.010186,0.100886,,,
2021-09-22,12,2021-10-04,49112.9023,0.018764,0.119649,4300.46,,-0.021891
2021-09-22,13,2021-10-05,51514.8125,0.047748,0.167397,4345.7202,0.01047,-0.011422
2021-09-22,14,2021-10-06,55361.4492,0.072014,0.239411,4363.5498,0.004094,-0.007327
2021-11-03,1,2021-11-04,61452.2305,-0.024399,-0.024399,4680.0601,0.004173,0.004173
2021-11-03,2,2021-11-05,61125.6758,-0.005328,-0.029727,4697.5298,0.003726,0.007899
2021-11-03,3,2021-11-06,61527.4805,0.006552,-0.023175,,,
2021-11-03,4,2021-11-07,63326.9883,0.028828,0.005652,,,
2021-11-03,5,2021-11-08,67566.8281,0.064806,0.070458,4701.7002,,0.008786
2021-11-03,6,2021-11-09,66971.8281,-0.008845,0.061613,4685.25,-0.003505,0.005282
2021-11-03,7,2021-11-10,64995.2305,-0.029958,0.031655,4646.71,-0.00826,-0.002978
2021-11-03,8,2021-11-11,64949.9609,-0.000697,0.030958,4649.27,0.000551,-0.002427
2021-11-03,9,2021-11-12,64155.9414,-0.0123,0.018658,4682.8501,0.007197,0.004769
2021-11-03,10,2021-11-13,64469.5273,0.004876,0.023534,,,
2021-11-03,11,2021-11-14,65466.8398,0.015351,0.038885,,,
2021-11-03,12,2021-11-15,63557.8711,-0.029593,0.009292,4682.7998,,0.004758
2021-11-03,13,2021-11-16,60161.2461,-0.054922,-0.045631,4700.8999,0.003858,0.008616
2021-11-03,14,2021-11-17,60368.0117,0.003431,-0.0422,4688.6699,-0.002605,0.006011
2021-12-15,1,2021-12-16,47665.4258,-0.025504,-0.025504,4668.6699,-0.008782,-0.008782
2021-12-15,2,2021-12-17,46202.1445,-0.03118,-0.056684,4620.6401,-0.010341,-0.019123
2021-12-15,3,2021-12-18,46848.7773,0.013899,-0.042785,,,
2021-12-15,4,2021-12-19,46707.0156,-0.003031,-0.045816,,,
2021-12-15,5,2021-12-20,46880.2773,0.003703,-0.042113,4568.02,,-0.030576
2021-12-15,6,2021-12-21,48936.6133,0.042929,0.000815,4649.23,0.017622,-0.012954
2021-12-15,7,2021-12-22,48628.5117,-0.006316,-0.0055,4696.5601,0.010129,-0.002826
2021-12-15,8,2021-12-23,50784.5391,0.043382,0.037882,4725.79,0.006204,0.003379
2021-12-15,9,2021-12-24,50822.1953,0.000741,0.038623,,,
2021-12-15,10,2021-12-25,50429.8594,-0.00775,0.030873,,,
2021-12-15,11,2021-12-26,50809.5156,0.0075,0.038373,,,
2021-12-15,12,2021-12-27,50640.418,-0.003334,0.03504,4791.1899,,0.017123
2021-12-15,13,2021-12-28,47588.8555,-0.062151,-0.027112,4786.3501,-0.001011,0.016112
2021-12-15,14,2021-12-29,46444.7109,-0.024336,-0.051448,4793.0601,0.001401,0.017513
2022-01-26,1,2022-01-27,37138.2344,0.007734,0.007734,4326.5098,-0.005399,-0.005399
2022-01-26,2,2022-01-28,37784.332,0.017248,0.024981,4431.8501,0.024056,0.018657
2022-01-26,3,2022-01-29,38138.1797,0.009321,0.034303,,,
2022-01-26,4,2022-01-30,37917.6016,-0.0058,0.028502,,,
2022-01-26,5,2022-01-31,38483.125,0.014804,0.043307,4515.5498,,0.037367
2022-01-26,6,2022-02-01,38743.2734,0.006737,0.050044,4546.54,0.00684,0.044207
2022-01-26,7,2022-02-02,36952.9844,-0.047311,0.002733,4589.3799,0.009378,0.053585
2022-01-26,8,2022-02-03,37154.6016,0.005441,0.008174,4477.4399,-0.024693,0.028892
2022-01-26,9,2022-02-04,41500.875,0.110627,0.118801,4500.5298,0.005144,0.034035
2022-01-26,10,2022-02-05,41441.1641,-0.00144,0.117362,,,
2022-01-26,11,2022-02-06,42412.4336,0.023167,0.140528,,,
2022-01-26,12,2022-02-07,43840.2852,0.033112,0.17364,4483.8701,,0.030327
2022-01-26,13,2022-02-08,44118.4453,0.006325,0.179965,4521.54,0.008366,0.038693
2022-01-26,14,2022-02-09,44338.7969,0.004982,0.184947,4587.1802,0.014413,0.053106
2022-03-16,1,2022-03-17,40951.3789,-0.004691,-0.004691,4411.6699,0.012272,0.012272
2022-03-16,2,2022-03-18,41801.1562,0.020539,0.015848,4463.1201,0.011595,0.023867
2022-03-16,3,2022-03-19,42190.6523,0.009275,0.025122,,,
2022-03-16,4,2022-03-20,41247.8242,-0.0226,0.002522,,,
2022-03-16,5,2022-03-21,41077.9961,-0.004126,-0.001604,4461.1802,,0.023432
2022-03-16,6,2022-03-22,42358.8086,0.030704,0.0291,4511.6099,0.011241,0.034673
2022-03-16,7,2022-03-23,42892.957,0.012531,0.041631,4456.2402,-0.012349,0.022324
2022-03-16,8,2022-03-24,43960.9336,0.024594,0.066225,4520.1602,0.014242,0.036566
2022-03-16,9,2022-03-25,44348.7305,0.008783,0.075008,4543.0601,0.005053,0.04162
2022-03-16,10,2022-03-26,44500.8281,0.003424,0.078431,,,
2022-03-16,11,2022-03-27,46820.4922,0.050813,0.129245,,,
2022-03-16,12,2022-03-28,47128.0039,0.006546,0.135791,4575.52,,0.048739
2022-03-16,13,2022-03-29,47465.7305,0.007141,0.142932,4631.6001,0.012182,0.060921
2022-03-16,14,2022-03-30,47062.6641,-0.008528,0.134404,4602.4502,-0.006314,0.054608
2022-05-04,1,2022-05-05,36575.1406,-0.081941,-0.081941,4146.8701,-0.036301,-0.036301
2022-05-04,2,2022-05-06,36040.9219,-0.014714,-0.096655,4123.3398,-0.00569,-0.041991
2022-05-04,3,2022-05-07,35501.9531,-0.015067,-0.111722,,,
2022-05-04,4,2022-05-08,34059.2656,-0.041486,-0.153208,,,
2022-05-04,5,2022-05-09,30296.9531,-0.117055,-0.270263,3991.24,,-0.074553
2022-05-04,6,2022-05-10,31022.9062,0.023679,-0.246584,4001.05,0.002455,-0.072098
2022-05-04,7,2022-05-11,28936.3555,-0.069627,-0.316211,3935.1799,-0.0166,-0.088698
2022-05-04,8,2022-05-12,29047.752,0.003842,-0.312369,3930.0801,-0.001297,-0.089995
2022-05-04,9,2022-05-13,29283.1035,0.00807,-0.304299,4023.8899,0.023589,-0.066405
2022-05-04,10,2022-05-14,30101.2656,0.027557,-0.276743,,,
2022-05-04,11,2022-05-15,31305.1133,0.039214,-0.237529,,,
2022-05-04,12,2022-05-16,29862.918,-0.047164,-0.284693,4008.01,,-0.07036
2022-05-04,13,2022-05-17,30425.8574,0.018675,-0.266017,4088.8501,0.019969,-0.050391
2022-05-04,14,2022-05-18,28720.2715,-0.05769,-0.323707,3923.6799,-0.041234,-0.091625
2022-06-15,1,2022-06-16,20381.6504,-0.102112,-0.102112,3666.77,-0.033052,-0.033052
2022-06-15,2,2022-06-17,20471.4824,0.004398,-0.097715,3674.8401,0.002198,-0.030854
2022-06-15,3,2022-06-18,19017.6426,-0.073666,-0.17138,,,
2022-06-15,4,2022-06-19,20553.2715,0.077653,-0.093727,,,
2022-06-15,5,2022-06-20,20599.5371,0.002248,-0.091479,,,
2022-06-15,6,2022-06-21,20710.5977,0.005377,-0.086102,3764.79,,-0.006671
2022-06-15,7,2022-06-22,19987.0293,-0.035562,-0.121664,3759.8899,-0.001302,-0.007974
2022-06-15,8,2022-06-23,21085.877,0.05352,-0.068144,3795.73,0.009487,0.001513
2022-06-15,9,2022-06-24,21231.6562,0.00689,-0.061254,3911.74,0.030106,0.031619
2022-06-15,10,2022-06-25,21502.3379,0.012668,-0.048586,,,
2022-06-15,11,2022-06-26,21027.2949,-0.02234,-0.070926,,,
2022-06-15,12,2022-06-27,20735.4785,-0.013975,-0.084901,3900.1101,,0.028641
2022-06-15,13,2022-06-28,20280.6348,-0.02218,-0.107081,3821.55,-0.020349,0.008293
2022-06-15,14,2022-06-29,20104.0234,-0.008747,-0.115827,3818.8301,-0.000712,0.007581
2022-07-27,1,2022-07-28,23843.8867,0.039058,0.039058,4072.4299,0.01206,0.01206
2022-07-27,2,2022-07-29,23804.6328,-0.001648,0.03741,4130.29,0.014108,0.026168
2022-07-27,3,2022-07-30,23656.207,-0.006255,0.031156,,,
2022-07-27,4,2022-07-31,23336.8965,-0.01359,0.017566,,,
2022-07-27,5,2022-08-01,23314.1992,-0.000973,0.016593,4118.6299,,0.023341
2022-07-27,6,2022-08-02,22978.1172,-0.01452,0.002072,4091.1899,-0.006685,0.016656
2022-07-27,7,2022-08-03,22846.5078,-0.005744,-0.003672,4155.1699,0.015517,0.032174
2022-07-27,8,2022-08-04,22630.957,-0.00948,-0.013151,4151.9399,-0.000778,0.031396
2022-07-27,9,2022-08-05,23289.3145,0.028676,0.015525,4145.1899,-0.001627,0.029769
2022-07-27,10,2022-08-06,22961.2793,-0.014185,0.001339,,,
2022-07-27,11,2022-08-07,23175.8906,0.009303,0.010643,,,
2022-07-27,12,2022-08-08,23809.4863,0.026972,0.037614,4140.0601,,0.028531
2022-07-27,13,2022-08-09,23164.3184,-0.027471,0.010143,4122.4702,-0.004258,0.024273
2022-07-27,14,2022-08-10,23947.6426,0.033257,0.0434,4210.2402,0.021067,0.04534
2022-09-21,1,2022-09-22,19413.5508,0.045642,0.045642,3757.99,-0.008463,-0.008463
2022-09-21,2,2022-09-23,19297.6387,-0.005989,0.039653,3693.23,-0.017383,-0.025846
2022-09-21,3,2022-09-24,18937.0117,-0.018864,0.020789,,,
2022-09-21,4,2022-09-25,18802.0977,-0.00715,0.013639,,,
2022-09-21,5,2022-09-26,19222.6719,0.022122,0.035761,3655.04,,-0.03624
2022-09-21,6,2022-09-27,19110.5469,-0.00585,0.029911,3647.29,-0.002123,-0.038363
2022-09-21,7,2022-09-28,19426.7207,0.016409,0.04632,3719.04,0.019481,-0.018882
2022-09-21,8,2022-09-29,19573.0508,0.007504,0.053824,3640.47,-0.021353,-0.040235
2022-09-21,9,2022-09-30,19431.7891,-0.007243,0.046581,3585.6201,-0.015181,-0.055416
2022-09-21,10,2022-10-01,19312.0957,-0.006179,0.040402,,,
2022-09-21,11,2022-10-02,19044.1074,-0.013974,0.026428,,,
2022-09-21,12,2022-10-03,19623.5801,0.029974,0.056402,3678.4299,,-0.029862
2022-09-21,13,2022-10-04,20336.8438,0.035702,0.092105,3790.9299,0.030125,0.000264
2022-09-21,14,2022-10-05,20160.7168,-0.008698,0.083406,3783.28,-0.00202,-0.001756
2022-11-02,1,2022-11-03,20209.9883,0.002501,0.002501,3719.8899,-0.010642,-0.010642
2022-11-02,2,2022-11-04,21147.2305,0.045332,0.047833,3770.55,0.013527,0.002884
2022-11-02,3,2022-11-05,21282.6914,0.006385,0.054218,,,
2022-11-02,4,2022-11-06,20926.4863,-0.016878,0.03734,,,
2022-11-02,5,2022-11-07,20602.8164,-0.015588,0.021752,3806.8,,0.012452
2022-11-02,6,2022-11-08,18541.2715,-0.105429,-0.083677,3828.1101,0.005582,0.018035
2022-11-02,7,2022-11-09,15880.7803,-0.15489,-0.238566,3748.5701,-0.020997,-0.002962
2022-11-02,8,2022-11-10,17586.7715,0.102037,-0.136529,3956.3701,0.053953,0.05099
2022-11-02,9,2022-11-11,17034.293,-0.031918,-0.168447,3992.9299,0.009198,0.060189
2022-11-02,10,2022-11-12,16799.1855,-0.013898,-0.182345,,,
2022-11-02,11,2022-11-13,16353.3652,-0.026897,-0.209242,,,
2022-11-02,12,2022-11-14,16618.1992,0.016065,-0.193177,3957.25,,0.051213
2022-11-02,13,2022-11-15,16884.6133,0.015904,-0.177273,3991.73,0.008675,0.059888
2022-11-02,14,2022-11-16,16669.4395,-0.012826,-0.190099,3958.79,-0.008286,0.051602
2022-12-14,1,2022-12-15,17364.8652,-0.025628,-0.025628,3895.75,-0.025237,-0.025237
2022-12-14,2,2022-12-16,16647.4844,-0.04219,-0.067818,3852.3601,-0.0112,-0.036438
2022-12-14,3,2022-12-17,16795.0918,0.008828,-0.058991,,,
2022-12-14,4,2022-12-18,16757.9766,-0.002212,-0.061203,,,
2022-12-14,5,2022-12-19,16439.6797,-0.019176,-0.080379,3817.6599,,-0.045486
2022-12-14,6,2022-12-20,16906.3047,0.027989,-0.052391,3821.6201,0.001037,-0.044449
2022-12-14,7,2022-12-21,16817.5352,-0.005265,-0.057655,3878.4399,0.014759,-0.029691
2022-12-14,8,2022-12-22,16830.3418,0.000761,-0.056894,3822.3899,-0.014557,-0.044248
2022-12-14,9,2022-12-23,16796.9531,-0.001986,-0.05888,3844.8201,0.005851,-0.038397
2022-12-14,10,2022-12-24,16847.7559,0.00302,-0.05586,,,
2022-12-14,11,2022-12-25,16841.9863,-0.000343,-0.056202,,,
2022-12-14,12,2022-12-26,16919.8047,0.00461,-0.051592,,,
2022-12-14,13,2022-12-27,16717.1738,-0.012048,-0.063641,3829.25,,-0.042455
2022-12-14,14,2022-12-28,16552.5723,-0.009895,-0.073536,3783.22,-0.012093,-0.054548
2023-02-01,1,2023-02-02,23471.8711,-0.010675,-0.010675,4179.7598,0.014592,0.014592
2023-02-01,2,2023-02-03,23449.3223,-0.000961,-0.011636,4136.48,-0.010409,0.004184
2023-02-01,3,2023-02-04,23331.8477,-0.005022,-0.016658,,,
2023-02-01,4,2023-02-05,22955.666,-0.016254,-0.032913,,,
2023-02-01,5,2023-02-06,22760.1094,-0.008555,-0.041468,4111.0801,,-0.001976
2023-02-01,6,2023-02-07,23264.291,0.02191,-0.019558,4164.0,0.01279,0.010815
2023-02-01,7,2023-02-08,22939.3984,-0.014064,-0.033622,4117.8599,-0.011143,-0.000328
2023-02-01,8,2023-02-09,21819.0391,-0.050073,-0.083695,4081.5,-0.008869,-0.009197
2023-02-01,9,2023-02-10,21651.1836,-0.007723,-0.091417,4090.46,0.002193,-0.007004
2023-02-01,10,2023-02-11,21870.875,0.010096,-0.081322,,,
2023-02-01,11,2023-02-12,21788.2031,-0.003787,-0.085109,,,
2023-02-01,12,2023-02-13,21808.1016,0.000913,-0.084196,4137.29,,0.00438
2023-02-01,13,2023-02-14,22220.8047,0.018747,-0.065448,4136.1299,-0.00028,0.004099
2023-02-01,14,2023-02-15,24307.8418,0.08977,0.024322,4147.6001,0.002769,0.006868
2023-03-22,1,2023-03-23,28333.9727,0.036902,0.036902,3948.72,0.00298,0.00298
2023-03-22,2,2023-03-24,27493.2852,-0.03012,0.006783,3970.99,0.005624,0.008604
2023-03-22,3,2023-03-25,27494.707,5.2e-05,0.006834,,,
2023-03-22,4,2023-03-26,27994.3301,0.018008,0.024843,,,
2023-03-22,5,2023-03-27,27139.8887,-0.030997,-0.006155,3977.53,,0.01025
2023-03-22,6,2023-03-28,27268.1309,0.004714,-0.00144,3971.27,-0.001575,0.008675
2023-03-22,7,2023-03-29,28348.4414,0.038853,0.037413,4027.8101,0.014137,0.022811
2023-03-22,8,2023-03-30,28033.5625,-0.01117,0.026243,4050.8301,0.005699,0.02851
2023-03-22,9,2023-03-31,28478.4844,0.015746,0.04199,4109.3101,0.014333,0.042844
2023-03-22,10,2023-04-01,28411.0352,-0.002371,0.039619,,,
2023-03-22,11,2023-04-02,28199.3086,-0.00748,0.032138,,,
2023-03-22,12,2023-04-03,27790.2207,-0.014613,0.017525,4124.5098,,0.046536
2023-03-22,13,2023-04-04,28168.0898,0.013506,0.031031,4100.6001,-0.005814,0.040722
2023-03-22,14,2023-04-05,28177.9844,0.000351,0.031382,4090.3799,-0.002495,0.038226
2023-05-03,1,2023-05-04,28847.7109,-0.005483,-0.005483,4061.22,-0.007245,-0.007245
2023-05-03,2,2023-05-05,29534.3848,0.023525,0.018042,4136.25,0.018306,0.011061
2023-05-03,3,2023-05-06,28904.623,-0.021554,-0.003512,,,
2023-05-03,4,2023-05-07,28454.9785,-0.015678,-0.01919,,,
2023-05-03,5,2023-05-08,27694.2734,-0.027097,-0.046288,4138.1201,,0.011513
2023-05-03,6,2023-05-09,27658.7754,-0.001283,-0.04757,4119.1699,-0.00459,0.006923
2023-05-03,7,2023-05-10,27621.7559,-0.001339,-0.04891,4137.6401,0.004474,0.011397
2023-05-03,8,2023-05-11,27000.7891,-0.022738,-0.071647,4130.6201,-0.001698,0.009699
2023-05-03,9,2023-05-12,26804.9902,-0.007278,-0.078925,4124.0801,-0.001585,0.008115
2023-05-03,10,2023-05-13,26784.0781,-0.00078,-0.079706,,,
2023-05-03,11,2023-05-14,26930.6387,0.005457,-0.074249,,,
2023-05-03,12,2023-05-15,27192.6934,0.009684,-0.064565,4136.2798,,0.011068
2023-05-03,13,2023-05-16,27036.6504,-0.005755,-0.07032,4109.8999,-0.006398,0.00467
2023-05-03,14,2023-05-17,27398.8027,0.013306,-0.057014,4158.77,0.011821,0.016491
2023-06-14,1,2023-06-15,25576.3945,0.017819,0.017819,4425.8398,0.012105,0.012105
2023-06-14,2,2023-06-16,26327.4629,0.028943,0.046762,4409.5898,-0.003678,0.008426
2023-06-14,3,2023-06-17,26510.6758,0.006935,0.053697,,,
2023-06-14,4,2023-06-18,26336.2129,-0.006603,0.047094,,,
2023-06-14,5,2023-06-19,26851.0293,0.019359,0.066454,,,
2023-06-14,6,2023-06-20,28327.4883,0.053528,0.119982,4388.71,,0.00368
2023-06-14,7,2023-06-21,30027.2969,0.058274,0.178256,4365.6899,-0.005259,-0.001579
2023-06-14,8,2023-06-22,29912.2812,-0.003838,0.174419,4381.8901,0.003704,0.002125
2023-06-14,9,2023-06-23,30695.4688,0.025846,0.200265,4348.3301,-0.007688,-0.005564
2023-06-14,10,2023-06-24,30548.6953,-0.004793,0.195472,,,
2023-06-14,11,2023-06-25,30480.2617,-0.002243,0.193229,,,
2023-06-14,12,2023-06-26,30271.1309,-0.006885,0.186344,4328.8198,,-0.010061
2023-06-14,13,2023-06-27,30688.1641,0.013683,0.200027,4378.4102,0.011391,0.00133
2023-06-14,14,2023-06-28,30086.2461,-0.019809,0.180218,4376.8599,-0.000354,0.000976
2023-07-26,1,2023-07-27,29210.6895,-0.004927,-0.004927,4537.4102,-0.006445,-0.006445
2023-07-26,2,2023-07-28,29319.2461,0.003709,-0.001218,4582.23,0.009829,0.003384
2023-07-26,3,2023-07-29,29356.918,0.001284,6.6e-05,,,
2023-07-26,4,2023-07-30,29275.3086,-0.002784,-0.002718,,,
2023-07-26,5,2023-07-31,29230.1113,-0.001545,-0.004263,4588.96,,0.004852
2023-07-26,6,2023-08-01,29675.7324,0.01513,0.010868,4576.73,-0.002669,0.002183
2023-07-26,7,2023-08-02,29151.959,-0.017808,-0.00694,4513.3901,-0.013936,-0.011753
2023-07-26,8,2023-08-03,29178.6797,0.000916,-0.006024,4501.8901,-0.002551,-0.014304
2023-07-26,9,2023-08-04,29074.0918,-0.003591,-0.009614,4478.0298,-0.005314,-0.019619
2023-07-26,10,2023-08-05,29042.127,-0.0011,-0.010715,,,
2023-07-26,11,2023-08-06,29041.8555,-9e-06,-0.010724,,,
2023-07-26,12,2023-08-07,29180.5781,0.004765,-0.005959,4518.4399,,-0.010635
2023-07-26,13,2023-08-08,29765.4922,0.019846,0.013888,4499.3799,-0.004227,-0.014862
2023-07-26,14,2023-08-09,29561.4941,-0.006877,0.007011,4467.71,-0.007064,-0.021926
2023-09-20,1,2023-09-21,26567.6328,-0.02102,-0.02102,4330.0,-0.016537,-0.016537
2023-09-20,2,2023-09-22,26579.5684,0.000449,-0.020571,4320.0601,-0.002298,-0.018835
2023-09-20,3,2023-09-23,26579.3906,-7e-06,-0.020578,,,
2023-09-20,4,2023-09-24,26256.8262,-0.01221,-0.032788,,,
2023-09-20,5,2023-09-25,26298.4805,0.001585,-0.031203,4337.4399,,-0.01482
2023-09-20,6,2023-09-26,26217.25,-0.003094,-0.034297,4273.5298,-0.014844,-0.029664
2023-09-20,7,2023-09-27,26352.7168,0.005154,-0.029143,4274.5098,0.000229,-0.029435
2023-09-20,8,2023-09-28,27021.5469,0.025063,-0.00408,4299.7002,0.005876,-0.023559
2023-09-20,9,2023-09-29,26911.7207,-0.004073,-0.008152,4288.0498,-0.002713,-0.026272
2023-09-20,10,2023-09-30,26967.916,0.002086,-0.006066,,,
2023-09-20,11,2023-10-01,27983.75,0.036976,0.03091,,,
2023-09-20,12,2023-10-02,27530.7852,-0.016319,0.014591,4288.3901,,-0.026193
2023-09-20,13,2023-10-03,27429.9785,-0.003668,0.010922,4229.4502,-0.013839,-0.040032
2023-09-20,14,2023-10-04,27799.3945,0.013378,0.0243,4263.75,0.008077,-0.031955
2023-11-01,1,2023-11-02,34938.2422,-0.014182,-0.014182,4317.7798,0.018683,0.018683
2023-11-01,2,2023-11-03,34732.3242,-0.005911,-0.020093,4358.3398,0.00935,0.028033
2023-11-01,3,2023-11-04,35082.1953,0.010023,-0.01007,,,
2023-11-01,4,2023-11-05,35049.3555,-0.000937,-0.011006,,,
2023-11-01,5,2023-11-06,35037.3711,-0.000342,-0.011348,4365.98,,0.029784
2023-11-01,6,2023-11-07,35443.5625,0.011526,0.000178,4378.3799,0.002836,0.03262
2023-11-01,7,2023-11-08,35655.2773,0.005956,0.006134,4382.7798,0.001004,0.033625
2023-11-01,8,2023-11-09,36693.125,0.028692,0.034826,4347.3501,-0.008117,0.025508
2023-11-01,9,2023-11-10,37313.9688,0.016778,0.051604,4415.2402,0.015496,0.041004
2023-11-01,10,2023-11-11,37138.0508,-0.004726,0.046878,,,
2023-11-01,11,2023-11-12,37054.5195,-0.002252,0.044627,,,
2023-11-01,12,2023-11-13,36502.3555,-0.015014,0.029613,4411.5498,,0.040168
2023-11-01,13,2023-11-14,35537.6406,-0.026784,0.002829,4495.7002,0.018895,0.059063
2023-11-01,14,2023-11-15,37880.582,0.063846,0.066675,4502.8799,0.001596,0.060659
2023-12-13,1,2023-12-14,43023.9727,0.003101,0.003101,4719.5498,0.002644,0.002644
2023-12-13,2,2023-12-15,41929.7578,-0.025762,-0.02266,4719.1899,-7.6e-05,0.002567
2023-12-13,3,2023-12-16,42240.1172,0.007375,-0.015286,,,
2023-12-13,4,2023-12-17,41364.6641,-0.020943,-0.036229,,,
2023-12-13,5,2023-12-18,42623.5391,0.02998,-0.006249,4740.5601,,0.007085
2023-12-13,6,2023-12-19,42270.5273,-0.008317,-0.014566,4768.3701,0.005849,0.012935
2023-12-13,7,2023-12-20,43652.25,0.032165,0.017599,4698.3501,-0.014793,-0.001858
2023-12-13,8,2023-12-21,43869.1523,0.004957,0.022555,4746.75,0.010249,0.00839
2023-12-13,9,2023-12-22,43997.9023,0.002931,0.025486,4754.6299,0.001659,0.010049
2023-12-13,10,2023-12-23,43739.543,-0.005889,0.019597,,,
2023-12-13,11,2023-12-24,43016.1172,-0.016678,0.002919,,,
2023-12-13,12,2023-12-25,43613.1406,0.013784,0.016702,,,
2023-12-13,13,2023-12-26,42520.4023,-0.025374,-0.008672,4774.75,,0.014272
2023-12-13,14,2023-12-27,43442.8555,0.021462,0.01279,4781.5801,0.001429,0.015701
2024-01-31,1,2024-02-01,43075.7734,0.011515,0.011515,4906.1899,0.012416,0.012416
2024-01-31,2,2024-02-02,43185.8594,0.002552,0.014067,4958.6099,0.010628,0.023044
2024-01-31,3,2024-02-03,42992.25,-0.004493,0.009574,,,
2024-01-31,4,2024-02-04,42583.582,-0.009551,2.3e-05,,,
2024-01-31,5,2024-02-05,42658.668,0.001762,0.001785,4942.8101,,0.019853
2024-01-31,6,2024-02-06,43084.6719,0.009937,0.011721,4954.23,0.002308,0.02216
2024-01-31,7,2024-02-07,44318.2227,0.028229,0.03995,4995.0601,0.008208,0.030368
2024-01-31,8,2024-02-08,45301.5664,0.021946,0.061896,4997.9102,0.00057,0.030938
2024-01-31,9,2024-02-09,47147.1992,0.039933,0.101829,5026.6099,0.005726,0.036664
2024-01-31,10,2024-02-10,47771.2773,0.01315,0.114979,,,
2024-01-31,11,2024-02-11,48293.918,0.010881,0.12586,,,
2024-01-31,12,2024-02-12,49958.2227,0.033881,0.159741,5021.8398,,0.035715
2024-01-31,13,2024-02-13,49742.4414,-0.004329,0.155413,4953.1699,-0.013769,0.021946
2024-01-31,14,2024-02-14,51826.6953,0.041047,0.19646,5000.6201,0.009534,0.031481
2024-03-20,1,2024-03-21,65491.3906,-0.036319,-0.036319,5241.5298,0.003231,0.003231
2024-03-20,2,2024-03-22,63778.7617,-0.026498,-0.062817,5234.1802,-0.001403,0.001828
2024-03-20,3,2024-03-23,64062.2031,0.004434,-0.058383,,,
2024-03-20,4,2024-03-24,67234.1719,0.048327,-0.010056,,,
2024-03-20,5,2024-03-25,69958.8125,0.039725,0.029669,5218.1899,,-0.001232
2024-03-20,6,2024-03-26,69987.8359,0.000415,0.030084,5203.5801,-0.002804,-0.004035
2024-03-20,7,2024-03-27,69455.3438,-0.007637,0.022447,5248.4902,0.008594,0.004558
2024-03-20,8,2024-03-28,70744.9531,0.018397,0.040844,5254.3501,0.001116,0.005674
2024-03-20,9,2024-03-29,69892.8281,-0.012118,0.028726,,,
2024-03-20,10,2024-03-30,69645.3047,-0.003548,0.025178,,,
2024-03-20,11,2024-03-31,71333.6484,0.023953,0.049131,,,
2024-03-20,12,2024-04-01,69702.1484,-0.023137,0.025994,5243.77,,0.003659
2024-03-20,13,2024-04-02,65446.9727,-0.062991,-0.036997,5205.8101,-0.007265,-0.003607
2024-03-20,14,2024-04-03,65980.8125,0.008124,-0.028873,5211.4902,0.001091,-0.002516
2024-05-01,1,2024-05-02,59123.4336,0.014814,0.014814,5064.2002,0.009087,0.009087
2024-05-01,2,2024-05-03,62889.8359,0.061757,0.076572,5127.79,0.012479,0.021566
2024-05-01,3,2024-05-04,63891.4727,0.015801,0.092373,,,
2024-05-01,4,2024-05-05,64031.1328,0.002184,0.094556,,,
2024-05-01,5,2024-05-06,63161.9492,-0.013667,0.080889,5180.7402,,0.031839
2024-05-01,6,2024-05-07,62334.8164,-0.013182,0.067707,5187.7002,0.001343,0.033181
2024-05-01,7,2024-05-08,61187.9414,-0.01857,0.049137,5187.6699,-6e-06,0.033175
2024-05-01,8,2024-05-09,63049.9609,0.029977,0.079114,5214.0801,0.005078,0.038253
2024-05-01,9,2024-05-10,60792.7773,-0.036456,0.042658,5222.6802,0.001648,0.039902
2024-05-01,10,2024-05-11,60793.7109,1.5e-05,0.042673,,,
2024-05-01,11,2024-05-12,61448.3945,0.010711,0.053385,,,
2024-05-01,12,2024-05-13,62901.4492,0.023371,0.076756,5221.4199,,0.03966
2024-05-01,13,2024-05-14,61552.7891,-0.021674,0.055082,5246.6802,0.004826,0.044486
2024-05-01,14,2024-05-15,66267.4922,0.073804,0.128887,5308.1499,0.011648,0.056134
2024-06-12,1,2024-06-13,66756.3984,-0.021998,-0.021998,5433.7402,0.002342,0.002342
2024-06-12,2,2024-06-14,66011.0938,-0.011227,-0.033225,5431.6001,-0.000394,0.001948
2024-06-12,3,2024-06-15,66191.0,0.002722,-0.030504,,,
2024-06-12,4,2024-06-16,66639.0469,0.006746,-0.023758,,,
2024-06-12,5,2024-06-17,66490.2969,-0.002235,-0.025992,5473.23,,0.009583
2024-06-12,6,2024-06-18,65140.7461,-0.020506,-0.046498,5487.0298,0.002518,0.012101
2024-06-12,7,2024-06-19,64960.2969,-0.002774,-0.049272,,,
2024-06-12,8,2024-06-20,64828.6562,-0.002029,-0.051301,5473.1699,,0.009572
2024-06-12,9,2024-06-21,64096.1992,-0.011363,-0.062663,5464.6201,-0.001563,0.008009
2024-06-12,10,2024-06-22,64252.5781,0.002437,-0.060226,,,
2024-06-12,11,2024-06-23,63180.7969,-0.016821,-0.077048,,,
2024-06-12,12,2024-06-24,60277.4141,-0.047043,-0.124091,5447.8701,,0.004939
2024-06-12,13,2024-06-25,61804.6406,0.025021,-0.09907,5469.2998,0.003926,0.008865
2024-06-12,14,2024-06-26,60811.2773,-0.016203,-0.115273,5477.8999,0.001571,0.010436
2024-07-31,1,2024-08-01,65357.5,0.01136,0.01136,5446.6802,-0.013788,-0.013788
2024-07-31,2,2024-08-02,61415.0664,-0.062217,-0.050857,5346.5601,-0.018553,-0.032341
2024-07-31,3,2024-08-03,60680.0938,-0.012039,-0.062897,,,
2024-07-31,4,2024-08-04,58116.9766,-0.043158,-0.106055,,,
2024-07-31,5,2024-08-05,53991.457,-0.073632,-0.179687,5186.3301,,-0.062768
2024-07-31,6,2024-08-06,56034.3164,0.037138,-0.142548,5240.0298,0.010301,-0.052467
2024-07-31,7,2024-08-07,55027.4609,-0.018132,-0.16068,5199.5,-0.007765,-0.060232
2024-07-31,8,2024-08-08,61710.1367,0.114616,-0.046064,5319.3101,0.022781,-0.037451
2024-07-31,9,2024-08-09,60880.1133,-0.013542,-0.059606,5344.1602,0.004661,-0.03279
2024-07-31,10,2024-08-10,60945.8125,0.001079,-0.058527,,,
2024-07-31,11,2024-08-11,58719.4844,-0.037214,-0.095741,,,
2024-07-31,12,2024-08-12,59354.5156,0.010757,-0.084984,5344.3901,,-0.032747
2024-07-31,13,2024-08-13,60609.5664,0.020925,-0.06406,5434.4302,0.016707,-0.01604
2024-07-31,14,2024-08-14,58737.2695,-0.031378,-0.095438,5455.21,0.003816,-0.012223
2024-09-18,1,2024-09-19,62940.457,0.020721,0.020721,5713.6401,0.016834,0.016834
2024-09-18,2,2024-09-20,63192.9766,0.004004,0.024725,5702.5498,-0.001943,0.014891
2024-09-18,3,2024-09-21,63394.8398,0.003189,0.027914,,,
2024-09-18,4,2024-09-22,63648.7109,0.003997,0.031911,,,
2024-09-18,5,2024-09-23,63329.8008,-0.005023,0.026888,5718.5698,,0.017697
2024-09-18,6,2024-09-24,64301.9688,0.015234,0.042122,5732.9302,0.002508,0.020205
2024-09-18,7,2024-09-25,63143.1445,-0.018186,0.023936,5722.2598,-0.001863,0.018342
2024-09-18,8,2024-09-26,65181.0195,0.031764,0.0557,5745.3701,0.004031,0.022372
2024-09-18,9,2024-09-27,65790.6641,0.00931,0.06501,5738.1699,-0.001254,0.021118
2024-09-18,10,2024-09-28,65887.6484,0.001473,0.066483,,,
2024-09-18,11,2024-09-29,65635.3047,-0.003837,0.062646,,,
2024-09-18,12,2024-09-30,63329.5,-0.035762,0.026883,5762.48,,0.025346
2024-09-18,13,2024-10-01,60837.0078,-0.040153,-0.01327,5708.75,-0.009368,0.015978
2024-09-18,14,2024-10-02,60632.7852,-0.003363,-0.016632,5709.54,0.000138,0.016117
2024-11-07,1,2024-11-08,76545.4766,0.008404,0.008404,5995.54,0.00375,0.00375
2024-11-07,2,2024-11-09,76778.8672,0.003044,0.011449,,,
2024-11-07,3,2024-11-10,80474.1875,0.047007,0.058456,,,
2024-11-07,4,2024-11-11,88701.4844,0.09734,0.155796,6001.3501,,0.004718
2024-11-07,5,2024-11-12,87955.8125,-0.008442,0.147354,5983.9902,-0.002897,0.001822
2024-11-07,6,2024-11-13,90584.1641,0.029445,0.176799,5985.3799,0.000232,0.002054
2024-11-07,7,2024-11-14,87250.4297,-0.037497,0.139302,5949.1699,-0.006068,-0.004014
2024-11-07,8,2024-11-15,91066.0078,0.042802,0.182104,5870.6201,-0.013291,-0.017306
2024-11-07,9,2024-11-16,90558.4766,-0.005589,0.176515,,,
2024-11-07,10,2024-11-17,89845.8516,-0.0079,0.168615,,,
2024-11-07,11,2024-11-18,90542.6406,0.007725,0.17634,5893.6201,,-0.013396
2024-11-07,12,2024-11-19,92343.7891,0.019698,0.196038,5916.98,0.003956,-0.00944
2024-11-07,13,2024-11-20,94339.4922,0.021381,0.217419,5917.1099,2.2e-05,-0.009418
2024-11-07,14,2024-11-21,98504.7266,0.043205,0.260624,5948.71,0.005326,-0.004092
2024-12-18,1,2024-12-19,97490.9531,-0.025826,-0.025826,5867.0801,-0.000865,-0.000865
2024-12-18,2,2024-12-20,97755.9297,0.002714,-0.023112,5930.8501,0.01081,0.009945
2024-12-18,3,2024-12-21,97224.7266,-0.005449,-0.02856,,,
2024-12-18,4,2024-12-22,95104.9375,-0.022044,-0.050605,,,
2024-12-18,5,2024-12-23,94686.2422,-0.004412,-0.055017,5974.0698,,0.017206
2024-12-18,6,2024-12-24,98676.0938,0.041274,-0.013743,6040.04,0.010982,0.028188
2024-12-18,7,2024-12-25,99299.1953,0.006295,-0.007448,,,
2024-12-18,8,2024-12-26,95795.5156,-0.035922,-0.04337,6037.5898,,0.027782
2024-12-18,9,2024-12-27,94164.8594,-0.017169,-0.060538,5970.8398,-0.011117,0.016665
2024-12-18,10,2024-12-28,95163.9297,0.010554,-0.049985,,,
2024-12-18,11,2024-12-29,93530.2266,-0.017316,-0.067301,,,
2024-12-18,12,2024-12-30,92643.2109,-0.009529,-0.07683,5906.9399,,0.005905
2024-12-18,13,2024-12-31,93429.2031,0.008448,-0.068382,5881.6299,-0.004294,0.001611
2024-12-18,14,2025-01-01,94419.7578,0.010546,-0.057835,,,
2025-01-29,1,2025-01-30,104735.3047,0.009903,0.009903,6071.1699,0.005262,0.005262
2025-01-29,2,2025-01-31,102405.0234,-0.0225,-0.012597,6040.5298,-0.00506,0.000202
2025-01-29,3,2025-02-01,100655.9062,-0.017228,-0.029825,,,
2025-01-29,4,2025-02-02,97688.9766,-0.029919,-0.059744,,,
2025-01-29,5,2025-02-03,101405.4219,0.037338,-0.022407,5994.5698,,-0.007436
2025-01-29,6,2025-02-04,97871.8203,-0.035468,-0.057874,6037.8799,0.007199,-0.000237
2025-01-29,7,2025-02-05,96615.4453,-0.01292,-0.070794,6061.48,0.003901,0.003664
2025-01-29,8,2025-02-06,96593.2969,-0.000229,-0.071024,6083.5698,0.003638,0.007302
2025-01-29,9,2025-02-07,96529.0859,-0.000665,-0.071689,6025.9902,-0.00951,-0.002208
2025-01-29,10,2025-02-08,96482.4531,-0.000483,-0.072172,,,
2025-01-29,11,2025-02-09,96500.0938,0.000183,-0.071989,,,
2025-01-29,12,2025-02-10,97437.5547,0.009668,-0.062321,6066.4399,,0.004482
2025-01-29,13,2025-02-11,95747.4297,-0.017498,-0.079819,6068.5,0.00034,0.004822
2025-01-29,14,2025-02-12,97885.8594,0.022088,-0.057731,6051.9702,-0.002728,0.002094
2025-03-19,1,2025-03-20,84167.1953,-0.031426,-0.031426,5662.8901,-0.002187,-0.002187
2025-03-19,2,2025-03-21,84043.2422,-0.001474,-0.0329,5667.5601,0.000824,-0.001363
2025-03-19,3,2025-03-22,83832.4844,-0.002511,-0.035411,,,
2025-03-19,4,2025-03-23,86054.375,0.026159,-0.009252,,,
2025-03-19,5,2025-03-24,87498.9141,0.016647,0.007395,5767.5698,,0.016129
2025-03-19,6,2025-03-25,87471.7031,-0.000311,0.007084,5776.6499,0.001573,0.017702
2025-03-19,7,2025-03-26,86900.8828,-0.006547,0.000537,5712.2002,-0.01122,0.006483
2025-03-19,8,2025-03-27,87177.1016,0.003174,0.003711,5693.3101,-0.003312,0.00317
2025-03-19,9,2025-03-28,84353.1484,-0.03293,-0.029219,5580.9399,-0.019935,-0.016764
2025-03-19,10,2025-03-29,82597.5859,-0.021032,-0.050251,,,
2025-03-19,11,2025-03-30,82334.5234,-0.00319,-0.053441,,,
2025-03-19,12,2025-03-31,82548.9141,0.002601,-0.05084,5611.8501,,-0.011241
2025-03-19,13,2025-04-01,85169.1719,0.031249,-0.019592,5633.0698,0.003774,-0.007467
2025-03-19,14,2025-04-02,82485.7109,-0.032014,-0.051606,5670.9702,0.006706,-0.000761
2025-05-07,1,2025-05-08,103241.4609,0.062026,0.062026,5663.9399,0.005783,0.005783
2025-05-07,2,2025-05-09,102970.8516,-0.002625,0.059402,5659.9102,-0.000712,0.005071
2025-05-07,3,2025-05-10,104696.3281,0.016618,0.07602,,,
2025-05-07,4,2025-05-11,104106.3594,-0.005651,0.070369,,,
2025-05-07,5,2025-05-12,102812.9531,-0.012502,0.057867,5844.1899,,0.037111
2025-05-07,6,2025-05-13,104169.8125,0.013111,0.070978,5886.5498,0.007222,0.044333
2025-05-07,7,2025-05-14,103539.4141,-0.00607,0.064908,5892.5801,0.001024,0.045357
2025-05-07,8,2025-05-15,103744.6406,0.00198,0.066888,5916.9302,0.004124,0.049481
2025-05-07,9,2025-05-16,103489.2891,-0.002464,0.064424,5958.3799,0.006981,0.056462
2025-05-07,10,2025-05-17,103191.0859,-0.002886,0.061538,,,
2025-05-07,11,2025-05-18,106446.0078,0.031055,0.092594,,,
2025-05-07,12,2025-05-19,105606.1797,-0.007921,0.084673,5963.6001,,0.057338
2025-05-07,13,2025-05-20,106791.0859,0.011158,0.09583,5940.46,-0.003888,0.05345
2025-05-07,14,2025-05-21,109678.0781,0.026675,0.122505,5844.6099,-0.016267,0.037183
2025-06-18,1,2025-06-19,104684.2891,-0.0019,-0.0019,,,
2025-06-18,2,2025-06-20,103309.6016,-0.013219,-0.015118,5967.8398,,-0.002181
2025-06-18,3,2025-06-21,102257.4062,-0.010237,-0.025355,,,
2025-06-18,4,2025-06-22,100987.1406,-0.0125,-0.037855,,,
2025-06-18,5,2025-06-23,105577.7734,0.044455,0.006599,6025.1699,,0.00738
2025-06-18,6,2025-06-24,106045.6328,0.004422,0.011021,6092.1802,0.01106,0.01844
2025-06-18,7,2025-06-25,107361.2578,0.01233,0.023351,6092.1602,-3e-06,0.018437
2025-06-18,8,2025-06-26,106960.0,-0.003744,0.019606,6141.02,0.007988,0.026425
2025-06-18,9,2025-06-27,107088.4297,0.0012,0.020806,6173.0698,0.005205,0.03163
2025-06-18,10,2025-06-28,107327.7031,0.002232,0.023038,,,
2025-06-18,11,2025-06-29,108385.5703,0.009808,0.032846,,,
2025-06-18,12,2025-06-30,107135.3359,-0.011602,0.021244,6204.9502,,0.036781
2025-06-18,13,2025-07-01,105698.2812,-0.013504,0.00774,6198.0098,-0.001119,0.035662
2025-06-18,14,2025-07-02,108859.3203,0.029468,0.037208,6227.4199,0.004734,0.040396
2025-07-30,1,2025-07-31,115758.2031,-0.017749,-0.017749,6339.3901,-0.003702,-0.003702
2025-07-30,2,2025-08-01,113320.0859,-0.021287,-0.039037,6238.0098,-0.016121,-0.019823
2025-07-30,3,2025-08-02,112526.9141,-0.007024,-0.046061,,,
2025-07-30,4,2025-08-03,114217.6719,0.014914,-0.031147,,,
2025-07-30,5,2025-08-04,115071.8828,0.007451,-0.023696,6329.9399,,-0.005193
2025-07-30,6,2025-08-05,114141.4453,-0.008119,-0.031815,6299.1899,-0.00487,-0.010063
2025-07-30,7,2025-08-06,115028.0,0.007737,-0.024077,6345.0601,0.007256,-0.002808
2025-07-30,8,2025-08-07,117496.8984,0.021236,-0.002841,6340.0,-0.000798,-0.003605
2025-07-30,9,2025-08-08,116688.7266,-0.006902,-0.009743,6389.4502,0.007769,0.004164
2025-07-30,10,2025-08-09,116500.3594,-0.001616,-0.011359,,,
2025-07-30,11,2025-08-10,119306.7578,0.023804,0.012445,,,
2025-07-30,12,2025-08-11,118731.4453,-0.004834,0.007611,6373.4502,,0.001657
2025-07-30,13,2025-08-12,120172.9062,0.012067,0.019679,6445.7598,0.011282,0.012938
2025-07-30,14,2025-08-13,123344.0625,0.026046,0.045725,6466.5801,0.003225,0.016163
2025-09-17,1,2025-09-18,117137.2031,0.005725,0.005725,6631.96,0.004778,0.004778
2025-09-17,2,2025-09-19,115688.8594,-0.012442,-0.006717,6664.3599,0.004874,0.009651
2025-09-17,3,2025-09-20,115721.9609,0.000286,-0.00643,,,
2025-09-17,4,2025-09-21,115306.0938,-0.0036,-0.010031,,,
2025-09-17,5,2025-09-22,112748.5078,-0.022431,-0.032461,6693.75,,0.014052
2025-09-17,6,2025-09-23,112014.5,-0.006531,-0.038993,6656.9199,-0.005517,0.008534
2025-09-17,7,2025-09-24,113328.6328,0.011664,-0.027329,6637.9702,-0.002851,0.005684
2025-09-17,8,2025-09-25,109049.2891,-0.038492,-0.065821,6604.7202,-0.005022,0.000662
2025-09-17,9,2025-09-26,109712.8281,0.006066,-0.059755,6643.7002,0.005884,0.006546
2025-09-17,10,2025-09-27,109681.9453,-0.000282,-0.060036,,,
2025-09-17,11,2025-09-28,112122.6406,0.022009,-0.038028,,,
2025-09-17,12,2025-09-29,114400.3828,0.020111,-0.017916,6661.21,,0.009178
2025-09-17,13,2025-09-30,114056.0859,-0.003014,-0.020931,6688.46,0.004083,0.013261
2025-09-17,14,2025-10-01,118648.9297,0.039479,0.018548,6711.2002,0.003394,0.016655
2025-10-29,1,2025-10-30,108305.5469,-0.016027,-0.016027,6822.3398,-0.009954,-0.009954
2025-10-29,2,2025-10-31,109556.1641,0.011481,-0.004546,6840.2002,0.002615,-0.00734
2025-10-29,3,2025-11-01,110064.0156,0.004625,7.9e-05,,,
2025-10-29,4,2025-11-02,110639.625,0.005216,0.005295,,,
2025-10-29,5,2025-11-03,106547.5234,-0.037687,-0.032392,6851.9702,,-0.00562
2025-10-29,6,2025-11-04,101590.5234,-0.047641,-0.080033,6771.5498,-0.011806,-0.017427
2025-10-29,7,2025-11-05,103891.8359,0.0224,-0.057633,6796.29,0.003647,-0.01378
2025-10-29,8,2025-11-06,101301.2891,-0.025251,-0.082884,6720.3198,-0.011241,-0.025021
2025-10-29,9,2025-11-07,103372.4062,0.020239,-0.062645,6728.7998,0.001261,-0.02376
2025-10-29,10,2025-11-08,102282.1172,-0.010603,-0.073248,,,
2025-10-29,11,2025-11-09,104719.6406,0.023552,-0.049696,,,
2025-10-29,12,2025-11-10,105996.5938,0.01212,-0.037576,6832.4302,,-0.008476
2025-10-29,13,2025-11-11,102997.4688,-0.028703,-0.066279,6846.6099,0.002073,-0.006403
2025-10-29,14,2025-11-12,101663.1875,-0.013039,-0.079318,6850.9199,0.000629,-0.005774
2025-12-10,1,2025-12-11,92511.3359,0.005315,0.005315,6901.0,0.002077,0.002077
2025-12-10,2,2025-12-12,90270.4141,-0.024521,-0.019206,6827.4102,-0.010721,-0.008644
2025-12-10,3,2025-12-13,90298.7109,0.000313,-0.018893,,,
2025-12-10,4,2025-12-14,88175.1797,-0.023798,-0.042691,,,
2025-12-10,5,2025-12-15,86419.7812,-0.020109,-0.0628,6816.5098,,-0.010242
2025-12-10,6,2025-12-16,87843.9844,0.016346,-0.046454,6800.2598,-0.002387,-0.012628
2025-12-10,7,2025-12-17,86143.7578,-0.019545,-0.065999,6721.4302,-0.01166,-0.024288
2025-12-10,8,2025-12-18,85462.5078,-0.00794,-0.073938,6774.7598,0.007903,-0.016385
2025-12-10,9,2025-12-19,88103.3828,0.030433,-0.043505,6834.5,0.008779,-0.007606
2025-12-10,10,2025-12-20,88344.0,0.002727,-0.040778,,,
2025-12-10,11,2025-12-21,88621.75,0.003139,-0.037639,,,
2025-12-10,12,2025-12-22,88490.0156,-0.001488,-0.039126,6878.4902,,-0.00119
2025-12-10,13,2025-12-23,87414.0,-0.012234,-0.051361,6909.79,0.00454,0.00335
2025-12-10,14,2025-12-24,87611.9609,0.002262,-0.049099,6932.0498,0.003216,0.006566
